#
# There is insufficient memory for the Java Runtime Environment to continue.
# Native memory allocation (mmap) failed to map 859832320 bytes. Error detail: G1 virtual space
# Possible reasons:
#   The system is out of physical RAM or swap space
#   This process is running with CompressedOops enabled, and the Java Heap may be blocking the growth of the native heap
# Possible solutions:
#   Reduce memory load on the system
#   Increase physical memory or swap space
#   Check if swap backing store is full
#   Decrease Java heap size (-Xmx/-Xms)
#   Decrease number of Java threads
#   Decrease Java thread stack sizes (-Xss)
#   Set larger code cache with -XX:ReservedCodeCacheSize=
#   JVM is running with Zero Based Compressed Oops mode in which the Java heap is
#     placed in the first 32GB address space. The Java Heap base address is the
#     maximum limit for the native heap growth. Please use -XX:HeapBaseMinAddress
#     to set the Java Heap base and to place the Java Heap above 32GB virtual address.
# This output file may be truncated or incomplete.
#
#  Out of Memory Error (os_windows.cpp:3926), pid=3884, tid=9708
#
# JRE version: OpenJDK Runtime Environment (21.0.10) (build 21.0.10+-14961533-b1163.108)
# Java VM: OpenJDK 64-Bit Server VM (21.0.10+-14961533-b1163.108, mixed mode, tiered, compressed oops, compressed class ptrs, g1 gc, windows-amd64)
# No core dump will be written. Minidumps are not enabled by default on client versions of Windows
#

---------------  S U M M A R Y ------------

Command Line: --add-opens=java.base/java.lang=ALL-UNNAMED --add-opens=java.base/java.lang.invoke=ALL-UNNAMED --add-opens=java.base/java.util=ALL-UNNAMED --add-opens=java.prefs/java.util.prefs=ALL-UNNAMED --add-exports=jdk.compiler/com.sun.tools.javac.api=ALL-UNNAMED --add-exports=jdk.compiler/com.sun.tools.javac.util=ALL-UNNAMED --add-opens=java.base/java.util=ALL-UNNAMED --add-opens=java.prefs/java.util.prefs=ALL-UNNAMED --add-opens=java.base/java.nio.charset=ALL-UNNAMED --add-opens=java.base/java.net=ALL-UNNAMED --add-opens=java.base/java.util.concurrent.atomic=ALL-UNNAMED --add-opens=java.xml/javax.xml.namespace=ALL-UNNAMED -XX:MaxMetaspaceSize=1g -XX:+HeapDumpOnOutOfMemoryError -XX:+UseG1GC -Xms1g -Xmx6g -Dfile.encoding=UTF-8 -Duser.country=US -Duser.language=en -Duser.variant -javaagent:C:\Users\asusp\.gradle\wrapper\dists\gradle-8.14.3-bin\cv11ve7ro1n3o1j4so8xd9n66\gradle-8.14.3\lib\agents\gradle-instrumentation-agent-8.14.3.jar org.gradle.launcher.daemon.bootstrap.GradleDaemon 8.14.3

Host: Intel(R) Core(TM) i5-9400F CPU @ 2.90GHz, 6 cores, 15G,  Windows 11 , 64 bit Build 26100 (10.0.26100.7019)
Time: Tue Apr 28 10:07:05 2026 Iran Standard Time elapsed time: 22.582298 seconds (0d 0h 0m 22s)

---------------  T H R E A D  ---------------

Current thread (0x000001e0ee9960f0):  VMThread "VM Thread"          [id=9708, stack(0x0000009119200000,0x0000009119300000) (1024K)]

Stack: [0x0000009119200000,0x0000009119300000]
Native frames: (J=compiled Java code, j=interpreted, Vv=VM code, C=native code)
V  [jvm.dll+0x6d78a9]
V  [jvm.dll+0x8665b3]
V  [jvm.dll+0x868bde]
V  [jvm.dll+0x8692c3]
V  [jvm.dll+0x280ee6]
V  [jvm.dll+0x6d4165]
V  [jvm.dll+0x6c77fa]
V  [jvm.dll+0x358f4b]
V  [jvm.dll+0x360bc6]
V  [jvm.dll+0x3b2ea6]
V  [jvm.dll+0x3b3178]
V  [jvm.dll+0x32b65c]
V  [jvm.dll+0x32b6e7]
V  [jvm.dll+0x3715cc]
V  [jvm.dll+0x36fd7e]
V  [jvm.dll+0x32adb1]
V  [jvm.dll+0x32e7f6]
V  [jvm.dll+0x384476]
V  [jvm.dll+0x86f048]
V  [jvm.dll+0x870394]
V  [jvm.dll+0x8708d0]
V  [jvm.dll+0x870b63]
V  [jvm.dll+0x80fd28]
V  [jvm.dll+0x6d60fd]
C  [ucrtbase.dll+0x37b0]
C  [KERNEL32.DLL+0x2e8d7]
C  [ntdll.dll+0x8c53c]

VM_Operation (0x000000911a8f4810): CollectForMetadataAllocation, mode: safepoint, requested by thread 0x000001e0f567a6f0


---------------  P R O C E S S  ---------------

Threads class SMR info:
_java_thread_list=0x000001e0fe03b2f0, length=89, elements={
0x000001e0d26ca100, 0x000001e0eea98fc0, 0x000001e0eeaa8b50, 0x000001e0eeaa75f0,
0x000001e0eeac12d0, 0x000001e0eead2680, 0x000001e0eead3c50, 0x000001e0eead5220,
0x000001e0eeae4090, 0x000001e0eeae7c60, 0x000001e0f302fdf0, 0x000001e0f544cf70,
0x000001e0f553d6a0, 0x000001e0f4609f60, 0x000001e0f5677530, 0x000001e0f5441c20,
0x000001e0f5093330, 0x000001e0f567a6f0, 0x000001e0f567b410, 0x000001e0f567ad80,
0x000001e0f567baa0, 0x000001e0f567c130, 0x000001e0f567c7c0, 0x000001e0f567ce50,
0x000001e0f567a060, 0x000001e0f5878d30, 0x000001e0f5876c60, 0x000001e0f58765d0,
0x000001e0f5878010, 0x000001e0f58772f0, 0x000001e0f5875f40, 0x000001e0f587ae00,
0x000001e0f587a770, 0x000001e0f5877980, 0x000001e0f5879a50, 0x000001e0f587d560,
0x000001e0f587b490, 0x000001e0f587c840, 0x000001e0f587c1b0, 0x000001e0f587ced0,
0x000001e0f587a0e0, 0x000001e0f6855390, 0x000001e0f6856dd0, 0x000001e0f6855a20,
0x000001e0f68560b0, 0x000001e0f6856740, 0x000001e0f6857460, 0x000001e0f6857af0,
0x000001e0f6854670, 0x000001e0f6854d00, 0x000001e0f685a8e0, 0x000001e0f685a250,
0x000001e0f685b600, 0x000001e0f6858180, 0x000001e0f6858ea0, 0x000001e0f6859bc0,
0x000001e0f907ad50, 0x000001e0f9079310, 0x000001e0f90799a0, 0x000001e0f907ba70,
0x000001e0f9078c80, 0x000001e0f90785f0, 0x000001e0f907b3e0, 0x000001e0f907c100,
0x000001e0f907a6c0, 0x000001e0f907ce20, 0x000001e0f907c790, 0x000001e0f907d4b0,
0x000001e0f907a030, 0x000001e0f907e860, 0x000001e0f907eef0, 0x000001e0f907e1d0,
0x000001e0f907f580, 0x000001e0f907fc10, 0x000001e0f9bb1e50, 0x000001e0f9bb0410,
0x000001e0f9bafd80, 0x000001e0f9bb24e0, 0x000001e0f9bb3200, 0x000001e0f9bb3890,
0x000001e0f9bb3f20, 0x000001e0f9bb2b70, 0x000001e0f9bb0aa0, 0x000001e0f9bb45b0,
0x000001e0f9bb1130, 0x000001e0f9bb17c0, 0x000001e0f9bb52d0, 0x000001e0f9bb5960,
0x000001e0f404c0f0
}

Java Threads: ( => current thread )
  0x000001e0d26ca100 JavaThread "main"                              [_thread_blocked, id=3736, stack(0x0000009118b00000,0x0000009118c00000) (1024K)]
  0x000001e0eea98fc0 JavaThread "Common-Cleaner"             daemon [_thread_blocked, id=13680, stack(0x0000009119300000,0x0000009119400000) (1024K)]
  0x000001e0eeaa8b50 JavaThread "Reference Handler"          daemon [_thread_blocked, id=4952, stack(0x0000009119400000,0x0000009119500000) (1024K)]
  0x000001e0eeaa75f0 JavaThread "Finalizer"                  daemon [_thread_blocked, id=13232, stack(0x0000009119500000,0x0000009119600000) (1024K)]
  0x000001e0eeac12d0 JavaThread "Signal Dispatcher"          daemon [_thread_blocked, id=7332, stack(0x0000009119600000,0x0000009119700000) (1024K)]
  0x000001e0eead2680 JavaThread "Attach Listener"            daemon [_thread_blocked, id=11136, stack(0x0000009119700000,0x0000009119800000) (1024K)]
  0x000001e0eead3c50 JavaThread "Service Thread"             daemon [_thread_blocked, id=17148, stack(0x0000009119800000,0x0000009119900000) (1024K)]
  0x000001e0eead5220 JavaThread "Monitor Deflation Thread"   daemon [_thread_blocked, id=15592, stack(0x0000009119900000,0x0000009119a00000) (1024K)]
  0x000001e0eeae4090 JavaThread "C2 CompilerThread0"         daemon [_thread_blocked, id=16464, stack(0x0000009119a00000,0x0000009119b00000) (1024K)]
  0x000001e0eeae7c60 JavaThread "C1 CompilerThread0"         daemon [_thread_blocked, id=2812, stack(0x0000009119b00000,0x0000009119c00000) (1024K)]
  0x000001e0f302fdf0 JavaThread "Notification Thread"        daemon [_thread_blocked, id=14632, stack(0x0000009119c00000,0x0000009119d00000) (1024K)]
  0x000001e0f544cf70 JavaThread "Daemon health stats"               [_thread_blocked, id=16404, stack(0x000000911a300000,0x000000911a400000) (1024K)]
  0x000001e0f553d6a0 JavaThread "Incoming local TCP Connector on port 10476"        [_thread_in_native, id=16504, stack(0x000000911a400000,0x000000911a500000) (1024K)]
  0x000001e0f4609f60 JavaThread "Daemon periodic checks"            [_thread_blocked, id=15240, stack(0x000000911a500000,0x000000911a600000) (1024K)]
  0x000001e0f5677530 JavaThread "Daemon"                            [_thread_blocked, id=13816, stack(0x0000009119d00000,0x0000009119e00000) (1024K)]
  0x000001e0f5441c20 JavaThread "Handler for socket connection from /127.0.0.1:10476 to /127.0.0.1:10477"        [_thread_in_native, id=8944, stack(0x000000911a600000,0x000000911a700000) (1024K)]
  0x000001e0f5093330 JavaThread "Cancel handler"                    [_thread_blocked, id=1520, stack(0x000000911a700000,0x000000911a800000) (1024K)]
  0x000001e0f567a6f0 JavaThread "Daemon worker"                     [_thread_blocked, id=14904, stack(0x000000911a800000,0x000000911a900000) (1024K)]
  0x000001e0f567b410 JavaThread "Asynchronous log dispatcher for DefaultDaemonConnection: socket connection from /127.0.0.1:10476 to /127.0.0.1:10477"        [_thread_blocked, id=16156, stack(0x000000911a900000,0x000000911aa00000) (1024K)]
  0x000001e0f567ad80 JavaThread "Stdin handler"                     [_thread_blocked, id=11372, stack(0x000000911aa00000,0x000000911ab00000) (1024K)]
  0x000001e0f567baa0 JavaThread "Daemon client event forwarder"        [_thread_blocked, id=8824, stack(0x000000911ab00000,0x000000911ac00000) (1024K)]
  0x000001e0f567c130 JavaThread "Cache worker for journal cache (C:\Users\asusp\.gradle\caches\journal-1)"        [_thread_blocked, id=3504, stack(0x000000911ad00000,0x000000911ae00000) (1024K)]
  0x000001e0f567c7c0 JavaThread "File lock request listener"        [_thread_in_native, id=16564, stack(0x000000911af00000,0x000000911b000000) (1024K)]
  0x000001e0f567ce50 JavaThread "Cache worker for file hash cache (C:\Users\asusp\.gradle\caches\8.14.3\fileHashes)"        [_thread_blocked, id=14136, stack(0x000000911b000000,0x000000911b100000) (1024K)]
  0x000001e0f567a060 JavaThread "Cache worker for file hash cache (C:\Users\asusp\Downloads\Element_Project\.gradle\8.14.3\fileHashes)"        [_thread_blocked, id=9676, stack(0x000000911b100000,0x000000911b200000) (1024K)]
  0x000001e0f5878d30 JavaThread "Cache worker for Build Output Cleanup Cache (C:\Users\asusp\Downloads\Element_Project\.gradle\buildOutputCleanup)"        [_thread_blocked, id=2020, stack(0x000000911b200000,0x000000911b300000) (1024K)]
  0x000001e0f5876c60 JavaThread "File watcher server"        daemon [_thread_in_native, id=3100, stack(0x000000911b300000,0x000000911b400000) (1024K)]
  0x000001e0f58765d0 JavaThread "File watcher consumer"      daemon [_thread_blocked, id=14900, stack(0x000000911b400000,0x000000911b500000) (1024K)]
  0x000001e0f5878010 JavaThread "jar transforms"                    [_thread_blocked, id=8384, stack(0x000000911b500000,0x000000911b600000) (1024K)]
  0x000001e0f58772f0 JavaThread "jar transforms Thread 2"           [_thread_blocked, id=16668, stack(0x000000911b600000,0x000000911b700000) (1024K)]
  0x000001e0f5875f40 JavaThread "Cache worker for checksums cache (C:\Users\asusp\Downloads\Element_Project\.gradle\8.14.3\checksums)"        [_thread_blocked, id=12980, stack(0x000000911b700000,0x000000911b800000) (1024K)]
  0x000001e0f587ae00 JavaThread "Cache worker for file content cache (C:\Users\asusp\.gradle\caches\8.14.3\fileContent)"        [_thread_blocked, id=16468, stack(0x000000911b800000,0x000000911b900000) (1024K)]
  0x000001e0f587a770 JavaThread "jar transforms Thread 3"           [_thread_blocked, id=15016, stack(0x000000911b900000,0x000000911ba00000) (1024K)]
  0x000001e0f5877980 JavaThread "jar transforms Thread 4"           [_thread_blocked, id=14992, stack(0x000000911ba00000,0x000000911bb00000) (1024K)]
  0x000001e0f5879a50 JavaThread "jar transforms Thread 5"           [_thread_blocked, id=5664, stack(0x000000911bb00000,0x000000911bc00000) (1024K)]
  0x000001e0f587d560 JavaThread "Cache worker for cache directory md-supplier (C:\Users\asusp\.gradle\caches\8.14.3\md-supplier)"        [_thread_blocked, id=8268, stack(0x000000911bc00000,0x000000911bd00000) (1024K)]
  0x000001e0f587b490 JavaThread "Cache worker for cache directory md-rule (C:\Users\asusp\.gradle\caches\8.14.3\md-rule)"        [_thread_blocked, id=8380, stack(0x000000911bd00000,0x000000911be00000) (1024K)]
  0x000001e0f587c840 JavaThread "Unconstrained build operations"        [_thread_blocked, id=10440, stack(0x000000911be00000,0x000000911bf00000) (1024K)]
  0x000001e0f587c1b0 JavaThread "Unconstrained build operations Thread 2"        [_thread_blocked, id=10020, stack(0x000000911bf00000,0x000000911c000000) (1024K)]
  0x000001e0f587ced0 JavaThread "Unconstrained build operations Thread 3"        [_thread_blocked, id=15524, stack(0x000000911c000000,0x000000911c100000) (1024K)]
  0x000001e0f587a0e0 JavaThread "Unconstrained build operations Thread 4"        [_thread_blocked, id=15904, stack(0x000000911c100000,0x000000911c200000) (1024K)]
  0x000001e0f6855390 JavaThread "Unconstrained build operations Thread 5"        [_thread_blocked, id=12844, stack(0x000000911c200000,0x000000911c300000) (1024K)]
  0x000001e0f6856dd0 JavaThread "Unconstrained build operations Thread 6"        [_thread_blocked, id=13792, stack(0x000000911c300000,0x000000911c400000) (1024K)]
  0x000001e0f6855a20 JavaThread "Unconstrained build operations Thread 7"        [_thread_blocked, id=14704, stack(0x000000911c400000,0x000000911c500000) (1024K)]
  0x000001e0f68560b0 JavaThread "Unconstrained build operations Thread 8"        [_thread_blocked, id=7772, stack(0x000000911c500000,0x000000911c600000) (1024K)]
  0x000001e0f6856740 JavaThread "Unconstrained build operations Thread 9"        [_thread_blocked, id=17348, stack(0x000000911c600000,0x000000911c700000) (1024K)]
  0x000001e0f6857460 JavaThread "Unconstrained build operations Thread 10"        [_thread_blocked, id=14884, stack(0x000000911c700000,0x000000911c800000) (1024K)]
  0x000001e0f6857af0 JavaThread "jar transforms Thread 6"           [_thread_blocked, id=1568, stack(0x000000911c800000,0x000000911c900000) (1024K)]
  0x000001e0f6854670 JavaThread "Unconstrained build operations Thread 11"        [_thread_blocked, id=13860, stack(0x000000911c900000,0x000000911ca00000) (1024K)]
  0x000001e0f6854d00 JavaThread "Unconstrained build operations Thread 12"        [_thread_blocked, id=12612, stack(0x000000911ca00000,0x000000911cb00000) (1024K)]
  0x000001e0f685a8e0 JavaThread "Unconstrained build operations Thread 13"        [_thread_blocked, id=5004, stack(0x000000911cb00000,0x000000911cc00000) (1024K)]
  0x000001e0f685a250 JavaThread "Unconstrained build operations Thread 14"        [_thread_blocked, id=13812, stack(0x000000911cc00000,0x000000911cd00000) (1024K)]
  0x000001e0f685b600 JavaThread "Unconstrained build operations Thread 15"        [_thread_blocked, id=9796, stack(0x000000911cd00000,0x000000911ce00000) (1024K)]
  0x000001e0f6858180 JavaThread "Problems report writer"            [_thread_blocked, id=10648, stack(0x000000911ce00000,0x000000911cf00000) (1024K)]
  0x000001e0f6858ea0 JavaThread "Unconstrained build operations Thread 16"        [_thread_blocked, id=6488, stack(0x000000911cf00000,0x000000911d000000) (1024K)]
  0x000001e0f6859bc0 JavaThread "Unconstrained build operations Thread 17"        [_thread_blocked, id=17332, stack(0x000000911d000000,0x000000911d100000) (1024K)]
  0x000001e0f907ad50 JavaThread "Unconstrained build operations Thread 18"        [_thread_blocked, id=8788, stack(0x000000911d100000,0x000000911d200000) (1024K)]
  0x000001e0f9079310 JavaThread "Unconstrained build operations Thread 19"        [_thread_blocked, id=8104, stack(0x000000911d200000,0x000000911d300000) (1024K)]
  0x000001e0f90799a0 JavaThread "Unconstrained build operations Thread 20"        [_thread_blocked, id=8544, stack(0x000000911d300000,0x000000911d400000) (1024K)]
  0x000001e0f907ba70 JavaThread "Unconstrained build operations Thread 21"        [_thread_blocked, id=16580, stack(0x000000911d400000,0x000000911d500000) (1024K)]
  0x000001e0f9078c80 JavaThread "Unconstrained build operations Thread 22"        [_thread_blocked, id=6712, stack(0x000000911d500000,0x000000911d600000) (1024K)]
  0x000001e0f90785f0 JavaThread "Unconstrained build operations Thread 23"        [_thread_blocked, id=10188, stack(0x000000911d600000,0x000000911d700000) (1024K)]
  0x000001e0f907b3e0 JavaThread "Unconstrained build operations Thread 24"        [_thread_blocked, id=2992, stack(0x000000911d700000,0x000000911d800000) (1024K)]
  0x000001e0f907c100 JavaThread "Unconstrained build operations Thread 25"        [_thread_blocked, id=7912, stack(0x000000911d800000,0x000000911d900000) (1024K)]
  0x000001e0f907a6c0 JavaThread "Unconstrained build operations Thread 26"        [_thread_blocked, id=6272, stack(0x000000911d900000,0x000000911da00000) (1024K)]
  0x000001e0f907ce20 JavaThread "Unconstrained build operations Thread 27"        [_thread_blocked, id=17136, stack(0x000000911da00000,0x000000911db00000) (1024K)]
  0x000001e0f907c790 JavaThread "Unconstrained build operations Thread 28"        [_thread_blocked, id=17236, stack(0x000000911db00000,0x000000911dc00000) (1024K)]
  0x000001e0f907d4b0 JavaThread "Unconstrained build operations Thread 29"        [_thread_blocked, id=856, stack(0x000000911dc00000,0x000000911dd00000) (1024K)]
  0x000001e0f907a030 JavaThread "Unconstrained build operations Thread 30"        [_thread_blocked, id=5012, stack(0x000000911dd00000,0x000000911de00000) (1024K)]
  0x000001e0f907e860 JavaThread "build event listener"              [_thread_blocked, id=16188, stack(0x000000911de00000,0x000000911df00000) (1024K)]
  0x000001e0f907eef0 JavaThread "Unconstrained build operations Thread 31"        [_thread_blocked, id=14848, stack(0x000000911df00000,0x000000911e000000) (1024K)]
  0x000001e0f907e1d0 JavaThread "Unconstrained build operations Thread 32"        [_thread_blocked, id=17192, stack(0x000000911e000000,0x000000911e100000) (1024K)]
  0x000001e0f907f580 JavaThread "Unconstrained build operations Thread 33"        [_thread_blocked, id=12168, stack(0x000000911e100000,0x000000911e200000) (1024K)]
  0x000001e0f907fc10 JavaThread "Unconstrained build operations Thread 34"        [_thread_blocked, id=9568, stack(0x000000911e200000,0x000000911e300000) (1024K)]
  0x000001e0f9bb1e50 JavaThread "Unconstrained build operations Thread 35"        [_thread_blocked, id=9196, stack(0x000000911e300000,0x000000911e400000) (1024K)]
  0x000001e0f9bb0410 JavaThread "Unconstrained build operations Thread 36"        [_thread_blocked, id=12732, stack(0x000000911e400000,0x000000911e500000) (1024K)]
  0x000001e0f9bafd80 JavaThread "Unconstrained build operations Thread 37"        [_thread_blocked, id=10352, stack(0x000000911e500000,0x000000911e600000) (1024K)]
  0x000001e0f9bb24e0 JavaThread "Unconstrained build operations Thread 38"        [_thread_blocked, id=13308, stack(0x000000911e600000,0x000000911e700000) (1024K)]
  0x000001e0f9bb3200 JavaThread "Unconstrained build operations Thread 39"        [_thread_blocked, id=16836, stack(0x000000911e700000,0x000000911e800000) (1024K)]
  0x000001e0f9bb3890 JavaThread "Unconstrained build operations Thread 40"        [_thread_blocked, id=8916, stack(0x000000911e800000,0x000000911e900000) (1024K)]
  0x000001e0f9bb3f20 JavaThread "Unconstrained build operations Thread 41"        [_thread_blocked, id=12296, stack(0x000000911e900000,0x000000911ea00000) (1024K)]
  0x000001e0f9bb2b70 JavaThread "Unconstrained build operations Thread 42"        [_thread_blocked, id=16568, stack(0x000000911ea00000,0x000000911eb00000) (1024K)]
  0x000001e0f9bb0aa0 JavaThread "Unconstrained build operations Thread 43"        [_thread_blocked, id=15488, stack(0x000000911eb00000,0x000000911ec00000) (1024K)]
  0x000001e0f9bb45b0 JavaThread "Unconstrained build operations Thread 44"        [_thread_blocked, id=13732, stack(0x000000911ec00000,0x000000911ed00000) (1024K)]
  0x000001e0f9bb1130 JavaThread "Unconstrained build operations Thread 45"        [_thread_blocked, id=15644, stack(0x000000911ed00000,0x000000911ee00000) (1024K)]
  0x000001e0f9bb17c0 JavaThread "build event listener"              [_thread_blocked, id=3340, stack(0x000000911ee00000,0x000000911ef00000) (1024K)]
  0x000001e0f9bb52d0 JavaThread "Memory manager"                    [_thread_blocked, id=16532, stack(0x000000911ef00000,0x000000911f000000) (1024K)]
  0x000001e0f9bb5960 JavaThread "build event listener"              [_thread_blocked, id=16984, stack(0x000000911ae00000,0x000000911af00000) (1024K)]
  0x000001e0f404c0f0 JavaThread "C2 CompilerThread1"         daemon [_thread_blocked, id=14740, stack(0x000000911f000000,0x000000911f100000) (1024K)]
Total: 89

Other Threads:
=>0x000001e0ee9960f0 VMThread "VM Thread"                           [id=9708, stack(0x0000009119200000,0x0000009119300000) (1024K)]
  0x000001e0eea219e0 WatcherThread "VM Periodic Task Thread"        [id=3556, stack(0x0000009119100000,0x0000009119200000) (1024K)]
  0x000001e0d274f5a0 WorkerThread "GC Thread#0"                     [id=6244, stack(0x0000009118c00000,0x0000009118d00000) (1024K)]
  0x000001e0f34f9740 WorkerThread "GC Thread#1"                     [id=1476, stack(0x0000009119e00000,0x0000009119f00000) (1024K)]
  0x000001e0f3a29f10 WorkerThread "GC Thread#2"                     [id=13984, stack(0x0000009119f00000,0x000000911a000000) (1024K)]
  0x000001e0f3a2a2c0 WorkerThread "GC Thread#3"                     [id=2300, stack(0x000000911a000000,0x000000911a100000) (1024K)]
  0x000001e0f3b19c20 WorkerThread "GC Thread#4"                     [id=12556, stack(0x000000911a100000,0x000000911a200000) (1024K)]
  0x000001e0f32ec590 WorkerThread "GC Thread#5"                     [id=15740, stack(0x000000911a200000,0x000000911a300000) (1024K)]
  0x000001e0d275ccb0 ConcurrentGCThread "G1 Main Marker"            [id=11896, stack(0x0000009118d00000,0x0000009118e00000) (1024K)]
  0x000001e0d275e510 WorkerThread "G1 Conc#0"                       [id=2832, stack(0x0000009118e00000,0x0000009118f00000) (1024K)]
  0x000001e0f3f0a6f0 WorkerThread "G1 Conc#1"                       [id=12592, stack(0x000000911ac00000,0x000000911ad00000) (1024K)]
  0x000001e0ee893240 ConcurrentGCThread "G1 Refine#0"               [id=14780, stack(0x0000009118f00000,0x0000009119000000) (1024K)]
  0x000001e0ee893bd0 ConcurrentGCThread "G1 Service"                [id=12516, stack(0x0000009119000000,0x0000009119100000) (1024K)]
Total: 13

Threads with active compile tasks:
Total: 0

VM state: at safepoint (normal execution)

VM Mutex/Monitor currently owned by a thread:  ([mutex/lock_event])
[0x00007fff515b86d0] Threads_lock - owner thread: 0x000001e0ee9960f0
[0x00007fff515b87d0] Heap_lock - owner thread: 0x000001e0f567a6f0

Heap address: 0x0000000680000000, size: 6144 MB, Compressed Oops mode: Zero based, Oop shift amount: 3

CDS archive(s) not mapped
Compressed class space mapped at: 0x0000000800000000-0x0000000834000000, reserved size: 872415232
Narrow klass base: 0x0000000800000000, Narrow klass shift: 0, Narrow klass range: 0x34000000

GC Precious Log:
 CardTable entry size: 512
 Card Set container configuration: InlinePtr #cards 4 size 8 Array Of Cards #cards 32 size 80 Howl #buckets 8 coarsen threshold 7372 Howl Bitmap #cards 1024 size 144 coarsen threshold 921 Card regions per heap region 1 cards per card region 8192
 CPUs: 6 total, 6 available
 Memory: 16291M
 Large Page Support: Disabled
 NUMA Support: Disabled
 Compressed Oops: Enabled (Zero based)
 Heap Region Size: 4M
 Heap Min Capacity: 1G
 Heap Initial Capacity: 1G
 Heap Max Capacity: 6G
 Pre-touch: Disabled
 Parallel Workers: 6
 Concurrent Workers: 2
 Concurrent Refinement Workers: 6
 Periodic GC: Disabled

Heap:
 garbage-first heap   total 1048576K, used 139044K [0x0000000680000000, 0x0000000800000000)
  region size 4096K, 5 young (20480K), 5 survivors (20480K)
 Metaspace       used 98392K, committed 100416K, reserved 983040K
  class space    used 13462K, committed 14464K, reserved 851968K

Heap Regions: E=young(eden), S=young(survivor), O=old, HS=humongous(starts), HC=humongous(continues), CS=collection set, F=free, TAMS=top-at-mark-start, PB=parsable bottom
|   0|0x0000000680000000, 0x0000000680400000, 0x0000000680400000|100%|HS|  |TAMS 0x0000000680400000| PB 0x0000000680000000| Complete 
|   1|0x0000000680400000, 0x0000000680800000, 0x0000000680800000|100%| O|  |TAMS 0x0000000680800000| PB 0x0000000680400000| Untracked 
|   2|0x0000000680800000, 0x0000000680c00000, 0x0000000680c00000|100%| O|  |TAMS 0x0000000680c00000| PB 0x0000000680800000| Untracked 
|   3|0x0000000680c00000, 0x0000000681000000, 0x0000000681000000|100%| O|  |TAMS 0x0000000681000000| PB 0x0000000680c00000| Untracked 
|   4|0x0000000681000000, 0x0000000681400000, 0x0000000681400000|100%| O|  |TAMS 0x0000000681400000| PB 0x0000000681000000| Untracked 
|   5|0x0000000681400000, 0x0000000681800000, 0x0000000681800000|100%|HS|  |TAMS 0x0000000681800000| PB 0x0000000681400000| Complete 
|   6|0x0000000681800000, 0x0000000681c00000, 0x0000000681c00000|100%|HS|  |TAMS 0x0000000681c00000| PB 0x0000000681800000| Complete 
|   7|0x0000000681c00000, 0x0000000682000000, 0x0000000682000000|100%|HC|  |TAMS 0x0000000682000000| PB 0x0000000681c00000| Complete 
|   8|0x0000000682000000, 0x0000000682400000, 0x0000000682400000|100%|HS|  |TAMS 0x0000000682400000| PB 0x0000000682000000| Complete 
|   9|0x0000000682400000, 0x0000000682800000, 0x0000000682800000|100%| O|  |TAMS 0x0000000682800000| PB 0x0000000682400000| Untracked 
|  10|0x0000000682800000, 0x0000000682c00000, 0x0000000682c00000|100%| O|  |TAMS 0x0000000682c00000| PB 0x0000000682800000| Untracked 
|  11|0x0000000682c00000, 0x0000000683000000, 0x0000000683000000|100%| O|  |TAMS 0x0000000683000000| PB 0x0000000682c00000| Untracked 
|  12|0x0000000683000000, 0x0000000683400000, 0x0000000683400000|100%| O|  |TAMS 0x0000000683400000| PB 0x0000000683000000| Untracked 
|  13|0x0000000683400000, 0x0000000683800000, 0x0000000683800000|100%| O|  |TAMS 0x0000000683800000| PB 0x0000000683400000| Untracked 
|  14|0x0000000683800000, 0x0000000683c00000, 0x0000000683c00000|100%| O|  |TAMS 0x0000000683c00000| PB 0x0000000683800000| Untracked 
|  15|0x0000000683c00000, 0x0000000684000000, 0x0000000684000000|100%| O|  |TAMS 0x0000000684000000| PB 0x0000000683c00000| Untracked 
|  16|0x0000000684000000, 0x0000000684400000, 0x0000000684400000|100%| O|  |TAMS 0x0000000684400000| PB 0x0000000684000000| Untracked 
|  17|0x0000000684400000, 0x0000000684800000, 0x0000000684800000|100%| O|  |TAMS 0x0000000684800000| PB 0x0000000684400000| Untracked 
|  18|0x0000000684800000, 0x0000000684c00000, 0x0000000684c00000|100%| O|  |TAMS 0x0000000684c00000| PB 0x0000000684800000| Untracked 
|  19|0x0000000684c00000, 0x0000000685000000, 0x0000000685000000|100%| O|  |TAMS 0x0000000685000000| PB 0x0000000684c00000| Untracked 
|  20|0x0000000685000000, 0x0000000685400000, 0x0000000685400000|100%| O|  |TAMS 0x0000000685400000| PB 0x0000000685000000| Untracked 
|  21|0x0000000685400000, 0x0000000685800000, 0x0000000685800000|100%| O|  |TAMS 0x0000000685800000| PB 0x0000000685400000| Untracked 
|  22|0x0000000685800000, 0x0000000685c00000, 0x0000000685c00000|100%| O|  |TAMS 0x0000000685c00000| PB 0x0000000685800000| Untracked 
|  23|0x0000000685c00000, 0x0000000686000000, 0x0000000686000000|100%| O|  |TAMS 0x0000000686000000| PB 0x0000000685c00000| Untracked 
|  24|0x0000000686000000, 0x0000000686400000, 0x0000000686400000|100%| O|  |TAMS 0x0000000686400000| PB 0x0000000686000000| Untracked 
|  25|0x0000000686400000, 0x0000000686800000, 0x0000000686800000|100%| O|  |TAMS 0x0000000686800000| PB 0x0000000686400000| Untracked 
|  26|0x0000000686800000, 0x0000000686c00000, 0x0000000686c00000|100%| O|  |TAMS 0x0000000686c00000| PB 0x0000000686800000| Untracked 
|  27|0x0000000686c00000, 0x0000000686fc92b8, 0x0000000687000000| 94%| O|  |TAMS 0x0000000686fc92b8| PB 0x0000000686c00000| Untracked 
|  28|0x0000000687000000, 0x0000000687400000, 0x0000000687400000|100%|HS|  |TAMS 0x0000000687400000| PB 0x0000000687000000| Complete 
|  29|0x0000000687400000, 0x0000000687400000, 0x0000000687800000|  0%| F|  |TAMS 0x0000000687400000| PB 0x0000000687400000| Untracked 
|  30|0x0000000687800000, 0x0000000687800000, 0x0000000687c00000|  0%| F|  |TAMS 0x0000000687800000| PB 0x0000000687800000| Untracked 
|  31|0x0000000687c00000, 0x0000000687c00000, 0x0000000688000000|  0%| F|  |TAMS 0x0000000687c00000| PB 0x0000000687c00000| Untracked 
|  32|0x0000000688000000, 0x0000000688000000, 0x0000000688400000|  0%| F|  |TAMS 0x0000000688000000| PB 0x0000000688000000| Untracked 
|  33|0x0000000688400000, 0x0000000688400000, 0x0000000688800000|  0%| F|  |TAMS 0x0000000688400000| PB 0x0000000688400000| Untracked 
|  34|0x0000000688800000, 0x0000000688800000, 0x0000000688c00000|  0%| F|  |TAMS 0x0000000688800000| PB 0x0000000688800000| Untracked 
|  35|0x0000000688c00000, 0x0000000688c00000, 0x0000000689000000|  0%| F|  |TAMS 0x0000000688c00000| PB 0x0000000688c00000| Untracked 
|  36|0x0000000689000000, 0x0000000689000000, 0x0000000689400000|  0%| F|  |TAMS 0x0000000689000000| PB 0x0000000689000000| Untracked 
|  37|0x0000000689400000, 0x0000000689400000, 0x0000000689800000|  0%| F|  |TAMS 0x0000000689400000| PB 0x0000000689400000| Untracked 
|  38|0x0000000689800000, 0x0000000689800000, 0x0000000689c00000|  0%| F|  |TAMS 0x0000000689800000| PB 0x0000000689800000| Untracked 
|  39|0x0000000689c00000, 0x0000000689c00000, 0x000000068a000000|  0%| F|  |TAMS 0x0000000689c00000| PB 0x0000000689c00000| Untracked 
|  40|0x000000068a000000, 0x000000068a000000, 0x000000068a400000|  0%| F|  |TAMS 0x000000068a000000| PB 0x000000068a000000| Untracked 
|  41|0x000000068a400000, 0x000000068a400000, 0x000000068a800000|  0%| F|  |TAMS 0x000000068a400000| PB 0x000000068a400000| Untracked 
|  42|0x000000068a800000, 0x000000068a800000, 0x000000068ac00000|  0%| F|  |TAMS 0x000000068a800000| PB 0x000000068a800000| Untracked 
|  43|0x000000068ac00000, 0x000000068ac00000, 0x000000068b000000|  0%| F|  |TAMS 0x000000068ac00000| PB 0x000000068ac00000| Untracked 
|  44|0x000000068b000000, 0x000000068b000000, 0x000000068b400000|  0%| F|  |TAMS 0x000000068b000000| PB 0x000000068b000000| Untracked 
|  45|0x000000068b400000, 0x000000068b400000, 0x000000068b800000|  0%| F|  |TAMS 0x000000068b400000| PB 0x000000068b400000| Untracked 
|  46|0x000000068b800000, 0x000000068b800000, 0x000000068bc00000|  0%| F|  |TAMS 0x000000068b800000| PB 0x000000068b800000| Untracked 
|  47|0x000000068bc00000, 0x000000068bc00000, 0x000000068c000000|  0%| F|  |TAMS 0x000000068bc00000| PB 0x000000068bc00000| Untracked 
|  48|0x000000068c000000, 0x000000068c000000, 0x000000068c400000|  0%| F|  |TAMS 0x000000068c000000| PB 0x000000068c000000| Untracked 
|  49|0x000000068c400000, 0x000000068c400000, 0x000000068c800000|  0%| F|  |TAMS 0x000000068c400000| PB 0x000000068c400000| Untracked 
|  50|0x000000068c800000, 0x000000068c800000, 0x000000068cc00000|  0%| F|  |TAMS 0x000000068c800000| PB 0x000000068c800000| Untracked 
|  51|0x000000068cc00000, 0x000000068cc00000, 0x000000068d000000|  0%| F|  |TAMS 0x000000068cc00000| PB 0x000000068cc00000| Untracked 
|  52|0x000000068d000000, 0x000000068d000000, 0x000000068d400000|  0%| F|  |TAMS 0x000000068d000000| PB 0x000000068d000000| Untracked 
|  53|0x000000068d400000, 0x000000068d400000, 0x000000068d800000|  0%| F|  |TAMS 0x000000068d400000| PB 0x000000068d400000| Untracked 
|  54|0x000000068d800000, 0x000000068d800000, 0x000000068dc00000|  0%| F|  |TAMS 0x000000068d800000| PB 0x000000068d800000| Untracked 
|  55|0x000000068dc00000, 0x000000068dc00000, 0x000000068e000000|  0%| F|  |TAMS 0x000000068dc00000| PB 0x000000068dc00000| Untracked 
|  56|0x000000068e000000, 0x000000068e000000, 0x000000068e400000|  0%| F|  |TAMS 0x000000068e000000| PB 0x000000068e000000| Untracked 
|  57|0x000000068e400000, 0x000000068e400000, 0x000000068e800000|  0%| F|  |TAMS 0x000000068e400000| PB 0x000000068e400000| Untracked 
|  58|0x000000068e800000, 0x000000068e800000, 0x000000068ec00000|  0%| F|  |TAMS 0x000000068e800000| PB 0x000000068e800000| Untracked 
|  59|0x000000068ec00000, 0x000000068ec00000, 0x000000068f000000|  0%| F|  |TAMS 0x000000068ec00000| PB 0x000000068ec00000| Untracked 
|  60|0x000000068f000000, 0x000000068f000000, 0x000000068f400000|  0%| F|  |TAMS 0x000000068f000000| PB 0x000000068f000000| Untracked 
|  61|0x000000068f400000, 0x000000068f400000, 0x000000068f800000|  0%| F|  |TAMS 0x000000068f400000| PB 0x000000068f400000| Untracked 
|  62|0x000000068f800000, 0x000000068f800000, 0x000000068fc00000|  0%| F|  |TAMS 0x000000068f800000| PB 0x000000068f800000| Untracked 
|  63|0x000000068fc00000, 0x000000068fc00000, 0x0000000690000000|  0%| F|  |TAMS 0x000000068fc00000| PB 0x000000068fc00000| Untracked 
|  64|0x0000000690000000, 0x0000000690000000, 0x0000000690400000|  0%| F|  |TAMS 0x0000000690000000| PB 0x0000000690000000| Untracked 
|  65|0x0000000690400000, 0x0000000690400000, 0x0000000690800000|  0%| F|  |TAMS 0x0000000690400000| PB 0x0000000690400000| Untracked 
|  66|0x0000000690800000, 0x0000000690800000, 0x0000000690c00000|  0%| F|  |TAMS 0x0000000690800000| PB 0x0000000690800000| Untracked 
|  67|0x0000000690c00000, 0x0000000690c00000, 0x0000000691000000|  0%| F|  |TAMS 0x0000000690c00000| PB 0x0000000690c00000| Untracked 
|  68|0x0000000691000000, 0x0000000691000000, 0x0000000691400000|  0%| F|  |TAMS 0x0000000691000000| PB 0x0000000691000000| Untracked 
|  69|0x0000000691400000, 0x0000000691400000, 0x0000000691800000|  0%| F|  |TAMS 0x0000000691400000| PB 0x0000000691400000| Untracked 
|  70|0x0000000691800000, 0x0000000691800000, 0x0000000691c00000|  0%| F|  |TAMS 0x0000000691800000| PB 0x0000000691800000| Untracked 
|  71|0x0000000691c00000, 0x0000000691c00000, 0x0000000692000000|  0%| F|  |TAMS 0x0000000691c00000| PB 0x0000000691c00000| Untracked 
|  72|0x0000000692000000, 0x0000000692000000, 0x0000000692400000|  0%| F|  |TAMS 0x0000000692000000| PB 0x0000000692000000| Untracked 
|  73|0x0000000692400000, 0x0000000692400000, 0x0000000692800000|  0%| F|  |TAMS 0x0000000692400000| PB 0x0000000692400000| Untracked 
|  74|0x0000000692800000, 0x0000000692800000, 0x0000000692c00000|  0%| F|  |TAMS 0x0000000692800000| PB 0x0000000692800000| Untracked 
|  75|0x0000000692c00000, 0x0000000692c00000, 0x0000000693000000|  0%| F|  |TAMS 0x0000000692c00000| PB 0x0000000692c00000| Untracked 
|  76|0x0000000693000000, 0x0000000693000000, 0x0000000693400000|  0%| F|  |TAMS 0x0000000693000000| PB 0x0000000693000000| Untracked 
|  77|0x0000000693400000, 0x0000000693400000, 0x0000000693800000|  0%| F|  |TAMS 0x0000000693400000| PB 0x0000000693400000| Untracked 
|  78|0x0000000693800000, 0x0000000693800000, 0x0000000693c00000|  0%| F|  |TAMS 0x0000000693800000| PB 0x0000000693800000| Untracked 
|  79|0x0000000693c00000, 0x0000000693c00000, 0x0000000694000000|  0%| F|  |TAMS 0x0000000693c00000| PB 0x0000000693c00000| Untracked 
|  80|0x0000000694000000, 0x0000000694000000, 0x0000000694400000|  0%| F|  |TAMS 0x0000000694000000| PB 0x0000000694000000| Untracked 
|  81|0x0000000694400000, 0x0000000694400000, 0x0000000694800000|  0%| F|  |TAMS 0x0000000694400000| PB 0x0000000694400000| Untracked 
|  82|0x0000000694800000, 0x0000000694800000, 0x0000000694c00000|  0%| F|  |TAMS 0x0000000694800000| PB 0x0000000694800000| Untracked 
|  83|0x0000000694c00000, 0x0000000694c00000, 0x0000000695000000|  0%| F|  |TAMS 0x0000000694c00000| PB 0x0000000694c00000| Untracked 
|  84|0x0000000695000000, 0x0000000695000000, 0x0000000695400000|  0%| F|  |TAMS 0x0000000695000000| PB 0x0000000695000000| Untracked 
|  85|0x0000000695400000, 0x0000000695400000, 0x0000000695800000|  0%| F|  |TAMS 0x0000000695400000| PB 0x0000000695400000| Untracked 
|  86|0x0000000695800000, 0x0000000695800000, 0x0000000695c00000|  0%| F|  |TAMS 0x0000000695800000| PB 0x0000000695800000| Untracked 
|  87|0x0000000695c00000, 0x0000000695c00000, 0x0000000696000000|  0%| F|  |TAMS 0x0000000695c00000| PB 0x0000000695c00000| Untracked 
|  88|0x0000000696000000, 0x0000000696000000, 0x0000000696400000|  0%| F|  |TAMS 0x0000000696000000| PB 0x0000000696000000| Untracked 
|  89|0x0000000696400000, 0x0000000696400000, 0x0000000696800000|  0%| F|  |TAMS 0x0000000696400000| PB 0x0000000696400000| Untracked 
|  90|0x0000000696800000, 0x0000000696800000, 0x0000000696c00000|  0%| F|  |TAMS 0x0000000696800000| PB 0x0000000696800000| Untracked 
|  91|0x0000000696c00000, 0x0000000696c00000, 0x0000000697000000|  0%| F|  |TAMS 0x0000000696c00000| PB 0x0000000696c00000| Untracked 
|  92|0x0000000697000000, 0x0000000697000000, 0x0000000697400000|  0%| F|  |TAMS 0x0000000697000000| PB 0x0000000697000000| Untracked 
|  93|0x0000000697400000, 0x0000000697400000, 0x0000000697800000|  0%| F|  |TAMS 0x0000000697400000| PB 0x0000000697400000| Untracked 
|  94|0x0000000697800000, 0x0000000697800000, 0x0000000697c00000|  0%| F|  |TAMS 0x0000000697800000| PB 0x0000000697800000| Untracked 
|  95|0x0000000697c00000, 0x0000000697c00000, 0x0000000698000000|  0%| F|  |TAMS 0x0000000697c00000| PB 0x0000000697c00000| Untracked 
|  96|0x0000000698000000, 0x0000000698000000, 0x0000000698400000|  0%| F|  |TAMS 0x0000000698000000| PB 0x0000000698000000| Untracked 
|  97|0x0000000698400000, 0x0000000698400000, 0x0000000698800000|  0%| F|  |TAMS 0x0000000698400000| PB 0x0000000698400000| Untracked 
|  98|0x0000000698800000, 0x0000000698800000, 0x0000000698c00000|  0%| F|  |TAMS 0x0000000698800000| PB 0x0000000698800000| Untracked 
|  99|0x0000000698c00000, 0x0000000698c00000, 0x0000000699000000|  0%| F|  |TAMS 0x0000000698c00000| PB 0x0000000698c00000| Untracked 
| 100|0x0000000699000000, 0x0000000699000000, 0x0000000699400000|  0%| F|  |TAMS 0x0000000699000000| PB 0x0000000699000000| Untracked 
| 101|0x0000000699400000, 0x0000000699400000, 0x0000000699800000|  0%| F|  |TAMS 0x0000000699400000| PB 0x0000000699400000| Untracked 
| 102|0x0000000699800000, 0x0000000699800000, 0x0000000699c00000|  0%| F|  |TAMS 0x0000000699800000| PB 0x0000000699800000| Untracked 
| 103|0x0000000699c00000, 0x0000000699c00000, 0x000000069a000000|  0%| F|  |TAMS 0x0000000699c00000| PB 0x0000000699c00000| Untracked 
| 104|0x000000069a000000, 0x000000069a000000, 0x000000069a400000|  0%| F|  |TAMS 0x000000069a000000| PB 0x000000069a000000| Untracked 
| 105|0x000000069a400000, 0x000000069a400000, 0x000000069a800000|  0%| F|  |TAMS 0x000000069a400000| PB 0x000000069a400000| Untracked 
| 106|0x000000069a800000, 0x000000069a800000, 0x000000069ac00000|  0%| F|  |TAMS 0x000000069a800000| PB 0x000000069a800000| Untracked 
| 107|0x000000069ac00000, 0x000000069ac00000, 0x000000069b000000|  0%| F|  |TAMS 0x000000069ac00000| PB 0x000000069ac00000| Untracked 
| 108|0x000000069b000000, 0x000000069b000000, 0x000000069b400000|  0%| F|  |TAMS 0x000000069b000000| PB 0x000000069b000000| Untracked 
| 109|0x000000069b400000, 0x000000069b400000, 0x000000069b800000|  0%| F|  |TAMS 0x000000069b400000| PB 0x000000069b400000| Untracked 
| 110|0x000000069b800000, 0x000000069b800000, 0x000000069bc00000|  0%| F|  |TAMS 0x000000069b800000| PB 0x000000069b800000| Untracked 
| 111|0x000000069bc00000, 0x000000069bc00000, 0x000000069c000000|  0%| F|  |TAMS 0x000000069bc00000| PB 0x000000069bc00000| Untracked 
| 112|0x000000069c000000, 0x000000069c000000, 0x000000069c400000|  0%| F|  |TAMS 0x000000069c000000| PB 0x000000069c000000| Untracked 
| 113|0x000000069c400000, 0x000000069c400000, 0x000000069c800000|  0%| F|  |TAMS 0x000000069c400000| PB 0x000000069c400000| Untracked 
| 114|0x000000069c800000, 0x000000069c800000, 0x000000069cc00000|  0%| F|  |TAMS 0x000000069c800000| PB 0x000000069c800000| Untracked 
| 115|0x000000069cc00000, 0x000000069cc00000, 0x000000069d000000|  0%| F|  |TAMS 0x000000069cc00000| PB 0x000000069cc00000| Untracked 
| 116|0x000000069d000000, 0x000000069d000000, 0x000000069d400000|  0%| F|  |TAMS 0x000000069d000000| PB 0x000000069d000000| Untracked 
| 117|0x000000069d400000, 0x000000069d400000, 0x000000069d800000|  0%| F|  |TAMS 0x000000069d400000| PB 0x000000069d400000| Untracked 
| 118|0x000000069d800000, 0x000000069d800000, 0x000000069dc00000|  0%| F|  |TAMS 0x000000069d800000| PB 0x000000069d800000| Untracked 
| 119|0x000000069dc00000, 0x000000069dc00000, 0x000000069e000000|  0%| F|  |TAMS 0x000000069dc00000| PB 0x000000069dc00000| Untracked 
| 120|0x000000069e000000, 0x000000069e000000, 0x000000069e400000|  0%| F|  |TAMS 0x000000069e000000| PB 0x000000069e000000| Untracked 
| 121|0x000000069e400000, 0x000000069e400000, 0x000000069e800000|  0%| F|  |TAMS 0x000000069e400000| PB 0x000000069e400000| Untracked 
| 122|0x000000069e800000, 0x000000069e800000, 0x000000069ec00000|  0%| F|  |TAMS 0x000000069e800000| PB 0x000000069e800000| Untracked 
| 123|0x000000069ec00000, 0x000000069ec00000, 0x000000069f000000|  0%| F|  |TAMS 0x000000069ec00000| PB 0x000000069ec00000| Untracked 
| 124|0x000000069f000000, 0x000000069f000000, 0x000000069f400000|  0%| F|  |TAMS 0x000000069f000000| PB 0x000000069f000000| Untracked 
| 125|0x000000069f400000, 0x000000069f400000, 0x000000069f800000|  0%| F|  |TAMS 0x000000069f400000| PB 0x000000069f400000| Untracked 
| 126|0x000000069f800000, 0x000000069f800000, 0x000000069fc00000|  0%| F|  |TAMS 0x000000069f800000| PB 0x000000069f800000| Untracked 
| 127|0x000000069fc00000, 0x000000069fc00000, 0x00000006a0000000|  0%| F|  |TAMS 0x000000069fc00000| PB 0x000000069fc00000| Untracked 
| 128|0x00000006a0000000, 0x00000006a0000000, 0x00000006a0400000|  0%| F|  |TAMS 0x00000006a0000000| PB 0x00000006a0000000| Untracked 
| 129|0x00000006a0400000, 0x00000006a0400000, 0x00000006a0800000|  0%| F|  |TAMS 0x00000006a0400000| PB 0x00000006a0400000| Untracked 
| 130|0x00000006a0800000, 0x00000006a0800000, 0x00000006a0c00000|  0%| F|  |TAMS 0x00000006a0800000| PB 0x00000006a0800000| Untracked 
| 131|0x00000006a0c00000, 0x00000006a0c00000, 0x00000006a1000000|  0%| F|  |TAMS 0x00000006a0c00000| PB 0x00000006a0c00000| Untracked 
| 132|0x00000006a1000000, 0x00000006a1000000, 0x00000006a1400000|  0%| F|  |TAMS 0x00000006a1000000| PB 0x00000006a1000000| Untracked 
| 133|0x00000006a1400000, 0x00000006a1400000, 0x00000006a1800000|  0%| F|  |TAMS 0x00000006a1400000| PB 0x00000006a1400000| Untracked 
| 134|0x00000006a1800000, 0x00000006a1800000, 0x00000006a1c00000|  0%| F|  |TAMS 0x00000006a1800000| PB 0x00000006a1800000| Untracked 
| 135|0x00000006a1c00000, 0x00000006a1c00000, 0x00000006a2000000|  0%| F|  |TAMS 0x00000006a1c00000| PB 0x00000006a1c00000| Untracked 
| 136|0x00000006a2000000, 0x00000006a2000000, 0x00000006a2400000|  0%| F|  |TAMS 0x00000006a2000000| PB 0x00000006a2000000| Untracked 
| 137|0x00000006a2400000, 0x00000006a2400000, 0x00000006a2800000|  0%| F|  |TAMS 0x00000006a2400000| PB 0x00000006a2400000| Untracked 
| 138|0x00000006a2800000, 0x00000006a2800000, 0x00000006a2c00000|  0%| F|  |TAMS 0x00000006a2800000| PB 0x00000006a2800000| Untracked 
| 139|0x00000006a2c00000, 0x00000006a2c00000, 0x00000006a3000000|  0%| F|  |TAMS 0x00000006a2c00000| PB 0x00000006a2c00000| Untracked 
| 140|0x00000006a3000000, 0x00000006a3000000, 0x00000006a3400000|  0%| F|  |TAMS 0x00000006a3000000| PB 0x00000006a3000000| Untracked 
| 141|0x00000006a3400000, 0x00000006a3400000, 0x00000006a3800000|  0%| F|  |TAMS 0x00000006a3400000| PB 0x00000006a3400000| Untracked 
| 142|0x00000006a3800000, 0x00000006a3800000, 0x00000006a3c00000|  0%| F|  |TAMS 0x00000006a3800000| PB 0x00000006a3800000| Untracked 
| 143|0x00000006a3c00000, 0x00000006a3c00000, 0x00000006a4000000|  0%| F|  |TAMS 0x00000006a3c00000| PB 0x00000006a3c00000| Untracked 
| 144|0x00000006a4000000, 0x00000006a4000000, 0x00000006a4400000|  0%| F|  |TAMS 0x00000006a4000000| PB 0x00000006a4000000| Untracked 
| 145|0x00000006a4400000, 0x00000006a4400000, 0x00000006a4800000|  0%| F|  |TAMS 0x00000006a4400000| PB 0x00000006a4400000| Untracked 
| 146|0x00000006a4800000, 0x00000006a4800000, 0x00000006a4c00000|  0%| F|  |TAMS 0x00000006a4800000| PB 0x00000006a4800000| Untracked 
| 147|0x00000006a4c00000, 0x00000006a4c00000, 0x00000006a5000000|  0%| F|  |TAMS 0x00000006a4c00000| PB 0x00000006a4c00000| Untracked 
| 148|0x00000006a5000000, 0x00000006a5000000, 0x00000006a5400000|  0%| F|  |TAMS 0x00000006a5000000| PB 0x00000006a5000000| Untracked 
| 149|0x00000006a5400000, 0x00000006a5400000, 0x00000006a5800000|  0%| F|  |TAMS 0x00000006a5400000| PB 0x00000006a5400000| Untracked 
| 150|0x00000006a5800000, 0x00000006a5800000, 0x00000006a5c00000|  0%| F|  |TAMS 0x00000006a5800000| PB 0x00000006a5800000| Untracked 
| 151|0x00000006a5c00000, 0x00000006a5c00000, 0x00000006a6000000|  0%| F|  |TAMS 0x00000006a5c00000| PB 0x00000006a5c00000| Untracked 
| 152|0x00000006a6000000, 0x00000006a6000000, 0x00000006a6400000|  0%| F|  |TAMS 0x00000006a6000000| PB 0x00000006a6000000| Untracked 
| 153|0x00000006a6400000, 0x00000006a6400000, 0x00000006a6800000|  0%| F|  |TAMS 0x00000006a6400000| PB 0x00000006a6400000| Untracked 
| 154|0x00000006a6800000, 0x00000006a6800000, 0x00000006a6c00000|  0%| F|  |TAMS 0x00000006a6800000| PB 0x00000006a6800000| Untracked 
| 155|0x00000006a6c00000, 0x00000006a6c00000, 0x00000006a7000000|  0%| F|  |TAMS 0x00000006a6c00000| PB 0x00000006a6c00000| Untracked 
| 156|0x00000006a7000000, 0x00000006a7000000, 0x00000006a7400000|  0%| F|  |TAMS 0x00000006a7000000| PB 0x00000006a7000000| Untracked 
| 157|0x00000006a7400000, 0x00000006a7400000, 0x00000006a7800000|  0%| F|  |TAMS 0x00000006a7400000| PB 0x00000006a7400000| Untracked 
| 158|0x00000006a7800000, 0x00000006a7800000, 0x00000006a7c00000|  0%| F|  |TAMS 0x00000006a7800000| PB 0x00000006a7800000| Untracked 
| 159|0x00000006a7c00000, 0x00000006a7c00000, 0x00000006a8000000|  0%| F|  |TAMS 0x00000006a7c00000| PB 0x00000006a7c00000| Untracked 
| 160|0x00000006a8000000, 0x00000006a8000000, 0x00000006a8400000|  0%| F|  |TAMS 0x00000006a8000000| PB 0x00000006a8000000| Untracked 
| 161|0x00000006a8400000, 0x00000006a8400000, 0x00000006a8800000|  0%| F|  |TAMS 0x00000006a8400000| PB 0x00000006a8400000| Untracked 
| 162|0x00000006a8800000, 0x00000006a8800000, 0x00000006a8c00000|  0%| F|  |TAMS 0x00000006a8800000| PB 0x00000006a8800000| Untracked 
| 163|0x00000006a8c00000, 0x00000006a8c00000, 0x00000006a9000000|  0%| F|  |TAMS 0x00000006a8c00000| PB 0x00000006a8c00000| Untracked 
| 164|0x00000006a9000000, 0x00000006a9000000, 0x00000006a9400000|  0%| F|  |TAMS 0x00000006a9000000| PB 0x00000006a9000000| Untracked 
| 165|0x00000006a9400000, 0x00000006a9400000, 0x00000006a9800000|  0%| F|  |TAMS 0x00000006a9400000| PB 0x00000006a9400000| Untracked 
| 166|0x00000006a9800000, 0x00000006a9800000, 0x00000006a9c00000|  0%| F|  |TAMS 0x00000006a9800000| PB 0x00000006a9800000| Untracked 
| 167|0x00000006a9c00000, 0x00000006a9c00000, 0x00000006aa000000|  0%| F|  |TAMS 0x00000006a9c00000| PB 0x00000006a9c00000| Untracked 
| 168|0x00000006aa000000, 0x00000006aa000000, 0x00000006aa400000|  0%| F|  |TAMS 0x00000006aa000000| PB 0x00000006aa000000| Untracked 
| 169|0x00000006aa400000, 0x00000006aa400000, 0x00000006aa800000|  0%| F|  |TAMS 0x00000006aa400000| PB 0x00000006aa400000| Untracked 
| 170|0x00000006aa800000, 0x00000006aa800000, 0x00000006aac00000|  0%| F|  |TAMS 0x00000006aa800000| PB 0x00000006aa800000| Untracked 
| 171|0x00000006aac00000, 0x00000006aac00000, 0x00000006ab000000|  0%| F|  |TAMS 0x00000006aac00000| PB 0x00000006aac00000| Untracked 
| 172|0x00000006ab000000, 0x00000006ab000000, 0x00000006ab400000|  0%| F|  |TAMS 0x00000006ab000000| PB 0x00000006ab000000| Untracked 
| 173|0x00000006ab400000, 0x00000006ab400000, 0x00000006ab800000|  0%| F|  |TAMS 0x00000006ab400000| PB 0x00000006ab400000| Untracked 
| 174|0x00000006ab800000, 0x00000006ab800000, 0x00000006abc00000|  0%| F|  |TAMS 0x00000006ab800000| PB 0x00000006ab800000| Untracked 
| 175|0x00000006abc00000, 0x00000006abc00000, 0x00000006ac000000|  0%| F|  |TAMS 0x00000006abc00000| PB 0x00000006abc00000| Untracked 
| 176|0x00000006ac000000, 0x00000006ac000000, 0x00000006ac400000|  0%| F|  |TAMS 0x00000006ac000000| PB 0x00000006ac000000| Untracked 
| 177|0x00000006ac400000, 0x00000006ac400000, 0x00000006ac800000|  0%| F|  |TAMS 0x00000006ac400000| PB 0x00000006ac400000| Untracked 
| 178|0x00000006ac800000, 0x00000006ac800000, 0x00000006acc00000|  0%| F|  |TAMS 0x00000006ac800000| PB 0x00000006ac800000| Untracked 
| 179|0x00000006acc00000, 0x00000006acc00000, 0x00000006ad000000|  0%| F|  |TAMS 0x00000006acc00000| PB 0x00000006acc00000| Untracked 
| 180|0x00000006ad000000, 0x00000006ad000000, 0x00000006ad400000|  0%| F|  |TAMS 0x00000006ad000000| PB 0x00000006ad000000| Untracked 
| 181|0x00000006ad400000, 0x00000006ad400000, 0x00000006ad800000|  0%| F|  |TAMS 0x00000006ad400000| PB 0x00000006ad400000| Untracked 
| 182|0x00000006ad800000, 0x00000006ad800000, 0x00000006adc00000|  0%| F|  |TAMS 0x00000006ad800000| PB 0x00000006ad800000| Untracked 
| 183|0x00000006adc00000, 0x00000006adc00000, 0x00000006ae000000|  0%| F|  |TAMS 0x00000006adc00000| PB 0x00000006adc00000| Untracked 
| 184|0x00000006ae000000, 0x00000006ae000000, 0x00000006ae400000|  0%| F|  |TAMS 0x00000006ae000000| PB 0x00000006ae000000| Untracked 
| 185|0x00000006ae400000, 0x00000006ae800000, 0x00000006ae800000|100%| S|CS|TAMS 0x00000006ae400000| PB 0x00000006ae400000| Complete 
| 186|0x00000006ae800000, 0x00000006aec00000, 0x00000006aec00000|100%| S|CS|TAMS 0x00000006ae800000| PB 0x00000006ae800000| Complete 
| 187|0x00000006aec00000, 0x00000006af000000, 0x00000006af000000|100%| S|CS|TAMS 0x00000006aec00000| PB 0x00000006aec00000| Complete 
| 188|0x00000006af000000, 0x00000006af400000, 0x00000006af400000|100%| S|CS|TAMS 0x00000006af000000| PB 0x00000006af000000| Complete 
| 189|0x00000006af400000, 0x00000006af800000, 0x00000006af800000|100%| S|CS|TAMS 0x00000006af400000| PB 0x00000006af400000| Complete 
| 190|0x00000006af800000, 0x00000006af800000, 0x00000006afc00000|  0%| F|  |TAMS 0x00000006af800000| PB 0x00000006af800000| Untracked 
| 191|0x00000006afc00000, 0x00000006afc00000, 0x00000006b0000000|  0%| F|  |TAMS 0x00000006afc00000| PB 0x00000006afc00000| Untracked 
| 192|0x00000006b0000000, 0x00000006b0000000, 0x00000006b0400000|  0%| F|  |TAMS 0x00000006b0000000| PB 0x00000006b0000000| Untracked 
| 193|0x00000006b0400000, 0x00000006b0400000, 0x00000006b0800000|  0%| F|  |TAMS 0x00000006b0400000| PB 0x00000006b0400000| Untracked 
| 194|0x00000006b0800000, 0x00000006b0800000, 0x00000006b0c00000|  0%| F|  |TAMS 0x00000006b0800000| PB 0x00000006b0800000| Untracked 
| 195|0x00000006b0c00000, 0x00000006b0c00000, 0x00000006b1000000|  0%| F|  |TAMS 0x00000006b0c00000| PB 0x00000006b0c00000| Untracked 
| 196|0x00000006b1000000, 0x00000006b1000000, 0x00000006b1400000|  0%| F|  |TAMS 0x00000006b1000000| PB 0x00000006b1000000| Untracked 
| 197|0x00000006b1400000, 0x00000006b1400000, 0x00000006b1800000|  0%| F|  |TAMS 0x00000006b1400000| PB 0x00000006b1400000| Untracked 
| 198|0x00000006b1800000, 0x00000006b1800000, 0x00000006b1c00000|  0%| F|  |TAMS 0x00000006b1800000| PB 0x00000006b1800000| Untracked 
| 199|0x00000006b1c00000, 0x00000006b1c00000, 0x00000006b2000000|  0%| F|  |TAMS 0x00000006b1c00000| PB 0x00000006b1c00000| Untracked 
| 200|0x00000006b2000000, 0x00000006b2000000, 0x00000006b2400000|  0%| F|  |TAMS 0x00000006b2000000| PB 0x00000006b2000000| Untracked 
| 201|0x00000006b2400000, 0x00000006b2400000, 0x00000006b2800000|  0%| F|  |TAMS 0x00000006b2400000| PB 0x00000006b2400000| Untracked 
| 202|0x00000006b2800000, 0x00000006b2800000, 0x00000006b2c00000|  0%| F|  |TAMS 0x00000006b2800000| PB 0x00000006b2800000| Untracked 
| 203|0x00000006b2c00000, 0x00000006b2c00000, 0x00000006b3000000|  0%| F|  |TAMS 0x00000006b2c00000| PB 0x00000006b2c00000| Untracked 
| 204|0x00000006b3000000, 0x00000006b3000000, 0x00000006b3400000|  0%| F|  |TAMS 0x00000006b3000000| PB 0x00000006b3000000| Untracked 
| 205|0x00000006b3400000, 0x00000006b3400000, 0x00000006b3800000|  0%| F|  |TAMS 0x00000006b3400000| PB 0x00000006b3400000| Untracked 
| 206|0x00000006b3800000, 0x00000006b3800000, 0x00000006b3c00000|  0%| F|  |TAMS 0x00000006b3800000| PB 0x00000006b3800000| Untracked 
| 207|0x00000006b3c00000, 0x00000006b3c00000, 0x00000006b4000000|  0%| F|  |TAMS 0x00000006b3c00000| PB 0x00000006b3c00000| Untracked 
| 208|0x00000006b4000000, 0x00000006b4000000, 0x00000006b4400000|  0%| F|  |TAMS 0x00000006b4000000| PB 0x00000006b4000000| Untracked 
| 209|0x00000006b4400000, 0x00000006b4400000, 0x00000006b4800000|  0%| F|  |TAMS 0x00000006b4400000| PB 0x00000006b4400000| Untracked 
| 210|0x00000006b4800000, 0x00000006b4800000, 0x00000006b4c00000|  0%| F|  |TAMS 0x00000006b4800000| PB 0x00000006b4800000| Untracked 
| 211|0x00000006b4c00000, 0x00000006b4c00000, 0x00000006b5000000|  0%| F|  |TAMS 0x00000006b4c00000| PB 0x00000006b4c00000| Untracked 
| 212|0x00000006b5000000, 0x00000006b5000000, 0x00000006b5400000|  0%| F|  |TAMS 0x00000006b5000000| PB 0x00000006b5000000| Untracked 
| 213|0x00000006b5400000, 0x00000006b5400000, 0x00000006b5800000|  0%| F|  |TAMS 0x00000006b5400000| PB 0x00000006b5400000| Untracked 
| 214|0x00000006b5800000, 0x00000006b5800000, 0x00000006b5c00000|  0%| F|  |TAMS 0x00000006b5800000| PB 0x00000006b5800000| Untracked 
| 215|0x00000006b5c00000, 0x00000006b5c00000, 0x00000006b6000000|  0%| F|  |TAMS 0x00000006b5c00000| PB 0x00000006b5c00000| Untracked 
| 216|0x00000006b6000000, 0x00000006b6000000, 0x00000006b6400000|  0%| F|  |TAMS 0x00000006b6000000| PB 0x00000006b6000000| Untracked 
| 217|0x00000006b6400000, 0x00000006b6400000, 0x00000006b6800000|  0%| F|  |TAMS 0x00000006b6400000| PB 0x00000006b6400000| Untracked 
| 218|0x00000006b6800000, 0x00000006b6800000, 0x00000006b6c00000|  0%| F|  |TAMS 0x00000006b6800000| PB 0x00000006b6800000| Untracked 
| 219|0x00000006b6c00000, 0x00000006b6c00000, 0x00000006b7000000|  0%| F|  |TAMS 0x00000006b6c00000| PB 0x00000006b6c00000| Untracked 
| 220|0x00000006b7000000, 0x00000006b7000000, 0x00000006b7400000|  0%| F|  |TAMS 0x00000006b7000000| PB 0x00000006b7000000| Untracked 
| 221|0x00000006b7400000, 0x00000006b7400000, 0x00000006b7800000|  0%| F|  |TAMS 0x00000006b7400000| PB 0x00000006b7400000| Untracked 
| 222|0x00000006b7800000, 0x00000006b7800000, 0x00000006b7c00000|  0%| F|  |TAMS 0x00000006b7800000| PB 0x00000006b7800000| Untracked 
| 223|0x00000006b7c00000, 0x00000006b7c00000, 0x00000006b8000000|  0%| F|  |TAMS 0x00000006b7c00000| PB 0x00000006b7c00000| Untracked 
| 224|0x00000006b8000000, 0x00000006b8000000, 0x00000006b8400000|  0%| F|  |TAMS 0x00000006b8000000| PB 0x00000006b8000000| Untracked 
| 225|0x00000006b8400000, 0x00000006b8400000, 0x00000006b8800000|  0%| F|  |TAMS 0x00000006b8400000| PB 0x00000006b8400000| Untracked 
| 226|0x00000006b8800000, 0x00000006b8800000, 0x00000006b8c00000|  0%| F|  |TAMS 0x00000006b8800000| PB 0x00000006b8800000| Untracked 
| 227|0x00000006b8c00000, 0x00000006b8c00000, 0x00000006b9000000|  0%| F|  |TAMS 0x00000006b8c00000| PB 0x00000006b8c00000| Untracked 
| 228|0x00000006b9000000, 0x00000006b9000000, 0x00000006b9400000|  0%| F|  |TAMS 0x00000006b9000000| PB 0x00000006b9000000| Untracked 
| 229|0x00000006b9400000, 0x00000006b9400000, 0x00000006b9800000|  0%| F|  |TAMS 0x00000006b9400000| PB 0x00000006b9400000| Untracked 
| 230|0x00000006b9800000, 0x00000006b9800000, 0x00000006b9c00000|  0%| F|  |TAMS 0x00000006b9800000| PB 0x00000006b9800000| Untracked 
| 231|0x00000006b9c00000, 0x00000006b9c00000, 0x00000006ba000000|  0%| F|  |TAMS 0x00000006b9c00000| PB 0x00000006b9c00000| Untracked 
| 232|0x00000006ba000000, 0x00000006ba000000, 0x00000006ba400000|  0%| F|  |TAMS 0x00000006ba000000| PB 0x00000006ba000000| Untracked 
| 233|0x00000006ba400000, 0x00000006ba400000, 0x00000006ba800000|  0%| F|  |TAMS 0x00000006ba400000| PB 0x00000006ba400000| Untracked 
| 234|0x00000006ba800000, 0x00000006ba800000, 0x00000006bac00000|  0%| F|  |TAMS 0x00000006ba800000| PB 0x00000006ba800000| Untracked 
| 235|0x00000006bac00000, 0x00000006bac00000, 0x00000006bb000000|  0%| F|  |TAMS 0x00000006bac00000| PB 0x00000006bac00000| Untracked 
| 236|0x00000006bb000000, 0x00000006bb000000, 0x00000006bb400000|  0%| F|  |TAMS 0x00000006bb000000| PB 0x00000006bb000000| Untracked 
| 237|0x00000006bb400000, 0x00000006bb400000, 0x00000006bb800000|  0%| F|  |TAMS 0x00000006bb400000| PB 0x00000006bb400000| Untracked 
| 238|0x00000006bb800000, 0x00000006bb800000, 0x00000006bbc00000|  0%| F|  |TAMS 0x00000006bb800000| PB 0x00000006bb800000| Untracked 
| 239|0x00000006bbc00000, 0x00000006bbc00000, 0x00000006bc000000|  0%| F|  |TAMS 0x00000006bbc00000| PB 0x00000006bbc00000| Untracked 
| 240|0x00000006bc000000, 0x00000006bc000000, 0x00000006bc400000|  0%| F|  |TAMS 0x00000006bc000000| PB 0x00000006bc000000| Untracked 
| 241|0x00000006bc400000, 0x00000006bc400000, 0x00000006bc800000|  0%| F|  |TAMS 0x00000006bc400000| PB 0x00000006bc400000| Untracked 
| 242|0x00000006bc800000, 0x00000006bc800000, 0x00000006bcc00000|  0%| F|  |TAMS 0x00000006bc800000| PB 0x00000006bc800000| Untracked 
| 243|0x00000006bcc00000, 0x00000006bcc00000, 0x00000006bd000000|  0%| F|  |TAMS 0x00000006bcc00000| PB 0x00000006bcc00000| Untracked 
| 244|0x00000006bd000000, 0x00000006bd000000, 0x00000006bd400000|  0%| F|  |TAMS 0x00000006bd000000| PB 0x00000006bd000000| Untracked 
| 245|0x00000006bd400000, 0x00000006bd400000, 0x00000006bd800000|  0%| F|  |TAMS 0x00000006bd400000| PB 0x00000006bd400000| Untracked 
| 246|0x00000006bd800000, 0x00000006bd800000, 0x00000006bdc00000|  0%| F|  |TAMS 0x00000006bd800000| PB 0x00000006bd800000| Untracked 
| 247|0x00000006bdc00000, 0x00000006bdc00000, 0x00000006be000000|  0%| F|  |TAMS 0x00000006bdc00000| PB 0x00000006bdc00000| Untracked 
| 248|0x00000006be000000, 0x00000006be000000, 0x00000006be400000|  0%| F|  |TAMS 0x00000006be000000| PB 0x00000006be000000| Untracked 
| 249|0x00000006be400000, 0x00000006be400000, 0x00000006be800000|  0%| F|  |TAMS 0x00000006be400000| PB 0x00000006be400000| Untracked 
| 250|0x00000006be800000, 0x00000006be800000, 0x00000006bec00000|  0%| F|  |TAMS 0x00000006be800000| PB 0x00000006be800000| Untracked 
| 251|0x00000006bec00000, 0x00000006bec00000, 0x00000006bf000000|  0%| F|  |TAMS 0x00000006bec00000| PB 0x00000006bec00000| Untracked 
| 252|0x00000006bf000000, 0x00000006bf000000, 0x00000006bf400000|  0%| F|  |TAMS 0x00000006bf000000| PB 0x00000006bf000000| Untracked 
| 253|0x00000006bf400000, 0x00000006bf400000, 0x00000006bf800000|  0%| F|  |TAMS 0x00000006bf400000| PB 0x00000006bf400000| Untracked 
| 254|0x00000006bf800000, 0x00000006bf800000, 0x00000006bfc00000|  0%| F|  |TAMS 0x00000006bf800000| PB 0x00000006bf800000| Untracked 
| 255|0x00000006bfc00000, 0x00000006bfc00000, 0x00000006c0000000|  0%| F|  |TAMS 0x00000006bfc00000| PB 0x00000006bfc00000| Untracked 

Card table byte_map: [0x000001e0e5540000,0x000001e0e6140000] _byte_map_base: 0x000001e0e2140000

Marking Bits: (CMBitMap*) 0x000001e0d274fbc0
 Bits: [0x000001e0e6140000, 0x000001e0ec140000)

Polling page: 0x000001e0d0350000

Metaspace:

Usage:
  Non-class:     82.94 MB used.
      Class:     13.15 MB used.
       Both:     96.09 MB used.

Virtual space:
  Non-class space:      128.00 MB reserved,      83.94 MB ( 66%) committed,  2 nodes.
      Class space:      832.00 MB reserved,      14.12 MB (  2%) committed,  1 nodes.
             Both:      960.00 MB reserved,      98.06 MB ( 10%) committed. 

Chunk freelists:
   Non-Class:  11.94 MB
       Class:  1.92 MB
        Both:  13.86 MB

MaxMetaspaceSize: 1.00 GB
CompressedClassSpaceSize: 832.00 MB
Initial GC threshold: 21.00 MB
Current GC threshold: 98.06 MB
CDS: off
 - commit_granule_bytes: 65536.
 - commit_granule_words: 8192.
 - virtual_space_node_default_size: 8388608.
 - enlarge_chunks_in_place: 1.
 - use_allocation_guard: 0.


Internal statistics:

num_allocs_failed_limit: 12.
num_arena_births: 3774.
num_arena_deaths: 0.
num_vsnodes_births: 3.
num_vsnodes_deaths: 0.
num_space_committed: 1569.
num_space_uncommitted: 0.
num_chunks_returned_to_freelist: 12.
num_chunks_taken_from_freelist: 8040.
num_chunk_merges: 12.
num_chunk_splits: 5161.
num_chunks_enlarged: 3104.
num_inconsistent_stats: 0.

CodeHeap 'non-profiled nmethods': size=120000Kb used=9031Kb max_used=9031Kb free=110968Kb
 bounds [0x000001e0dd300000, 0x000001e0ddbe0000, 0x000001e0e4830000]
CodeHeap 'profiled nmethods': size=120000Kb used=23393Kb max_used=23393Kb free=96606Kb
 bounds [0x000001e0d5830000, 0x000001e0d6f10000, 0x000001e0dcd60000]
CodeHeap 'non-nmethods': size=5760Kb used=2682Kb max_used=2738Kb free=3077Kb
 bounds [0x000001e0dcd60000, 0x000001e0dd020000, 0x000001e0dd300000]
CodeCache: size=245760Kb, used=35106Kb, max_used=35162Kb, free=210651Kb
 total_blobs=12729, nmethods=11764, adapters=869, full_count=0
Compilation: enabled, stopped_count=0, restarted_count=0

Compilation events (20 events):
Event: 22.495 Thread 0x000001e0eeae4090 nmethod 12409 0x000001e0ddbce810 code [0x000001e0ddbce9c0, 0x000001e0ddbcead8]
Event: 22.496 Thread 0x000001e0f404c0f0 nmethod 12405 0x000001e0ddbcec10 code [0x000001e0ddbceec0, 0x000001e0ddbcf960]
Event: 22.514 Thread 0x000001e0eeae7c60 12413       3       java.lang.invoke.LambdaForm$MH/0x0000000800b24000::invoke (42 bytes)
Event: 22.515 Thread 0x000001e0eeae7c60 nmethod 12413 0x000001e0d6f04690 code [0x000001e0d6f04920, 0x000001e0d6f055f8]
Event: 22.518 Thread 0x000001e0eeae4090 12414       4       org.codehaus.groovy.runtime.metaclass.MetaMethodIndex::isOverridden (120 bytes)
Event: 22.520 Thread 0x000001e0f404c0f0 12415       4       java.beans.FeatureDescriptor::getWeakReference (17 bytes)
Event: 22.521 Thread 0x000001e0f404c0f0 nmethod 12415 0x000001e0ddbd0310 code [0x000001e0ddbd04a0, 0x000001e0ddbd0690]
Event: 22.523 Thread 0x000001e0eeae4090 nmethod 12414 0x000001e0ddbd0790 code [0x000001e0ddbd09e0, 0x000001e0ddbd1088]
Event: 22.525 Thread 0x000001e0eeae4090 12416       4       java.lang.Integer::stringSize (47 bytes)
Event: 22.526 Thread 0x000001e0eeae4090 nmethod 12416 0x000001e0ddbd1610 code [0x000001e0ddbd17a0, 0x000001e0ddbd18a8]
Event: 22.528 Thread 0x000001e0eeae4090 12417       4       org.codehaus.groovy.util.FastArray::copy (31 bytes)
Event: 22.528 Thread 0x000001e0eeae7c60 12418       3       java.beans.Introspector::getBeanInfo (58 bytes)
Event: 22.529 Thread 0x000001e0eeae7c60 nmethod 12418 0x000001e0d6f05a10 code [0x000001e0d6f05d20, 0x000001e0d6f07198]
Event: 22.529 Thread 0x000001e0eeae4090 nmethod 12417 0x000001e0ddbd1910 code [0x000001e0ddbd1ac0, 0x000001e0ddbd1d30]
Event: 22.529 Thread 0x000001e0eeae7c60 12419  s    3       java.beans.ThreadGroupContext::getBeanInfo (25 bytes)
Event: 22.529 Thread 0x000001e0eeae7c60 nmethod 12419 0x000001e0d6f07790 code [0x000001e0d6f07960, 0x000001e0d6f07d58]
Event: 22.534 Thread 0x000001e0eeae7c60 12420       3       java.util.StringTokenizer::hasMoreTokens (29 bytes)
Event: 22.534 Thread 0x000001e0eeae7c60 nmethod 12420 0x000001e0d6f07e90 code [0x000001e0d6f08040, 0x000001e0d6f081e8]
Event: 22.540 Thread 0x000001e0eeae7c60 12421       3       java.lang.invoke.MethodHandles$Lookup::getDirectFieldNoSecurityManager (12 bytes)
Event: 22.540 Thread 0x000001e0eeae7c60 nmethod 12421 0x000001e0d6f08290 code [0x000001e0d6f08440, 0x000001e0d6f08580]

GC Heap History (17 events):
Event: 0.593 GC heap before
{Heap before GC invocations=0 (full 0):
 garbage-first heap   total 1048576K, used 49152K [0x0000000680000000, 0x0000000800000000)
  region size 4096K, 12 young (49152K), 0 survivors (0K)
 Metaspace       used 8887K, committed 9024K, reserved 917504K
  class space    used 820K, committed 896K, reserved 851968K
}
Event: 0.596 GC heap after
{Heap after GC invocations=1 (full 0):
 garbage-first heap   total 1048576K, used 10449K [0x0000000680000000, 0x0000000800000000)
  region size 4096K, 2 young (8192K), 2 survivors (8192K)
 Metaspace       used 8887K, committed 9024K, reserved 917504K
  class space    used 820K, committed 896K, reserved 851968K
}
Event: 1.014 GC heap before
{Heap before GC invocations=1 (full 0):
 garbage-first heap   total 1048576K, used 67793K [0x0000000680000000, 0x0000000800000000)
  region size 4096K, 16 young (65536K), 2 survivors (8192K)
 Metaspace       used 12552K, committed 12672K, reserved 917504K
  class space    used 1370K, committed 1408K, reserved 851968K
}
Event: 1.018 GC heap after
{Heap after GC invocations=2 (full 0):
 garbage-first heap   total 1048576K, used 11745K [0x0000000680000000, 0x0000000800000000)
  region size 4096K, 1 young (4096K), 1 survivors (4096K)
 Metaspace       used 12552K, committed 12672K, reserved 917504K
  class space    used 1370K, committed 1408K, reserved 851968K
}
Event: 2.340 GC heap before
{Heap before GC invocations=2 (full 0):
 garbage-first heap   total 1048576K, used 118241K [0x0000000680000000, 0x0000000800000000)
  region size 4096K, 29 young (118784K), 1 survivors (4096K)
 Metaspace       used 21162K, committed 21504K, reserved 917504K
  class space    used 2503K, committed 2688K, reserved 851968K
}
Event: 2.345 GC heap after
{Heap after GC invocations=3 (full 0):
 garbage-first heap   total 1048576K, used 20451K [0x0000000680000000, 0x0000000800000000)
  region size 4096K, 3 young (12288K), 3 survivors (12288K)
 Metaspace       used 21162K, committed 21504K, reserved 917504K
  class space    used 2503K, committed 2688K, reserved 851968K
}
Event: 3.942 GC heap before
{Heap before GC invocations=4 (full 0):
 garbage-first heap   total 1048576K, used 122851K [0x0000000680000000, 0x0000000800000000)
  region size 4096K, 29 young (118784K), 3 survivors (12288K)
 Metaspace       used 35185K, committed 35968K, reserved 917504K
  class space    used 4867K, committed 5248K, reserved 851968K
}
Event: 3.949 GC heap after
{Heap after GC invocations=5 (full 0):
 garbage-first heap   total 1048576K, used 26257K [0x0000000680000000, 0x0000000800000000)
  region size 4096K, 4 young (16384K), 4 survivors (16384K)
 Metaspace       used 35185K, committed 35968K, reserved 917504K
  class space    used 4867K, committed 5248K, reserved 851968K
}
Event: 6.647 GC heap before
{Heap before GC invocations=6 (full 0):
 garbage-first heap   total 1048576K, used 263825K [0x0000000680000000, 0x0000000800000000)
  region size 4096K, 64 young (262144K), 4 survivors (16384K)
 Metaspace       used 58679K, committed 60160K, reserved 917504K
  class space    used 8211K, committed 8960K, reserved 851968K
}
Event: 6.663 GC heap after
{Heap after GC invocations=7 (full 0):
 garbage-first heap   total 1048576K, used 46683K [0x0000000680000000, 0x0000000800000000)
  region size 4096K, 9 young (36864K), 9 survivors (36864K)
 Metaspace       used 58679K, committed 60160K, reserved 917504K
  class space    used 8211K, committed 8960K, reserved 851968K
}
Event: 14.352 GC heap before
{Heap before GC invocations=8 (full 0):
 garbage-first heap   total 1048576K, used 435803K [0x0000000680000000, 0x0000000800000000)
  region size 4096K, 105 young (430080K), 9 survivors (36864K)
 Metaspace       used 68633K, committed 70272K, reserved 917504K
  class space    used 9478K, committed 10240K, reserved 851968K
}
Event: 14.382 GC heap after
{Heap after GC invocations=9 (full 0):
 garbage-first heap   total 1048576K, used 65132K [0x0000000680000000, 0x0000000800000000)
  region size 4096K, 11 young (45056K), 11 survivors (45056K)
 Metaspace       used 68633K, committed 70272K, reserved 917504K
  class space    used 9478K, committed 10240K, reserved 851968K
}
Event: 19.281 GC heap before
{Heap before GC invocations=9 (full 0):
 garbage-first heap   total 1048576K, used 331372K [0x0000000680000000, 0x0000000800000000)
  region size 4096K, 73 young (299008K), 11 survivors (45056K)
 Metaspace       used 75522K, committed 77376K, reserved 983040K
  class space    used 10421K, committed 11328K, reserved 851968K
}
Event: 19.315 GC heap after
{Heap after GC invocations=10 (full 0):
 garbage-first heap   total 1048576K, used 110454K [0x0000000680000000, 0x0000000800000000)
  region size 4096K, 10 young (40960K), 10 survivors (40960K)
 Metaspace       used 75522K, committed 77376K, reserved 983040K
  class space    used 10421K, committed 11328K, reserved 851968K
}
Event: 19.435 GC heap before
{Heap before GC invocations=10 (full 0):
 garbage-first heap   total 1048576K, used 118646K [0x0000000680000000, 0x0000000800000000)
  region size 4096K, 12 young (49152K), 10 survivors (40960K)
 Metaspace       used 75701K, committed 77568K, reserved 983040K
  class space    used 10448K, committed 11328K, reserved 851968K
}
Event: 19.455 GC heap after
{Heap after GC invocations=11 (full 0):
 garbage-first heap   total 1048576K, used 118564K [0x0000000680000000, 0x0000000800000000)
  region size 4096K, 1 young (4096K), 1 survivors (4096K)
 Metaspace       used 75701K, committed 77568K, reserved 983040K
  class space    used 10448K, committed 11328K, reserved 851968K
}
Event: 22.570 GC heap before
{Heap before GC invocations=11 (full 0):
 garbage-first heap   total 1048576K, used 380708K [0x0000000680000000, 0x0000000800000000)
  region size 4096K, 66 young (270336K), 1 survivors (4096K)
 Metaspace       used 98392K, committed 100416K, reserved 983040K
  class space    used 13462K, committed 14464K, reserved 851968K
}

Dll operation events (3 events):
Event: 0.015 Loaded shared library C:\Program Files\Android\Android Studio\jbr\bin\java.dll
Event: 0.020 Loaded shared library C:\Program Files\Android\Android Studio\jbr\bin\zip.dll
Event: 0.579 Loaded shared library C:\Program Files\Android\Android Studio\jbr\bin\verify.dll

Deoptimization events (20 events):
Event: 22.254 Thread 0x000001e0f567a6f0 Uncommon trap: trap_request=0xffffffde fr.pc=0x000001e0ddbb3f04 relative=0x0000000000000504
Event: 22.254 Thread 0x000001e0f567a6f0 Uncommon trap: reason=class_check action=maybe_recompile pc=0x000001e0ddbb3f04 method=kotlin.reflect.jvm.internal.impl.protobuf.CodedInputStream.tryRefillBuffer(I)Z @ 175 c2
Event: 22.254 Thread 0x000001e0f567a6f0 DEOPT PACKING pc=0x000001e0ddbb3f04 sp=0x000000911a8f6360
Event: 22.254 Thread 0x000001e0f567a6f0 DEOPT UNPACKING pc=0x000001e0dcdb4422 sp=0x000000911a8f6248 mode 2
Event: 22.254 Thread 0x000001e0f567a6f0 Uncommon trap: trap_request=0xffffffde fr.pc=0x000001e0ddbb3f04 relative=0x0000000000000504
Event: 22.254 Thread 0x000001e0f567a6f0 Uncommon trap: reason=class_check action=maybe_recompile pc=0x000001e0ddbb3f04 method=kotlin.reflect.jvm.internal.impl.protobuf.CodedInputStream.tryRefillBuffer(I)Z @ 175 c2
Event: 22.254 Thread 0x000001e0f567a6f0 DEOPT PACKING pc=0x000001e0ddbb3f04 sp=0x000000911a8f6460
Event: 22.254 Thread 0x000001e0f567a6f0 DEOPT UNPACKING pc=0x000001e0dcdb4422 sp=0x000000911a8f6348 mode 2
Event: 22.255 Thread 0x000001e0f567a6f0 Uncommon trap: trap_request=0xffffffde fr.pc=0x000001e0ddbb3f04 relative=0x0000000000000504
Event: 22.255 Thread 0x000001e0f567a6f0 Uncommon trap: reason=class_check action=maybe_recompile pc=0x000001e0ddbb3f04 method=kotlin.reflect.jvm.internal.impl.protobuf.CodedInputStream.tryRefillBuffer(I)Z @ 175 c2
Event: 22.255 Thread 0x000001e0f567a6f0 DEOPT PACKING pc=0x000001e0ddbb3f04 sp=0x000000911a8f6460
Event: 22.255 Thread 0x000001e0f567a6f0 DEOPT UNPACKING pc=0x000001e0dcdb4422 sp=0x000000911a8f6348 mode 2
Event: 22.335 Thread 0x000001e0f567a6f0 Uncommon trap: trap_request=0xffffff45 fr.pc=0x000001e0dd6e16bc relative=0x0000000000000c3c
Event: 22.335 Thread 0x000001e0f567a6f0 Uncommon trap: reason=unstable_if action=reinterpret pc=0x000001e0dd6e16bc method=java.util.regex.Pattern.escape(ZZZ)I @ 8 c2
Event: 22.335 Thread 0x000001e0f567a6f0 DEOPT PACKING pc=0x000001e0dd6e16bc sp=0x000000911a8f6480
Event: 22.335 Thread 0x000001e0f567a6f0 DEOPT UNPACKING pc=0x000001e0dcdb4422 sp=0x000000911a8f6418 mode 2
Event: 22.414 Thread 0x000001e0f567a6f0 Uncommon trap: trap_request=0xffffff45 fr.pc=0x000001e0ddbbbf54 relative=0x0000000000000634
Event: 22.414 Thread 0x000001e0f567a6f0 Uncommon trap: reason=unstable_if action=reinterpret pc=0x000001e0ddbbbf54 method=org.gradle.internal.snapshot.impl.AbstractValueProcessor.processValue(Ljava/lang/Object;Lorg/gradle/internal/snapshot/impl/AbstractValueProcessor$ValueVisitor;)Ljava/lang/Ob
Event: 22.414 Thread 0x000001e0f567a6f0 DEOPT PACKING pc=0x000001e0ddbbbf54 sp=0x000000911a8f6a10
Event: 22.414 Thread 0x000001e0f567a6f0 DEOPT UNPACKING pc=0x000001e0dcdb4422 sp=0x000000911a8f6990 mode 2

Classes loaded (20 events):
Event: 21.461 Loading class javax/management/ListenerNotFoundException
Event: 21.461 Loading class javax/management/OperationsException
Event: 21.461 Loading class javax/management/JMException
Event: 21.461 Loading class javax/management/JMException done
Event: 21.462 Loading class javax/management/OperationsException done
Event: 21.462 Loading class javax/management/ListenerNotFoundException done
Event: 21.790 Loading class java/time/format/DateTimeFormatterBuilder$WeekBasedFieldPrinterParser
Event: 21.790 Loading class java/time/format/DateTimeFormatterBuilder$WeekBasedFieldPrinterParser done
Event: 21.806 Loading class com/sun/jmx/mbeanserver/StandardMBeanSupport
Event: 21.806 Loading class com/sun/jmx/mbeanserver/StandardMBeanSupport done
Event: 21.806 Loading class com/sun/jmx/mbeanserver/StandardMBeanIntrospector
Event: 21.806 Loading class com/sun/jmx/mbeanserver/StandardMBeanIntrospector done
Event: 21.845 Loading class sun/reflect/misc/MethodUtil
Event: 21.846 Loading class sun/reflect/misc/MethodUtil done
Event: 21.846 Loading class sun/reflect/misc/MethodUtil$1
Event: 21.847 Loading class sun/reflect/misc/MethodUtil$1 done
Event: 21.851 Loading class sun/nio/ch/ChannelOutputStream
Event: 21.851 Loading class sun/nio/ch/ChannelOutputStream done
Event: 22.247 Loading class java/lang/Override
Event: 22.247 Loading class java/lang/Override done

Classes unloaded (0 events):
No events

Classes redefined (0 events):
No events

Internal exceptions (20 events):
Event: 21.352 Thread 0x000001e0f567a6f0 Implicit null exception at 0x000001e0dd7d05ef to 0x000001e0dd7d068c
Event: 21.353 Thread 0x000001e0f567a6f0 Exception <a 'java/lang/IncompatibleClassChangeError'{0x00000006b44d0be0}: Found class java.lang.Object, but interface was expected> (0x00000006b44d0be0) 
thrown [s\src\hotspot\share\interpreter\linkResolver.cpp, line 851]
Event: 21.847 Thread 0x000001e0f567a6f0 Implicit null exception at 0x000001e0dd5ee589 to 0x000001e0dd5ee618
Event: 22.073 Thread 0x000001e0f4609f60 Exception <a 'sun/nio/fs/WindowsException'{0x00000006b25d3d20}> (0x00000006b25d3d20) 
thrown [s\src\hotspot\share\prims\jni.cpp, line 537]
Event: 22.074 Thread 0x000001e0f4609f60 Exception <a 'sun/nio/fs/WindowsException'{0x00000006b25db708}> (0x00000006b25db708) 
thrown [s\src\hotspot\share\prims\jni.cpp, line 537]
Event: 22.074 Thread 0x000001e0f4609f60 Exception <a 'sun/nio/fs/WindowsException'{0x00000006b25dceb0}> (0x00000006b25dceb0) 
thrown [s\src\hotspot\share\prims\jni.cpp, line 537]
Event: 22.075 Thread 0x000001e0f4609f60 Exception <a 'sun/nio/fs/WindowsException'{0x00000006b25e6328}> (0x00000006b25e6328) 
thrown [s\src\hotspot\share\prims\jni.cpp, line 537]
Event: 22.514 Thread 0x000001e0f567a6f0 Exception <a 'java/lang/ClassNotFoundException'{0x00000006afe0b958}: org/jetbrains/kotlin/gradle/targets/js/npm/DefaultNpmDependencyExtensionBeanInfo> (0x00000006afe0b958) 
thrown [s\src\hotspot\share\classfile\systemDictionary.cpp, line 312]
Event: 22.514 Thread 0x000001e0f567a6f0 Exception <a 'java/lang/ClassNotFoundException'{0x00000006afe1c160}: org/jetbrains/kotlin/gradle/targets/js/npm/DefaultNpmDependencyExtensionCustomizer> (0x00000006afe1c160) 
thrown [s\src\hotspot\share\classfile\systemDictionary.cpp, line 312]
Event: 22.519 Thread 0x000001e0f567a6f0 Exception <a 'java/lang/ClassNotFoundException'{0x00000006afeab2e0}: org/jetbrains/kotlin/gradle/targets/js/npm/NpmDependencyExtensionKt$defaultNpmDependencyDelegate$1BeanInfo> (0x00000006afeab2e0) 
thrown [s\src\hotspot\share\classfile\systemDictionary.cpp, line 312]
Event: 22.519 Thread 0x000001e0f567a6f0 Exception <a 'java/lang/ClassNotFoundException'{0x00000006afebbb30}: org/jetbrains/kotlin/gradle/targets/js/npm/NpmDependencyExtensionDelegateBeanInfo> (0x00000006afebbb30) 
thrown [s\src\hotspot\share\classfile\systemDictionary.cpp, line 312]
Event: 22.520 Thread 0x000001e0f567a6f0 Exception <a 'java/lang/ClassNotFoundException'{0x00000006afecc348}: org/jetbrains/kotlin/gradle/targets/js/npm/NpmDependencyExtensionDelegateCustomizer> (0x00000006afecc348) 
thrown [s\src\hotspot\share\classfile\systemDictionary.cpp, line 312]
Event: 22.521 Thread 0x000001e0f567a6f0 Exception <a 'java/lang/ClassNotFoundException'{0x00000006aff011d8}: org/jetbrains/kotlin/gradle/targets/js/npm/NpmDependencyExtensionKt$defaultNpmDependencyDelegate$1Customizer> (0x00000006aff011d8) 
thrown [s\src\hotspot\share\classfile\systemDictionary.cpp, line 312]
Event: 22.523 Thread 0x000001e0f567a6f0 Exception <a 'java/lang/ClassNotFoundException'{0x00000006aff43408}: org/jetbrains/kotlin/gradle/targets/js/npm/DefaultDevNpmDependencyExtensionBeanInfo> (0x00000006aff43408) 
thrown [s\src\hotspot\share\classfile\systemDictionary.cpp, line 312]
Event: 22.523 Thread 0x000001e0f567a6f0 Exception <a 'java/lang/ClassNotFoundException'{0x00000006aff53c30}: org/jetbrains/kotlin/gradle/targets/js/npm/DefaultDevNpmDependencyExtensionCustomizer> (0x00000006aff53c30) 
thrown [s\src\hotspot\share\classfile\systemDictionary.cpp, line 312]
Event: 22.526 Thread 0x000001e0f567a6f0 Exception <a 'java/lang/ClassNotFoundException'{0x00000006aff9f050}: org/jetbrains/kotlin/gradle/targets/js/npm/DefaultPeerNpmDependencyExtensionBeanInfo> (0x00000006aff9f050) 
thrown [s\src\hotspot\share\classfile\systemDictionary.cpp, line 312]
Event: 22.526 Thread 0x000001e0f567a6f0 Exception <a 'java/lang/ClassNotFoundException'{0x00000006affaf928}: org/jetbrains/kotlin/gradle/targets/js/npm/DefaultPeerNpmDependencyExtensionCustomizer> (0x00000006affaf928) 
thrown [s\src\hotspot\share\classfile\systemDictionary.cpp, line 312]
Event: 22.528 Thread 0x000001e0f567a6f0 Exception <a 'java/lang/ClassNotFoundException'{0x00000006af8047e8}: org/jetbrains/kotlin/gradle/targets/js/npm/DefaultPeerNpmDependencyExtension$delegate$1BeanInfo> (0x00000006af8047e8) 
thrown [s\src\hotspot\share\classfile\systemDictionary.cpp, line 312]
Event: 22.529 Thread 0x000001e0f567a6f0 Exception <a 'java/lang/ClassNotFoundException'{0x00000006af815940}: org/jetbrains/kotlin/gradle/targets/js/npm/DefaultPeerNpmDependencyExtension$delegate$1Customizer> (0x00000006af815940) 
thrown [s\src\hotspot\share\classfile\systemDictionary.cpp, line 312]
Event: 22.541 Thread 0x000001e0f567a6f0 Exception <a 'java/lang/NoSuchMethodError'{0x00000006af938bf0}: static Lorg/jetbrains/kotlin/gradle/plugin/internal/DefaultIdeaSyncDetector$createIdeaPropertiesEvaluator$1;.<clinit>()V> (0x00000006af938bf0) 
thrown [s\src\hotspot\share\prims\jni.cpp, line 1144]

ZGC Phase Switch (0 events):
No events

VM Operations (20 events):
Event: 20.423 Executing non-safepoint VM operation: HandshakeAllThreads (Deoptimize) done
Event: 20.554 Executing non-safepoint VM operation: HandshakeAllThreads (Deoptimize)
Event: 20.554 Executing non-safepoint VM operation: HandshakeAllThreads (Deoptimize) done
Event: 20.596 Executing non-safepoint VM operation: HandshakeAllThreads (Deoptimize)
Event: 20.596 Executing non-safepoint VM operation: HandshakeAllThreads (Deoptimize) done
Event: 20.597 Executing non-safepoint VM operation: HandshakeAllThreads (Deoptimize)
Event: 20.597 Executing non-safepoint VM operation: HandshakeAllThreads (Deoptimize) done
Event: 20.877 Executing safepoint VM operation: ICBufferFull
Event: 20.877 Executing safepoint VM operation: ICBufferFull done
Event: 21.276 Executing non-safepoint VM operation: HandshakeAllThreads (Deoptimize)
Event: 21.276 Executing non-safepoint VM operation: HandshakeAllThreads (Deoptimize) done
Event: 21.552 Executing safepoint VM operation: ICBufferFull
Event: 21.552 Executing safepoint VM operation: ICBufferFull done
Event: 21.914 Executing non-safepoint VM operation: HandshakeAllThreads (Deoptimize)
Event: 21.915 Executing non-safepoint VM operation: HandshakeAllThreads (Deoptimize) done
Event: 22.438 Executing safepoint VM operation: ICBufferFull
Event: 22.438 Executing safepoint VM operation: ICBufferFull done
Event: 22.511 Executing non-safepoint VM operation: HandshakeAllThreads (Deoptimize)
Event: 22.511 Executing non-safepoint VM operation: HandshakeAllThreads (Deoptimize) done
Event: 22.570 Executing safepoint VM operation: CollectForMetadataAllocation (Metadata GC Threshold)

Memory protections (0 events):
No events

Nmethod flushes (20 events):
Event: 6.676 Thread 0x000001e0ee9960f0 flushing  nmethod 0x000001e0d58dde90
Event: 6.676 Thread 0x000001e0ee9960f0 flushing  nmethod 0x000001e0d5909790
Event: 6.676 Thread 0x000001e0ee9960f0 flushing  nmethod 0x000001e0d5959210
Event: 6.676 Thread 0x000001e0ee9960f0 flushing  nmethod 0x000001e0d5997290
Event: 6.676 Thread 0x000001e0ee9960f0 flushing  nmethod 0x000001e0d59b8490
Event: 6.676 Thread 0x000001e0ee9960f0 flushing  nmethod 0x000001e0d59f9910
Event: 6.676 Thread 0x000001e0ee9960f0 flushing  nmethod 0x000001e0d59fa910
Event: 6.676 Thread 0x000001e0ee9960f0 flushing  nmethod 0x000001e0d5a24b10
Event: 6.676 Thread 0x000001e0ee9960f0 flushing  nmethod 0x000001e0d5a34510
Event: 6.676 Thread 0x000001e0ee9960f0 flushing  nmethod 0x000001e0d5a38990
Event: 6.676 Thread 0x000001e0ee9960f0 flushing  nmethod 0x000001e0d5a38d90
Event: 6.676 Thread 0x000001e0ee9960f0 flushing  nmethod 0x000001e0d5af1090
Event: 6.676 Thread 0x000001e0ee9960f0 flushing  nmethod 0x000001e0d5af3710
Event: 6.676 Thread 0x000001e0ee9960f0 flushing  nmethod 0x000001e0d5b2ae10
Event: 6.676 Thread 0x000001e0ee9960f0 flushing  nmethod 0x000001e0d5bbb890
Event: 6.676 Thread 0x000001e0ee9960f0 flushing  nmethod 0x000001e0d5bedb10
Event: 6.676 Thread 0x000001e0ee9960f0 flushing  nmethod 0x000001e0d5bf5590
Event: 6.676 Thread 0x000001e0ee9960f0 flushing  nmethod 0x000001e0d5c39a10
Event: 6.676 Thread 0x000001e0ee9960f0 flushing  nmethod 0x000001e0d5c5fc10
Event: 6.676 Thread 0x000001e0ee9960f0 flushing  nmethod 0x000001e0d5cd0c10

Events (20 events):
Event: 19.419 Thread 0x000001e0f567a6f0 Thread added: 0x000001e0f907f580
Event: 19.419 Thread 0x000001e0f567a6f0 Thread added: 0x000001e0f907fc10
Event: 19.419 Thread 0x000001e0f567a6f0 Thread added: 0x000001e0f9bb1e50
Event: 19.428 Thread 0x000001e0f567a6f0 Thread added: 0x000001e0f9bb0410
Event: 19.429 Thread 0x000001e0f567a6f0 Thread added: 0x000001e0f9bafd80
Event: 19.429 Thread 0x000001e0f567a6f0 Thread added: 0x000001e0f9bb24e0
Event: 19.430 Thread 0x000001e0f567a6f0 Thread added: 0x000001e0f9bb3200
Event: 19.431 Thread 0x000001e0f567a6f0 Thread added: 0x000001e0f9bb3890
Event: 19.482 Thread 0x000001e0f567a6f0 Thread added: 0x000001e0f9bb3f20
Event: 19.483 Thread 0x000001e0f567a6f0 Thread added: 0x000001e0f9bb2b70
Event: 19.483 Thread 0x000001e0f567a6f0 Thread added: 0x000001e0f9bb0aa0
Event: 19.483 Thread 0x000001e0f567a6f0 Thread added: 0x000001e0f9bb45b0
Event: 19.484 Thread 0x000001e0f567a6f0 Thread added: 0x000001e0f9bb1130
Event: 20.080 Thread 0x000001e0f567a6f0 Thread added: 0x000001e0f9bb17c0
Event: 20.221 Thread 0x000001e0eeae5a50 Thread exited: 0x000001e0eeae5a50
Event: 20.319 Thread 0x000001e0eeae7c60 Thread added: 0x000001e0f404ac80
Event: 20.448 Thread 0x000001e0f567a6f0 Thread added: 0x000001e0f9bb52d0
Event: 21.765 Thread 0x000001e0f404ac80 Thread exited: 0x000001e0f404ac80
Event: 21.811 Thread 0x000001e0f567a6f0 Thread added: 0x000001e0f9bb5960
Event: 22.189 Thread 0x000001e0eeae4090 Thread added: 0x000001e0f404c0f0


Dynamic libraries:
0x00007ff794100000 - 0x00007ff79410a000 	C:\Program Files\Android\Android Studio\jbr\bin\java.exe
0x00007fffbd720000 - 0x00007fffbd988000 	C:\WINDOWS\SYSTEM32\ntdll.dll
0x00007fffbbb30000 - 0x00007fffbbbf9000 	C:\WINDOWS\System32\KERNEL32.DLL
0x00007fffbae00000 - 0x00007fffbb1f8000 	C:\WINDOWS\System32\KERNELBASE.dll
0x00007fffbaa80000 - 0x00007fffbabcb000 	C:\WINDOWS\System32\ucrtbase.dll
0x00007fffad460000 - 0x00007fffad47b000 	C:\Program Files\Android\Android Studio\jbr\bin\VCRUNTIME140.dll
0x00007fff76870000 - 0x00007fff76888000 	C:\Program Files\Android\Android Studio\jbr\bin\jli.dll
0x00007fffbd3f0000 - 0x00007fffbd5b7000 	C:\WINDOWS\System32\USER32.dll
0x00007fffa4820000 - 0x00007fffa4ab4000 	C:\WINDOWS\WinSxS\amd64_microsoft.windows.common-controls_6595b64144ccf1df_6.0.26100.7019_none_3e06ffa0e335b8a8\COMCTL32.dll
0x00007fffbaa50000 - 0x00007fffbaa77000 	C:\WINDOWS\System32\win32u.dll
0x00007fffbc4f0000 - 0x00007fffbc599000 	C:\WINDOWS\System32\msvcrt.dll
0x00007fffbc070000 - 0x00007fffbc09b000 	C:\WINDOWS\System32\GDI32.dll
0x00007fffba920000 - 0x00007fffbaa4c000 	C:\WINDOWS\System32\gdi32full.dll
0x00007fffba870000 - 0x00007fffba913000 	C:\WINDOWS\System32\msvcp_win.dll
0x00007fffbd3b0000 - 0x00007fffbd3e1000 	C:\WINDOWS\System32\IMM32.DLL
0x00007fffad4e0000 - 0x00007fffad4ec000 	C:\Program Files\Android\Android Studio\jbr\bin\vcruntime140_1.dll
0x00007fff5d490000 - 0x00007fff5d51d000 	C:\Program Files\Android\Android Studio\jbr\bin\msvcp140.dll
0x00007fff50a00000 - 0x00007fff51696000 	C:\Program Files\Android\Android Studio\jbr\bin\server\jvm.dll
0x00007fffbc320000 - 0x00007fffbc3d4000 	C:\WINDOWS\System32\ADVAPI32.dll
0x00007fffbd300000 - 0x00007fffbd3a6000 	C:\WINDOWS\System32\sechost.dll
0x00007fffbd5c0000 - 0x00007fffbd6d8000 	C:\WINDOWS\System32\RPCRT4.dll
0x00007fffbc5a0000 - 0x00007fffbc614000 	C:\WINDOWS\System32\WS2_32.dll
0x00007fffba6d0000 - 0x00007fffba72e000 	C:\WINDOWS\SYSTEM32\POWRPROF.dll
0x00007fffad420000 - 0x00007fffad455000 	C:\WINDOWS\SYSTEM32\WINMM.dll
0x00007fffb4a20000 - 0x00007fffb4a2b000 	C:\WINDOWS\SYSTEM32\VERSION.dll
0x00007fffba6b0000 - 0x00007fffba6c4000 	C:\WINDOWS\SYSTEM32\UMPDC.dll
0x00007fffb9630000 - 0x00007fffb964b000 	C:\WINDOWS\SYSTEM32\kernel.appcore.dll
0x00007fffab580000 - 0x00007fffab58a000 	C:\Program Files\Android\Android Studio\jbr\bin\jimage.dll
0x00007fffa50c0000 - 0x00007fffa5302000 	C:\WINDOWS\SYSTEM32\DBGHELP.DLL
0x00007fffbbc00000 - 0x00007fffbbf8b000 	C:\WINDOWS\System32\combase.dll
0x00007fffbc240000 - 0x00007fffbc317000 	C:\WINDOWS\System32\OLEAUT32.dll
0x00007fff9dbd0000 - 0x00007fff9dc0c000 	C:\WINDOWS\SYSTEM32\dbgcore.DLL
0x00007fffbb200000 - 0x00007fffbb2a5000 	C:\WINDOWS\System32\bcryptPrimitives.dll
0x00007fffad530000 - 0x00007fffad53e000 	C:\Program Files\Android\Android Studio\jbr\bin\instrument.dll
0x00007fffaab60000 - 0x00007fffaab80000 	C:\Program Files\Android\Android Studio\jbr\bin\java.dll
0x00007fffaaab0000 - 0x00007fffaaac8000 	C:\Program Files\Android\Android Studio\jbr\bin\zip.dll
0x00007fffbc850000 - 0x00007fffbcf9f000 	C:\WINDOWS\System32\SHELL32.dll
0x00007fffbabd0000 - 0x00007fffbad3b000 	C:\WINDOWS\System32\wintypes.dll
0x00007fffb84d0000 - 0x00007fffb8d2d000 	C:\WINDOWS\SYSTEM32\windows.storage.dll
0x00007fffbb9c0000 - 0x00007fffbbab2000 	C:\WINDOWS\System32\SHCORE.dll
0x00007fffbbac0000 - 0x00007fffbbb27000 	C:\WINDOWS\System32\shlwapi.dll
0x00007fffba760000 - 0x00007fffba789000 	C:\WINDOWS\SYSTEM32\profapi.dll
0x00007fffaaaa0000 - 0x00007fffaaab0000 	C:\Program Files\Android\Android Studio\jbr\bin\net.dll
0x00007fffb48b0000 - 0x00007fffb49d8000 	C:\WINDOWS\SYSTEM32\WINHTTP.dll
0x00007fffb9ba0000 - 0x00007fffb9c0b000 	C:\WINDOWS\system32\mswsock.dll
0x00007fffa8d70000 - 0x00007fffa8d86000 	C:\Program Files\Android\Android Studio\jbr\bin\nio.dll
0x00007fffa10e0000 - 0x00007fffa10f0000 	C:\Program Files\Android\Android Studio\jbr\bin\verify.dll
0x00007fff6ed00000 - 0x00007fff6ed27000 	C:\Users\asusp\.gradle\native\1def1411415f61bf3af743bc5b6707747c0891f09f0c88961ee8f79bc544acac\windows-amd64\native-platform.dll
0x00007fff58560000 - 0x00007fff585d8000 	C:\Users\asusp\.gradle\native\0.2.7\x86_64-windows-gnu\gradle-fileevents.dll
0x00007fffa6cf0000 - 0x00007fffa6cf9000 	C:\Program Files\Android\Android Studio\jbr\bin\management.dll
0x00007fffa2c10000 - 0x00007fffa2c1b000 	C:\Program Files\Android\Android Studio\jbr\bin\management_ext.dll
0x00007fffbc6a0000 - 0x00007fffbc6a8000 	C:\WINDOWS\System32\PSAPI.DLL
0x00007fffb9040000 - 0x00007fffb9074000 	C:\WINDOWS\SYSTEM32\IPHLPAPI.DLL
0x00007fffbc4e0000 - 0x00007fffbc4ea000 	C:\WINDOWS\System32\NSI.dll
0x00007fffaaa90000 - 0x00007fffaaa99000 	C:\Program Files\Android\Android Studio\jbr\bin\extnet.dll
0x00007fffb9e60000 - 0x00007fffb9e7b000 	C:\WINDOWS\SYSTEM32\CRYPTSP.dll
0x00007fffb9590000 - 0x00007fffb95ca000 	C:\WINDOWS\system32\rsaenh.dll
0x00007fffb9c50000 - 0x00007fffb9c7b000 	C:\WINDOWS\SYSTEM32\USERENV.dll
0x00007fffba790000 - 0x00007fffba7ba000 	C:\WINDOWS\SYSTEM32\bcrypt.dll
0x00007fffb9e80000 - 0x00007fffb9e8c000 	C:\WINDOWS\SYSTEM32\CRYPTBASE.dll
0x00007fffa9670000 - 0x00007fffa9678000 	C:\WINDOWS\system32\wshunix.dll

JVMTI agents:
C:\Users\asusp\.gradle\wrapper\dists\gradle-8.14.3-bin\cv11ve7ro1n3o1j4so8xd9n66\gradle-8.14.3\lib\agents\gradle-instrumentation-agent-8.14.3.jar path:C:\Program Files\Android\Android Studio\jbr\bin\instrument.dll, loaded, initialized, instrumentlib options:none

dbghelp: loaded successfully - version: 4.0.5 - missing functions: none
symbol engine: initialized successfully - sym options: 0x614 - pdb path: .;C:\Program Files\Android\Android Studio\jbr\bin;C:\WINDOWS\SYSTEM32;C:\WINDOWS\WinSxS\amd64_microsoft.windows.common-controls_6595b64144ccf1df_6.0.26100.7019_none_3e06ffa0e335b8a8;C:\Program Files\Android\Android Studio\jbr\bin\server;C:\Users\asusp\.gradle\native\1def1411415f61bf3af743bc5b6707747c0891f09f0c88961ee8f79bc544acac\windows-amd64;C:\Users\asusp\.gradle\native\0.2.7\x86_64-windows-gnu

VM Arguments:
jvm_args: --add-opens=java.base/java.lang=ALL-UNNAMED --add-opens=java.base/java.lang.invoke=ALL-UNNAMED --add-opens=java.base/java.util=ALL-UNNAMED --add-opens=java.prefs/java.util.prefs=ALL-UNNAMED --add-exports=jdk.compiler/com.sun.tools.javac.api=ALL-UNNAMED --add-exports=jdk.compiler/com.sun.tools.javac.util=ALL-UNNAMED --add-opens=java.base/java.util=ALL-UNNAMED --add-opens=java.prefs/java.util.prefs=ALL-UNNAMED --add-opens=java.base/java.nio.charset=ALL-UNNAMED --add-opens=java.base/java.net=ALL-UNNAMED --add-opens=java.base/java.util.concurrent.atomic=ALL-UNNAMED --add-opens=java.xml/javax.xml.namespace=ALL-UNNAMED -XX:MaxMetaspaceSize=1g -XX:+HeapDumpOnOutOfMemoryError -XX:+UseG1GC -Xms1g -Xmx6g -Dfile.encoding=UTF-8 -Duser.country=US -Duser.language=en -Duser.variant -javaagent:C:\Users\asusp\.gradle\wrapper\dists\gradle-8.14.3-bin\cv11ve7ro1n3o1j4so8xd9n66\gradle-8.14.3\lib\agents\gradle-instrumentation-agent-8.14.3.jar 
java_command: org.gradle.launcher.daemon.bootstrap.GradleDaemon 8.14.3
java_class_path (initial): C:\Users\asusp\.gradle\wrapper\dists\gradle-8.14.3-bin\cv11ve7ro1n3o1j4so8xd9n66\gradle-8.14.3\lib\gradle-daemon-main-8.14.3.jar
Launcher Type: SUN_STANDARD

[Global flags]
     intx CICompilerCount                          = 3                                         {product} {ergonomic}
   size_t CompressedClassSpaceSize                 = 872415232                                 {product} {ergonomic}
     uint ConcGCThreads                            = 2                                         {product} {ergonomic}
     uint G1ConcRefinementThreads                  = 6                                         {product} {ergonomic}
   size_t G1HeapRegionSize                         = 4194304                                   {product} {ergonomic}
    uintx GCDrainStackTargetSize                   = 64                                        {product} {ergonomic}
     bool HeapDumpOnOutOfMemoryError               = true                                   {manageable} {command line}
   size_t InitialHeapSize                          = 1073741824                                {product} {command line}
   size_t MarkStackSize                            = 4194304                                   {product} {ergonomic}
   size_t MaxHeapSize                              = 6442450944                                {product} {command line}
   size_t MaxMetaspaceSize                         = 1073741824                                {product} {command line}
   size_t MaxNewSize                               = 3862953984                                {product} {ergonomic}
   size_t MinHeapDeltaBytes                        = 4194304                                   {product} {ergonomic}
   size_t MinHeapSize                              = 1073741824                                {product} {command line}
    uintx NonNMethodCodeHeapSize                   = 5832780                                {pd product} {ergonomic}
    uintx NonProfiledCodeHeapSize                  = 122912730                              {pd product} {ergonomic}
    uintx ProfiledCodeHeapSize                     = 122912730                              {pd product} {ergonomic}
    uintx ReservedCodeCacheSize                    = 251658240                              {pd product} {ergonomic}
     bool SegmentedCodeCache                       = true                                      {product} {ergonomic}
   size_t SoftMaxHeapSize                          = 6442450944                             {manageable} {ergonomic}
     bool UseCompressedOops                        = true                           {product lp64_product} {ergonomic}
     bool UseG1GC                                  = true                                      {product} {command line}
     bool UseLargePagesIndividualAllocation        = false                                  {pd product} {ergonomic}

Logging:
Log output configuration:
 #0: stdout all=warning uptime,level,tags foldmultilines=false
 #1: stderr all=off uptime,level,tags foldmultilines=false

Release file:
JAVA_VERSION="21.0.10" 
MODULES="java.base java.compiler java.datatransfer java.xml java.prefs java.desktop java.instrument java.logging java.management java.security.sasl java.naming java.rmi java.management.rmi java.net.http java.scripting java.security.jgss java.transaction.xa java.sql java.sql.rowset java.xml.crypto java.se java.smartcardio jdk.accessibility jdk.internal.jvmstat jdk.attach jdk.charsets jdk.internal.opt jdk.zipfs jdk.compiler jdk.crypto.ec jdk.crypto.cryptoki jdk.dynalink jdk.hotspot.agent jdk.httpserver jdk.internal.ed jdk.internal.le jdk.internal.vm.ci jdk.jartool jdk.javadoc jdk.jcmd jdk.jdeps jdk.jdwp.agent jdk.jdi jdk.jfr jdk.jlink jdk.jsobject jdk.localedata jdk.management jdk.management.agent jdk.management.jfr jdk.naming.dns jdk.naming.rmi jdk.net jdk.sctp jdk.security.auth jdk.security.jgss jdk.unsupported jdk.unsupported.desktop jdk.xml.dom" 
IMPLEMENTOR="JetBrains s.r.o." 
JAVA_RUNTIME_VERSION="21.0.10+-14961533-b1163.108" 
LIBC="default" 
OS_ARCH="x86_64" 
OS_NAME="Windows" 
SOURCE=".:git:1351622c2ff2" 

Environment Variables:
PATH=C:\WINDOWS\system32;C:\WINDOWS;C:\WINDOWS\System32\Wbem;C:\WINDOWS\System32\WindowsPowerShell\v1.0\;C:\WINDOWS\System32\OpenSSH\;C:\Program Files (x86)\NVIDIA Corporation\PhysX\Common;C:\Program Files\NVIDIA Corporation\NVIDIA NvDLISR;C:\Program Files\Microsoft SQL Server\150\Tools\Binn\;C:\Program Files\Microsoft SQL Server\Client SDK\ODBC\170\Tools\Binn\;C:\Program Files\dotnet\;C:\Program Files (x86)\Microsoft SQL Server\160\Tools\Binn\;C:\Program Files\Microsoft SQL Server\160\Tools\Binn\;C:\Program Files\Microsoft SQL Server\160\DTS\Binn\;C:\Program Files (x86)\Microsoft SQL Server\160\DTS\Binn\;C:\Program Files\cursor\resources\app\bin;C:\Program Files\Git\cmd;C:\Users\asusp\AppData\Local\Programs\Python\Python313\Scripts\;C:\Users\asusp\AppData\Local\Programs\Python\Python313\;C:\Users\asusp\AppData\Local\Programs\Python\Launcher\;C:\Users\asusp\AppData\Local\Microsoft\WindowsApps;C:\Users\asusp\AppData\Local\Programs\Microsoft VS Code\bin;C:\Users\asusp\.dotnet\tools
USERNAME=asusp
OS=Windows_NT
PROCESSOR_IDENTIFIER=Intel64 Family 6 Model 158 Stepping 13, GenuineIntel
TMP=C:\Users\asusp\AppData\Local\Temp
TEMP=C:\Users\asusp\AppData\Local\Temp




Periodic native trim disabled

JNI global refs:
JNI global refs: 26, weak refs: 0

JNI global refs memory usage: 835, weak refs: 833

Process memory usage:
Resident Set Size: 889652K (5% of 16682092K total physical memory with 2392832K free physical memory)

OOME stack traces (most recent first):
Classloader memory used:
Loader org.gradle.internal.classloader.VisitableURLClassLoader                         : 40933K
Loader bootstrap                                                                       : 27693K
Loader org.gradle.internal.classloader.VisitableURLClassLoader$InstrumentingVisitableURLClassLoader: 16035K
Loader org.gradle.initialization.MixInLegacyTypesClassLoader                           : 11875K
Loader org.gradle.groovy.scripts.internal.DefaultScriptCompilationHandler$ScriptClassLoader: 837K
Loader jdk.internal.loader.ClassLoaders$PlatformClassLoader                            : 501K
Loader jdk.internal.loader.ClassLoaders$AppClassLoader                                 : 236K
Loader jdk.internal.reflect.DelegatingClassLoader                                      : 203K
Loader org.codehaus.groovy.runtime.callsite.CallSiteClassLoader                        : 74152B
Loader sun.reflect.misc.MethodUtil                                                     : 2984B

Classes loaded by more than one classloader:
Class com.google.common.base.PairwiseEquivalence                                      : loaded 2 times (x 83B)
Class com.google.common.base.Equivalence$Identity                                     : loaded 2 times (x 82B)
Class com.google.common.collect.RegularImmutableMap$KeySet                            : loaded 2 times (x 152B)
Class org.gradle.internal.classloader.FilteringClassLoader                            : loaded 2 times (x 105B)
Class com.google.common.base.CharMatcher$IsEither                                     : loaded 2 times (x 111B)
Class org.gradle.internal.classloader.ClassLoaderHierarchy                            : loaded 2 times (x 70B)
Class com.google.common.collect.ImmutableEnumSet                                      : loaded 2 times (x 146B)
Class com.google.common.util.concurrent.ExecutionError                                : loaded 2 times (x 82B)
Class com.google.common.collect.ImmutableList$1                                       : loaded 2 times (x 97B)
Class org.gradle.api.internal.classpath.ManifestUtil                                  : loaded 2 times (x 71B)
Class com.google.common.collect.RegularImmutableMap                                   : loaded 2 times (x 121B)
Class com.google.common.collect.ImmutableMap$MapViewOfValuesAsSingletonSets           : loaded 2 times (x 126B)
Class [Lorg.objectweb.asm.Symbol;                                                     : loaded 2 times (x 69B)
Class org.objectweb.asm.ClassVisitor                                                  : loaded 2 times (x 88B)
Class com.google.common.collect.UnmodifiableListIterator                              : loaded 2 times (x 95B)
Class org.objectweb.asm.MethodTooLargeException                                       : loaded 2 times (x 83B)
Class [Lcom.google.common.cache.CacheBuilder$OneWeigher;                              : loaded 2 times (x 69B)
Class com.google.common.base.Suppliers                                                : loaded 2 times (x 71B)
Class org.gradle.internal.classloader.DefaultClassLoaderFactory                       : loaded 2 times (x 82B)
Class org.gradle.internal.classloader.ClassLoaderVisitor                              : loaded 2 times (x 76B)
Class [Lcom.google.common.collect.ImmutableMapEntry;                                  : loaded 2 times (x 69B)
Class org.gradle.api.internal.classpath.EffectiveClassPath                            : loaded 2 times (x 90B)
Class com.google.common.collect.ListMultimap                                          : loaded 2 times (x 70B)
Class com.google.common.collect.ImmutableEnumMap                                      : loaded 2 times (x 126B)
Class com.google.common.collect.Sets$1                                                : loaded 2 times (x 139B)
Class org.objectweb.asm.AnnotationVisitor                                             : loaded 2 times (x 78B)
Class org.gradle.api.internal.DefaultClassPathProvider                                : loaded 2 times (x 76B)
Class com.google.common.collect.Sets$2                                                : loaded 2 times (x 139B)
Class [Lorg.gradle.api.internal.ClassPathProvider;                                    : loaded 2 times (x 69B)
Class org.gradle.api.internal.ClassPathProvider                                       : loaded 2 times (x 70B)
Class com.google.common.collect.Sets$3                                                : loaded 2 times (x 139B)
Class com.google.common.cache.LocalCache$LocalLoadingCache                            : loaded 2 times (x 134B)
Class org.gradle.internal.service.UnknownServiceException                             : loaded 2 times (x 83B)
Class com.google.common.collect.Sets$4                                                : loaded 2 times (x 139B)
Class org.objectweb.asm.ModuleVisitor                                                 : loaded 2 times (x 81B)
Class com.google.common.cache.LocalCache$Strength$1                                   : loaded 2 times (x 81B)
Class com.google.common.util.concurrent.SettableFuture                                : loaded 2 times (x 114B)
Class com.google.common.cache.LocalCache$Strength$2                                   : loaded 2 times (x 81B)
Class com.google.common.cache.LocalCache$Strength$3                                   : loaded 2 times (x 81B)
Class com.google.common.collect.MapDifference                                         : loaded 2 times (x 70B)
Class org.objectweb.asm.FieldWriter                                                   : loaded 2 times (x 78B)
Class com.google.common.cache.CacheBuilder$NullListener                               : loaded 2 times (x 82B)
Class org.gradle.internal.classpath.TransformedClassPath                              : loaded 2 times (x 96B)
Class org.gradle.internal.classloader.InstrumentingClassLoader                        : loaded 2 times (x 70B)
Class com.google.common.cache.CacheLoader$FunctionToCacheLoader                       : loaded 2 times (x 75B)
Class com.google.common.collect.Iterators$ArrayItr                                    : loaded 2 times (x 97B)
Class com.google.common.collect.ImmutableCollection$Builder                           : loaded 2 times (x 76B)
Class com.google.common.base.Joiner                                                   : loaded 2 times (x 79B)
Class com.google.common.base.MoreObjects                                              : loaded 2 times (x 71B)
Class com.google.common.collect.Platform                                              : loaded 2 times (x 71B)
Class [Lorg.objectweb.asm.Type;                                                       : loaded 2 times (x 69B)
Class com.google.common.collect.UnmodifiableIterator                                  : loaded 2 times (x 80B)
Class org.gradle.internal.service.ServiceLocator                                      : loaded 2 times (x 70B)
Class com.google.common.base.Ascii                                                    : loaded 2 times (x 71B)
Class com.google.common.cache.LocalCache$1                                            : loaded 2 times (x 89B)
Class com.google.common.collect.Iterators$SingletonIterator                           : loaded 2 times (x 81B)
Class com.google.common.collect.AbstractMapEntry                                      : loaded 2 times (x 81B)
Class com.google.common.collect.AbstractMultimap                                      : loaded 2 times (x 123B)
Class com.google.common.cache.LocalCache$2                                            : loaded 2 times (x 142B)
Class com.google.common.collect.RegularImmutableAsList                                : loaded 2 times (x 217B)
Class com.google.common.util.concurrent.AbstractFuture$Trusted                        : loaded 2 times (x 70B)
Class com.google.common.collect.Iterators                                             : loaded 2 times (x 71B)
Class com.google.common.collect.Lists$StringAsImmutableList                           : loaded 2 times (x 207B)
Class com.google.common.util.concurrent.UncheckedExecutionException                   : loaded 2 times (x 82B)
Class org.gradle.internal.InternalTransformer                                         : loaded 2 times (x 70B)
Class org.objectweb.asm.ClassWriter                                                   : loaded 2 times (x 106B)
Class com.google.common.cache.CacheLoader$UnsupportedLoadingOperationException        : loaded 2 times (x 82B)
Class com.google.common.base.CharMatcher$And                                          : loaded 2 times (x 112B)
Class org.gradle.internal.classloader.ClasspathUtil$1                                 : loaded 2 times (x 76B)
Class org.objectweb.asm.FieldVisitor                                                  : loaded 2 times (x 77B)
Class com.google.common.collect.IndexedImmutableSet                                   : loaded 2 times (x 152B)
Class com.google.common.collect.ImmutableMap$1                                        : loaded 2 times (x 81B)
Class com.google.common.collect.BiMap                                                 : loaded 2 times (x 70B)
Class org.gradle.api.internal.classpath.DefaultModuleRegistry$DefaultModule           : loaded 2 times (x 86B)
Class com.google.common.primitives.Ints                                               : loaded 2 times (x 71B)
Class com.google.common.collect.AbstractIterator                                      : loaded 2 times (x 82B)
Class com.google.common.collect.ObjectArrays                                          : loaded 2 times (x 71B)
Class com.google.common.collect.Multiset                                              : loaded 2 times (x 70B)
Class com.google.common.collect.ArrayListMultimapGwtSerializationDependencies         : loaded 2 times (x 172B)
Class com.google.common.collect.AbstractIndexedListIterator                           : loaded 2 times (x 96B)
Class com.google.common.math.MathPreconditions                                        : loaded 2 times (x 71B)
Class com.google.common.collect.ImmutableMapEntrySet                                  : loaded 2 times (x 152B)
Class org.gradle.api.internal.classpath.Module                                        : loaded 2 times (x 70B)
Class com.google.common.cache.Weigher                                                 : loaded 2 times (x 70B)
Class ijJvmDebugger1_8gj7nwcya9wt08z44ufknpr82$_run_closure1$_closure2                : loaded 2 times (x 140B)
Class org.gradle.api.internal.classpath.UnknownModuleException                        : loaded 2 times (x 82B)
Class com.google.common.base.Stopwatch                                                : loaded 2 times (x 72B)
Class com.google.common.cache.LocalCache$Strength                                     : loaded 2 times (x 81B)
Class com.google.common.cache.Cache                                                   : loaded 2 times (x 70B)
Class com.google.common.util.concurrent.AbstractFuture$Cancellation                   : loaded 2 times (x 72B)
Class com.google.common.collect.ImmutableMap$Builder                                  : loaded 2 times (x 82B)
Class com.google.common.cache.RemovalListener                                         : loaded 2 times (x 70B)
Class org.gradle.api.internal.DefaultClassPathRegistry                                : loaded 2 times (x 76B)
Class com.google.common.primitives.IntsMethodsForWeb                                  : loaded 2 times (x 71B)
Class com.google.common.collect.Multimap                                              : loaded 2 times (x 70B)
Class org.gradle.api.internal.ClassPathRegistry                                       : loaded 2 times (x 70B)
Class org.gradle.internal.classpath.DefaultClassPath$ImmutableUniqueList              : loaded 2 times (x 199B)
Class ijKotlinCoroutineJvmDebugInit1_35wqmtfzl70ohyadsjc236hft$_run_closure1          : loaded 2 times (x 139B)
Class com.google.common.cache.CacheBuilder                                            : loaded 2 times (x 72B)
Class com.google.common.collect.SingletonImmutableList                                : loaded 2 times (x 207B)
Class org.gradle.internal.classpath.ClassPath                                         : loaded 2 times (x 70B)
Class org.gradle.api.UncheckedIOException                                             : loaded 2 times (x 82B)
Class com.google.common.collect.ImmutableList$ReverseImmutableList                    : loaded 2 times (x 209B)
Class org.objectweb.asm.SymbolTable$Entry                                             : loaded 2 times (x 74B)
Class org.objectweb.asm.Edge                                                          : loaded 2 times (x 72B)
Class com.google.common.base.Suppliers$SupplierOfInstance                             : loaded 2 times (x 79B)
Class com.google.common.collect.Iterators$1                                           : loaded 2 times (x 81B)
Class com.google.common.cache.LocalCache$ComputingValueReference                      : loaded 2 times (x 96B)
Class com.google.common.collect.SingletonImmutableSet                                 : loaded 2 times (x 146B)
Class com.google.common.collect.ImmutableMap$IteratorBasedImmutableMap                : loaded 2 times (x 126B)
Class com.google.common.cache.LocalCache$Segment                                      : loaded 2 times (x 154B)
Class com.google.common.collect.AbstractListMultimap                                  : loaded 2 times (x 172B)
Class [Lorg.objectweb.asm.SymbolTable$Entry;                                          : loaded 2 times (x 69B)
Class com.google.common.cache.CacheLoader                                             : loaded 2 times (x 74B)
Class com.google.common.collect.Iterators$4                                           : loaded 2 times (x 82B)
Class com.google.common.collect.ImmutableBiMap                                        : loaded 2 times (x 143B)
Class org.gradle.internal.installation.GradleInstallation$1                           : loaded 2 times (x 75B)
Class org.gradle.api.internal.classpath.ModuleRegistry                                : loaded 2 times (x 70B)
Class build_eomyylf731yw7se8h5meayt7h$_run_closure1                                   : loaded 2 times (x 139B)
Class com.google.common.util.concurrent.internal.InternalFutureFailureAccess          : loaded 2 times (x 72B)
Class com.google.common.collect.Iterators$5                                           : loaded 2 times (x 82B)
Class com.google.common.collect.ImmutableSet$JdkBackedSetBuilderImpl                  : loaded 2 times (x 76B)
Class build_eomyylf731yw7se8h5meayt7h$_run_closure2                                   : loaded 2 times (x 139B)
Class com.google.common.cache.LocalCache$LocalManualCache$1                           : loaded 2 times (x 75B)
Class com.google.common.base.CharMatcher$ForPredicate                                 : loaded 2 times (x 112B)
Class com.google.common.base.CharMatcher$AnyOf                                        : loaded 2 times (x 112B)
Class com.google.common.collect.ImmutableCollection                                   : loaded 2 times (x 125B)
Class org.gradle.api.internal.classpath.DefaultModuleRegistry                         : loaded 2 times (x 86B)
Class com.google.common.collect.Lists                                                 : loaded 2 times (x 71B)
Class com.google.common.util.concurrent.ListenableFuture                              : loaded 2 times (x 70B)
Class com.google.common.cache.ReferenceEntry                                          : loaded 2 times (x 70B)
Class com.google.common.base.Converter                                                : loaded 2 times (x 90B)
Class com.google.common.collect.ImmutableSet$CachingAsList                            : loaded 2 times (x 148B)
Class com.google.common.collect.AbstractMapBasedMultimap                              : loaded 2 times (x 139B)
Class com.google.common.util.concurrent.AbstractFuture                                : loaded 2 times (x 106B)
Class com.google.common.base.FunctionalEquivalence                                    : loaded 2 times (x 83B)
Class com.google.common.collect.Iterators$9                                           : loaded 2 times (x 81B)
Class com.google.common.collect.ImmutableAsList                                       : loaded 2 times (x 209B)
Class org.objectweb.asm.RecordComponentVisitor                                        : loaded 2 times (x 77B)
Class com.google.common.cache.CacheLoader$SupplierToCacheLoader                       : loaded 2 times (x 75B)
Class build_15ng1p34olpwfo1btju1wlbvx                                                 : loaded 2 times (x 180B)
Class org.gradle.internal.service.ServiceLookupException                              : loaded 2 times (x 82B)
Class [Lcom.google.common.cache.LocalCache$EntryFactory;                              : loaded 2 times (x 69B)
Class org.gradle.internal.classloader.ClassLoaderFactory                              : loaded 2 times (x 70B)
Class com.google.common.cache.LocalCache$LocalManualCache                             : loaded 2 times (x 99B)
Class com.google.common.base.CharMatcher$IsNot                                        : loaded 2 times (x 111B)
Class org.gradle.internal.service.CachingServiceLocator                               : loaded 2 times (x 82B)
Class com.google.common.math.IntMath                                                  : loaded 2 times (x 71B)
Class com.google.common.collect.ImmutableMapEntry                                     : loaded 2 times (x 85B)
Class com.google.common.base.Equivalence                                              : loaded 2 times (x 82B)
Class com.google.common.base.Function                                                 : loaded 2 times (x 70B)
Class com.google.common.collect.ImmutableMapEntry$NonTerminalImmutableMapEntry        : loaded 2 times (x 85B)
Class com.google.common.cache.CacheBuilder$OneWeigher                                 : loaded 2 times (x 82B)
Class com.google.common.collect.RegularImmutableList                                  : loaded 2 times (x 213B)
Class org.gradle.internal.classloader.ClasspathUtil                                   : loaded 2 times (x 71B)
Class com.google.common.util.concurrent.Uninterruptibles                              : loaded 2 times (x 71B)
Class com.google.common.util.concurrent.LazyLogger                                    : loaded 2 times (x 72B)
Class com.google.common.collect.Maps                                                  : loaded 2 times (x 71B)
Class org.gradle.api.specs.Spec                                                       : loaded 2 times (x 70B)
Class [Lcom.google.common.collect.ImmutableEntry;                                     : loaded 2 times (x 69B)
Class com.google.common.cache.LocalCache$LoadingValueReference                        : loaded 2 times (x 96B)
Class com.google.common.collect.Maps$8                                                : loaded 2 times (x 82B)
Class com.google.common.collect.Sets$SetView                                          : loaded 2 times (x 138B)
Class com.google.common.cache.LocalCache$StrongValueReference                         : loaded 2 times (x 90B)
Class org.objectweb.asm.Type                                                          : loaded 2 times (x 72B)
Class org.gradle.internal.classloader.VisitableURLClassLoader$InstrumentingVisitableURLClassLoader: loaded 2 times (x 123B)
Class org.objectweb.asm.ByteVector                                                    : loaded 2 times (x 79B)
Class [Lcom.google.common.cache.CacheBuilder$NullListener;                            : loaded 2 times (x 69B)
Class com.google.common.math.IntMath$1                                                : loaded 2 times (x 71B)
Class org.gradle.internal.classloader.VisitableURLClassLoader$Spec                    : loaded 2 times (x 74B)
Class org.gradle.internal.classpath.DefaultClassPath                                  : loaded 2 times (x 90B)
Class org.objectweb.asm.Symbol                                                        : loaded 2 times (x 73B)
Class com.google.common.base.CharMatcher$BitSetMatcher                                : loaded 2 times (x 112B)
Class com.google.common.collect.RegularImmutableMap$Values                            : loaded 2 times (x 207B)
Class com.google.common.collect.ImmutableSet                                          : loaded 2 times (x 145B)
Class org.gradle.internal.classloader.ClassLoaderSpec                                 : loaded 2 times (x 71B)
Class org.objectweb.asm.AnnotationWriter                                              : loaded 2 times (x 79B)
Class com.google.common.cache.CacheStats                                              : loaded 2 times (x 71B)
Class org.objectweb.asm.RecordComponentWriter                                         : loaded 2 times (x 78B)
Class com.google.common.util.concurrent.AbstractFuture$Listener                       : loaded 2 times (x 72B)
Class com.google.common.base.CharMatcher$Or                                           : loaded 2 times (x 112B)
Class org.objectweb.asm.Attribute                                                     : loaded 2 times (x 77B)
Class com.google.common.base.Supplier                                                 : loaded 2 times (x 70B)
Class org.gradle.internal.classloader.VisitableURLClassLoader                         : loaded 2 times (x 117B)
Class org.gradle.internal.Cast                                                        : loaded 2 times (x 71B)
Class org.gradle.api.Action                                                           : loaded 2 times (x 70B)
Class com.google.common.collect.Sets                                                  : loaded 2 times (x 71B)
Class org.objectweb.asm.Handler                                                       : loaded 2 times (x 72B)
Class com.google.common.base.Ticker                                                   : loaded 2 times (x 72B)
Class com.google.common.base.CharMatcher$FastMatcher                                  : loaded 2 times (x 111B)
Class [Lcom.google.common.cache.LocalCache$Segment;                                   : loaded 2 times (x 69B)
Class [Lcom.google.common.cache.LocalCache$Strength;                                  : loaded 2 times (x 69B)
Class com.google.common.cache.CacheBuilder$1                                          : loaded 2 times (x 85B)
Class com.google.common.base.Predicate                                                : loaded 2 times (x 70B)
Class com.google.common.collect.ImmutableMap                                          : loaded 2 times (x 120B)
Class org.gradle.internal.classpath.DefaultClassPath$ImmutableUniqueList$Builder      : loaded 2 times (x 75B)
Class com.google.common.cache.LocalCache                                              : loaded 2 times (x 187B)
Class com.google.common.cache.CacheBuilder$2                                          : loaded 2 times (x 79B)
Class com.google.common.base.CharMatcher$NegatedFastMatcher                           : loaded 2 times (x 113B)
Class ijKotlinCoroutineJvmDebugInit1_35wqmtfzl70ohyadsjc236hft                        : loaded 2 times (x 179B)
Class com.google.common.collect.ArrayListMultimap                                     : loaded 2 times (x 172B)
Class com.google.common.cache.CacheBuilder$3                                          : loaded 2 times (x 72B)
Class [Lcom.google.common.collect.AbstractMapEntry;                                   : loaded 2 times (x 69B)
Class com.google.common.collect.ImmutableEntry                                        : loaded 2 times (x 82B)
Class ijJvmDebugger1_8gj7nwcya9wt08z44ufknpr82                                        : loaded 2 times (x 179B)
Class org.gradle.api.GradleException                                                  : loaded 2 times (x 82B)
Class com.google.common.collect.CollectPreconditions                                  : loaded 2 times (x 71B)
Class ijJvmDebugger1_8gj7nwcya9wt08z44ufknpr82$_run_closure1                          : loaded 2 times (x 139B)
Class com.google.common.collect.SortedMapDifference                                   : loaded 2 times (x 70B)
Class build_eomyylf731yw7se8h5meayt7h                                                 : loaded 2 times (x 180B)
Class com.google.common.cache.LocalCache$EntryFactory                                 : loaded 2 times (x 83B)
Class com.google.common.cache.LocalCache$AbstractReferenceEntry                       : loaded 2 times (x 107B)
Class org.gradle.internal.IoActions                                                   : loaded 2 times (x 71B)
Class org.objectweb.asm.SymbolTable                                                   : loaded 2 times (x 72B)
Class com.google.common.cache.CacheLoader$InvalidCacheLoadException                   : loaded 2 times (x 82B)
Class com.google.common.collect.ImmutableSet$RegularSetBuilderImpl                    : loaded 2 times (x 77B)
Class org.gradle.internal.classloader.SystemClassLoaderSpec                           : loaded 2 times (x 71B)
Class com.google.common.cache.LocalCache$StrongEntry                                  : loaded 2 times (x 108B)
Class com.google.common.util.concurrent.AbstractFuture$TrustedFuture                  : loaded 2 times (x 114B)
Class com.google.common.cache.LoadingCache                                            : loaded 2 times (x 70B)
Class org.objectweb.asm.MethodWriter                                                  : loaded 2 times (x 106B)
Class [Lcom.google.common.cache.Weigher;                                              : loaded 2 times (x 69B)
Class com.google.common.collect.RegularImmutableMap$BucketOverflowException           : loaded 2 times (x 82B)
Class com.google.common.cache.LocalCache$ValueReference                               : loaded 2 times (x 70B)
Class com.google.common.base.CharMatcher$Negated                                      : loaded 2 times (x 113B)
Class com.google.common.base.CharMatcher$Is                                           : loaded 2 times (x 111B)
Class com.google.common.util.concurrent.AbstractFuture$Failure                        : loaded 2 times (x 72B)
Class com.google.common.base.Equivalence$Equals                                       : loaded 2 times (x 82B)
Class com.google.common.collect.Hashing                                               : loaded 2 times (x 71B)
Class com.google.common.base.Preconditions                                            : loaded 2 times (x 71B)
Class com.google.common.base.Joiner$1                                                 : loaded 2 times (x 80B)
Class org.objectweb.asm.Label                                                         : loaded 2 times (x 73B)
Class org.objectweb.asm.CurrentFrame                                                  : loaded 2 times (x 73B)
Class org.objectweb.asm.ClassTooLargeException                                        : loaded 2 times (x 83B)
Class com.google.common.base.CharMatcher                                              : loaded 2 times (x 111B)
Class com.google.common.collect.PeekingIterator                                       : loaded 2 times (x 70B)
Class com.google.common.base.Joiner$2                                                 : loaded 2 times (x 79B)
Class org.objectweb.asm.Frame                                                         : loaded 2 times (x 73B)
Class org.objectweb.asm.MethodVisitor                                                 : loaded 2 times (x 105B)
Class com.google.common.cache.LocalCache$EntryFactory$1                               : loaded 2 times (x 83B)
Class [Lcom.google.common.cache.RemovalListener;                                      : loaded 2 times (x 69B)
Class com.google.common.base.CharMatcher$1                                            : loaded 2 times (x 113B)
Class com.google.common.base.CharMatcher$NamedFastMatcher                             : loaded 2 times (x 112B)
Class com.google.common.cache.LocalCache$EntryFactory$2                               : loaded 2 times (x 83B)
Class org.gradle.api.internal.classpath.GlobalCacheRootsProvider                      : loaded 2 times (x 70B)
Class org.objectweb.asm.ModuleWriter                                                  : loaded 2 times (x 82B)
Class com.google.common.cache.LocalCache$EntryFactory$3                               : loaded 2 times (x 83B)
Class com.google.common.base.Ticker$1                                                 : loaded 2 times (x 72B)
Class com.google.common.collect.Maps$BiMapConverter                                   : loaded 2 times (x 90B)
Class com.google.common.collect.ImmutableMapEntrySet$RegularEntrySet                  : loaded 2 times (x 152B)
Class com.google.common.cache.LocalCache$EntryFactory$4                               : loaded 2 times (x 83B)
Class com.google.common.base.CharMatcher$InRange                                      : loaded 2 times (x 111B)
Class com.google.common.collect.ImmutableSet$Builder                                  : loaded 2 times (x 85B)
Class com.google.common.cache.LocalCache$EntryFactory$5                               : loaded 2 times (x 83B)
Class com.google.common.cache.LocalCache$EntryFactory$6                               : loaded 2 times (x 83B)
Class org.gradle.internal.installation.CurrentGradleInstallationLocator               : loaded 2 times (x 71B)
Class com.google.common.cache.LocalCache$EntryFactory$7                               : loaded 2 times (x 83B)
Class com.google.common.collect.ImmutableSet$EmptySetBuilderImpl                      : loaded 2 times (x 76B)
Class com.google.common.collect.ImmutableList                                         : loaded 2 times (x 206B)
Class org.gradle.internal.service.DefaultServiceLocator                               : loaded 2 times (x 83B)
Class com.google.common.cache.LocalCache$EntryFactory$8                               : loaded 2 times (x 83B)
Class com.google.common.collect.ImmutableSet$SetBuilderImpl                           : loaded 2 times (x 76B)
Class org.gradle.internal.installation.CurrentGradleInstallation                      : loaded 2 times (x 73B)
Class com.google.common.cache.CacheLoader$1                                           : loaded 2 times (x 75B)
Class com.google.common.collect.ImmutableList$SubList                                 : loaded 2 times (x 209B)
Class org.gradle.util.internal.GUtil                                                  : loaded 2 times (x 71B)
Class com.google.common.cache.AbstractCache$StatsCounter                              : loaded 2 times (x 70B)
Class com.google.common.collect.Iterators$MergingIterator                             : loaded 2 times (x 81B)
Class com.google.common.collect.RegularImmutableSet                                   : loaded 2 times (x 149B)
Class ijKotlinCoroutineJvmDebugInit1_35wqmtfzl70ohyadsjc236hft$_run_closure1$_closure2: loaded 2 times (x 139B)
Class org.gradle.internal.installation.GradleInstallation                             : loaded 2 times (x 75B)
Class com.google.common.collect.Iterables                                             : loaded 2 times (x 71B)

---------------  S Y S T E M  ---------------

OS:
 Windows 11 , 64 bit Build 26100 (10.0.26100.7019)
OS uptime: 0 days 22:36 hours

CPU: total 6 (initial active 6) (6 cores per cpu, 1 threads per core) family 6 model 158 stepping 13 microcode 0xde, cx8, cmov, fxsr, mmx, 3dnowpref, sse, sse2, sse3, ssse3, sse4.1, sse4.2, popcnt, lzcnt, tsc, tscinvbit, avx, avx2, aes, erms, clmul, bmi1, bmi2, adx, fma, vzeroupper, clflush, clflushopt, rdtscp, f16c
Processor Information for the first 6 processors :
  Max Mhz: 2904, Current Mhz: 2904, Mhz Limit: 2904

Memory: 4k page, system-wide physical 16291M (2366M free)
TotalPageFile size 20317M (AvailPageFile size 328M)
current process WorkingSet (physical memory assigned to process): 868M, peak: 868M
current process commit charge ("private bytes"): 1367M, peak: 2188M

vm_info: OpenJDK 64-Bit Server VM (21.0.10+-14961533-b1163.108) for windows-amd64 JRE (21.0.10+-14961533-b1163.108), built on 2026-03-02T19:58:50Z by "builder" with MS VC++ 16.10 / 16.11 (VS2019)

END.
