#
# There is insufficient memory for the Java Runtime Environment to continue.
# Native memory allocation (mmap) failed to map 461373440 bytes. Error detail: G1 virtual space
# Possible reasons:
#   The system is out of physical RAM or swap space
#   This process is running with CompressedOops enabled, and the Java Heap may be blocking the growth of the native heap
# Possible solutions:
#   Reduce memory load on the system
#   Increase physical memory or swap space
#   Check if swap backing store is full
#   Decrease Java heap size (-Xmx/-Xms)
#   Decrease number of Java threads
#   Decrease Java thread stack sizes (-Xss)
#   Set larger code cache with -XX:ReservedCodeCacheSize=
#   JVM is running with Zero Based Compressed Oops mode in which the Java heap is
#     placed in the first 32GB address space. The Java Heap base address is the
#     maximum limit for the native heap growth. Please use -XX:HeapBaseMinAddress
#     to set the Java Heap base and to place the Java Heap above 32GB virtual address.
# This output file may be truncated or incomplete.
#
#  Out of Memory Error (os_windows.cpp:3926), pid=13908, tid=12824
#
# JRE version: OpenJDK Runtime Environment (21.0.10) (build 21.0.10+-14961533-b1163.108)
# Java VM: OpenJDK 64-Bit Server VM (21.0.10+-14961533-b1163.108, mixed mode, tiered, compressed oops, compressed class ptrs, g1 gc, windows-amd64)
# No core dump will be written. Minidumps are not enabled by default on client versions of Windows
#

---------------  S U M M A R Y ------------

Command Line: --add-opens=java.base/java.lang=ALL-UNNAMED --add-opens=java.base/java.lang.invoke=ALL-UNNAMED --add-opens=java.base/java.util=ALL-UNNAMED --add-opens=java.prefs/java.util.prefs=ALL-UNNAMED --add-exports=jdk.compiler/com.sun.tools.javac.api=ALL-UNNAMED --add-exports=jdk.compiler/com.sun.tools.javac.util=ALL-UNNAMED --add-opens=java.base/java.util=ALL-UNNAMED --add-opens=java.prefs/java.util.prefs=ALL-UNNAMED --add-opens=java.base/java.nio.charset=ALL-UNNAMED --add-opens=java.base/java.net=ALL-UNNAMED --add-opens=java.base/java.util.concurrent.atomic=ALL-UNNAMED --add-opens=java.xml/javax.xml.namespace=ALL-UNNAMED -XX:MaxMetaspaceSize=1g -XX:+HeapDumpOnOutOfMemoryError -XX:+UseG1GC -Xms1g -Xmx6g -Dfile.encoding=UTF-8 -Duser.country=US -Duser.language=en -Duser.variant -javaagent:C:\Users\asusp\.gradle\wrapper\dists\gradle-8.14.3-bin\cv11ve7ro1n3o1j4so8xd9n66\gradle-8.14.3\lib\agents\gradle-instrumentation-agent-8.14.3.jar org.gradle.launcher.daemon.bootstrap.GradleDaemon 8.14.3

Host: Intel(R) Core(TM) i5-9400F CPU @ 2.90GHz, 6 cores, 15G,  Windows 11 , 64 bit Build 26100 (10.0.26100.7019)
Time: Tue Apr 28 10:07:26 2026 Iran Standard Time elapsed time: 10.885275 seconds (0d 0h 0m 10s)

---------------  T H R E A D  ---------------

Current thread (0x000001c64c0e33d0):  VMThread "VM Thread"          [id=12824, stack(0x0000000f2a000000,0x0000000f2a100000) (1024K)]

Stack: [0x0000000f2a000000,0x0000000f2a100000]
Native frames: (J=compiled Java code, j=interpreted, Vv=VM code, C=native code)
V  [jvm.dll+0x6d78a9]
V  [jvm.dll+0x8665b3]
V  [jvm.dll+0x868bde]
V  [jvm.dll+0x8692c3]
V  [jvm.dll+0x280ee6]
V  [jvm.dll+0x6d4165]
V  [jvm.dll+0x6c77fa]
V  [jvm.dll+0x358f4b]
V  [jvm.dll+0x360bc6]
V  [jvm.dll+0x3b2ea6]
V  [jvm.dll+0x3b3178]
V  [jvm.dll+0x32b65c]
V  [jvm.dll+0x32b6e7]
V  [jvm.dll+0x3715cc]
V  [jvm.dll+0x36fd7e]
V  [jvm.dll+0x32adb1]
V  [jvm.dll+0x32e7f6]
V  [jvm.dll+0x384476]
V  [jvm.dll+0x86f048]
V  [jvm.dll+0x870394]
V  [jvm.dll+0x8708d0]
V  [jvm.dll+0x870b63]
V  [jvm.dll+0x80fd28]
V  [jvm.dll+0x6d60fd]
C  [ucrtbase.dll+0x37b0]
C  [KERNEL32.DLL+0x2e8d7]
C  [ntdll.dll+0x8c53c]

VM_Operation (0x0000000f2b8f58c0): CollectForMetadataAllocation, mode: safepoint, requested by thread 0x000001c651a0f250


---------------  P R O C E S S  ---------------

Threads class SMR info:
_java_thread_list=0x000001c656148a90, length=87, elements={
0x000001c62da84cc0, 0x000001c64c176250, 0x000001c64c1770d0, 0x000001c64c1786a0,
0x000001c64c1960f0, 0x000001c64c196b50, 0x000001c64c1975b0, 0x000001c64c19a9a0,
0x000001c64c19c870, 0x000001c64c1cf110, 0x000001c64c5e66f0, 0x000001c64c5e2730,
0x000001c652cc8490, 0x000001c651861aa0, 0x000001c652896550, 0x000001c652a6c040,
0x000001c652c12140, 0x000001c651e6afb0, 0x000001c651a0f250, 0x000001c651a0dea0,
0x000001c651a0e530, 0x000001c651a0ebc0, 0x000001c65375a180, 0x000001c65375b530,
0x000001c65375aea0, 0x000001c65375a810, 0x000001c653758dd0, 0x000001c653759460,
0x000001c65375dc90, 0x000001c65375c8e0, 0x000001c65375bbc0, 0x000001c65375d600,
0x000001c65375e320, 0x000001c65375c250, 0x000001c65375e9b0, 0x000001c65375fd60,
0x000001c6537603f0, 0x000001c65375cf70, 0x000001c6538c99c0, 0x000001c6538c7260,
0x000001c6538c6bd0, 0x000001c6538c78f0, 0x000001c6538c8610, 0x000001c6538c8ca0,
0x000001c6538c9330, 0x000001c655e56960, 0x000001c655e562d0, 0x000001c655e55c40,
0x000001c655e555b0, 0x000001c655e583a0, 0x000001c655e56ff0, 0x000001c655e57680,
0x000001c655e54f20, 0x000001c655e5ab00, 0x000001c655e5beb0, 0x000001c655e5c540,
0x000001c655e59750, 0x000001c655e5a470, 0x000001c655784970, 0x000001c655785000,
0x000001c655781b80, 0x000001c6557835c0, 0x000001c655785690, 0x000001c655782210,
0x000001c655783c50, 0x000001c6557828a0, 0x000001c6557863b0, 0x000001c655786a40,
0x000001c6557870d0, 0x000001c655787760, 0x000001c655788480, 0x000001c655788b10,
0x000001c6557891a0, 0x000001c652487610, 0x000001c652486260, 0x000001c652485bd0,
0x000001c6524868f0, 0x000001c652486f80, 0x000001c652484190, 0x000001c652487ca0,
0x000001c652485540, 0x000001c652484820, 0x000001c652484eb0, 0x000001c652489050,
0x000001c6524896e0, 0x000001c65248b7b0, 0x000001c6524889c0
}

Java Threads: ( => current thread )
  0x000001c62da84cc0 JavaThread "main"                              [_thread_blocked, id=13952, stack(0x0000000f29900000,0x0000000f29a00000) (1024K)]
  0x000001c64c176250 JavaThread "Common-Cleaner"             daemon [_thread_blocked, id=7676, stack(0x0000000f2a100000,0x0000000f2a200000) (1024K)]
  0x000001c64c1770d0 JavaThread "Reference Handler"          daemon [_thread_blocked, id=15476, stack(0x0000000f2a200000,0x0000000f2a300000) (1024K)]
  0x000001c64c1786a0 JavaThread "Finalizer"                  daemon [_thread_blocked, id=7152, stack(0x0000000f2a300000,0x0000000f2a400000) (1024K)]
  0x000001c64c1960f0 JavaThread "Signal Dispatcher"          daemon [_thread_blocked, id=12244, stack(0x0000000f2a400000,0x0000000f2a500000) (1024K)]
  0x000001c64c196b50 JavaThread "Attach Listener"            daemon [_thread_blocked, id=6624, stack(0x0000000f2a500000,0x0000000f2a600000) (1024K)]
  0x000001c64c1975b0 JavaThread "Service Thread"             daemon [_thread_blocked, id=15300, stack(0x0000000f2a600000,0x0000000f2a700000) (1024K)]
  0x000001c64c19a9a0 JavaThread "Monitor Deflation Thread"   daemon [_thread_blocked, id=15204, stack(0x0000000f2a700000,0x0000000f2a800000) (1024K)]
  0x000001c64c19c870 JavaThread "C2 CompilerThread0"         daemon [_thread_in_native, id=16044, stack(0x0000000f2a800000,0x0000000f2a900000) (1024K)]
  0x000001c64c1cf110 JavaThread "C1 CompilerThread0"         daemon [_thread_blocked, id=4964, stack(0x0000000f2a900000,0x0000000f2aa00000) (1024K)]
  0x000001c64c5e66f0 JavaThread "Notification Thread"        daemon [_thread_blocked, id=9920, stack(0x0000000f2aa00000,0x0000000f2ab00000) (1024K)]
  0x000001c64c5e2730 JavaThread "C2 CompilerThread1"         daemon [_thread_blocked, id=8044, stack(0x0000000f2ab00000,0x0000000f2ac00000) (1024K)]
  0x000001c652cc8490 JavaThread "Daemon health stats"               [_thread_blocked, id=16256, stack(0x0000000f2b100000,0x0000000f2b200000) (1024K)]
  0x000001c651861aa0 JavaThread "Incoming local TCP Connector on port 10500"        [_thread_in_native, id=3820, stack(0x0000000f2b200000,0x0000000f2b300000) (1024K)]
  0x000001c652896550 JavaThread "Daemon periodic checks"            [_thread_blocked, id=15184, stack(0x0000000f2b300000,0x0000000f2b400000) (1024K)]
  0x000001c652a6c040 JavaThread "Daemon"                            [_thread_blocked, id=3136, stack(0x0000000f2b400000,0x0000000f2b500000) (1024K)]
  0x000001c652c12140 JavaThread "Handler for socket connection from /127.0.0.1:10500 to /127.0.0.1:10501"        [_thread_in_native, id=17316, stack(0x0000000f2b500000,0x0000000f2b600000) (1024K)]
  0x000001c651e6afb0 JavaThread "Cancel handler"                    [_thread_blocked, id=7716, stack(0x0000000f2b600000,0x0000000f2b700000) (1024K)]
  0x000001c651a0f250 JavaThread "Daemon worker"                     [_thread_blocked, id=16332, stack(0x0000000f2b800000,0x0000000f2b900000) (1024K)]
  0x000001c651a0dea0 JavaThread "Asynchronous log dispatcher for DefaultDaemonConnection: socket connection from /127.0.0.1:10500 to /127.0.0.1:10501"        [_thread_blocked, id=12136, stack(0x0000000f2b900000,0x0000000f2ba00000) (1024K)]
  0x000001c651a0e530 JavaThread "Stdin handler"                     [_thread_blocked, id=13672, stack(0x0000000f2ba00000,0x0000000f2bb00000) (1024K)]
  0x000001c651a0ebc0 JavaThread "Daemon client event forwarder"        [_thread_blocked, id=6520, stack(0x0000000f2bb00000,0x0000000f2bc00000) (1024K)]
  0x000001c65375a180 JavaThread "Cache worker for journal cache (C:\Users\asusp\.gradle\caches\journal-1)"        [_thread_blocked, id=9896, stack(0x0000000f2bc00000,0x0000000f2bd00000) (1024K)]
  0x000001c65375b530 JavaThread "File lock request listener"        [_thread_in_native, id=16436, stack(0x0000000f2bd00000,0x0000000f2be00000) (1024K)]
  0x000001c65375aea0 JavaThread "Cache worker for file hash cache (C:\Users\asusp\.gradle\caches\8.14.3\fileHashes)"        [_thread_blocked, id=1456, stack(0x0000000f2be00000,0x0000000f2bf00000) (1024K)]
  0x000001c65375a810 JavaThread "Cache worker for file hash cache (C:\Users\asusp\Downloads\Element_Project\.gradle\8.14.3\fileHashes)"        [_thread_blocked, id=16772, stack(0x0000000f2bf00000,0x0000000f2c000000) (1024K)]
  0x000001c653758dd0 JavaThread "Cache worker for Build Output Cleanup Cache (C:\Users\asusp\Downloads\Element_Project\.gradle\buildOutputCleanup)"        [_thread_blocked, id=16132, stack(0x0000000f2c000000,0x0000000f2c100000) (1024K)]
  0x000001c653759460 JavaThread "File watcher server"        daemon [_thread_in_native, id=17104, stack(0x0000000f2c100000,0x0000000f2c200000) (1024K)]
  0x000001c65375dc90 JavaThread "File watcher consumer"      daemon [_thread_blocked, id=15400, stack(0x0000000f2c200000,0x0000000f2c300000) (1024K)]
  0x000001c65375c8e0 JavaThread "jar transforms"                    [_thread_blocked, id=15872, stack(0x0000000f2c300000,0x0000000f2c400000) (1024K)]
  0x000001c65375bbc0 JavaThread "jar transforms Thread 2"           [_thread_blocked, id=16244, stack(0x0000000f2c400000,0x0000000f2c500000) (1024K)]
  0x000001c65375d600 JavaThread "jar transforms Thread 3"           [_thread_blocked, id=1708, stack(0x0000000f2c500000,0x0000000f2c600000) (1024K)]
  0x000001c65375e320 JavaThread "jar transforms Thread 4"           [_thread_blocked, id=17384, stack(0x0000000f2c600000,0x0000000f2c700000) (1024K)]
  0x000001c65375c250 JavaThread "jar transforms Thread 5"           [_thread_blocked, id=2252, stack(0x0000000f2c700000,0x0000000f2c800000) (1024K)]
  0x000001c65375e9b0 JavaThread "jar transforms Thread 6"           [_thread_blocked, id=2448, stack(0x0000000f2c800000,0x0000000f2c900000) (1024K)]
  0x000001c65375fd60 JavaThread "Cache worker for checksums cache (C:\Users\asusp\Downloads\Element_Project\.gradle\8.14.3\checksums)"        [_thread_blocked, id=17084, stack(0x0000000f2c900000,0x0000000f2ca00000) (1024K)]
  0x000001c6537603f0 JavaThread "Cache worker for file content cache (C:\Users\asusp\.gradle\caches\8.14.3\fileContent)"        [_thread_blocked, id=16396, stack(0x0000000f2ca00000,0x0000000f2cb00000) (1024K)]
  0x000001c65375cf70 JavaThread "Cache worker for cache directory md-supplier (C:\Users\asusp\.gradle\caches\8.14.3\md-supplier)"        [_thread_blocked, id=12760, stack(0x0000000f2cb00000,0x0000000f2cc00000) (1024K)]
  0x000001c6538c99c0 JavaThread "Cache worker for cache directory md-rule (C:\Users\asusp\.gradle\caches\8.14.3\md-rule)"        [_thread_blocked, id=14640, stack(0x0000000f2cc00000,0x0000000f2cd00000) (1024K)]
  0x000001c6538c7260 JavaThread "Unconstrained build operations"        [_thread_blocked, id=16428, stack(0x0000000f2cd00000,0x0000000f2ce00000) (1024K)]
  0x000001c6538c6bd0 JavaThread "Unconstrained build operations Thread 2"        [_thread_blocked, id=14260, stack(0x0000000f2ce00000,0x0000000f2cf00000) (1024K)]
  0x000001c6538c78f0 JavaThread "Unconstrained build operations Thread 3"        [_thread_blocked, id=8932, stack(0x0000000f2cf00000,0x0000000f2d000000) (1024K)]
  0x000001c6538c8610 JavaThread "Unconstrained build operations Thread 4"        [_thread_blocked, id=12068, stack(0x0000000f2d000000,0x0000000f2d100000) (1024K)]
  0x000001c6538c8ca0 JavaThread "Unconstrained build operations Thread 5"        [_thread_blocked, id=16084, stack(0x0000000f2d100000,0x0000000f2d200000) (1024K)]
  0x000001c6538c9330 JavaThread "Unconstrained build operations Thread 6"        [_thread_blocked, id=17072, stack(0x0000000f2d200000,0x0000000f2d300000) (1024K)]
  0x000001c655e56960 JavaThread "Unconstrained build operations Thread 7"        [_thread_blocked, id=15044, stack(0x0000000f2d300000,0x0000000f2d400000) (1024K)]
  0x000001c655e562d0 JavaThread "Unconstrained build operations Thread 8"        [_thread_blocked, id=4376, stack(0x0000000f2d400000,0x0000000f2d500000) (1024K)]
  0x000001c655e55c40 JavaThread "Unconstrained build operations Thread 9"        [_thread_blocked, id=16088, stack(0x0000000f2d500000,0x0000000f2d600000) (1024K)]
  0x000001c655e555b0 JavaThread "Unconstrained build operations Thread 10"        [_thread_blocked, id=8028, stack(0x0000000f2d600000,0x0000000f2d700000) (1024K)]
  0x000001c655e583a0 JavaThread "Unconstrained build operations Thread 11"        [_thread_blocked, id=15164, stack(0x0000000f2d700000,0x0000000f2d800000) (1024K)]
  0x000001c655e56ff0 JavaThread "Unconstrained build operations Thread 12"        [_thread_blocked, id=13132, stack(0x0000000f2d800000,0x0000000f2d900000) (1024K)]
  0x000001c655e57680 JavaThread "Unconstrained build operations Thread 13"        [_thread_blocked, id=17128, stack(0x0000000f2d900000,0x0000000f2da00000) (1024K)]
  0x000001c655e54f20 JavaThread "Unconstrained build operations Thread 14"        [_thread_blocked, id=15696, stack(0x0000000f2da00000,0x0000000f2db00000) (1024K)]
  0x000001c655e5ab00 JavaThread "Problems report writer"            [_thread_blocked, id=14032, stack(0x0000000f2db00000,0x0000000f2dc00000) (1024K)]
  0x000001c655e5beb0 JavaThread "Unconstrained build operations Thread 15"        [_thread_blocked, id=9400, stack(0x0000000f2dc00000,0x0000000f2dd00000) (1024K)]
  0x000001c655e5c540 JavaThread "Unconstrained build operations Thread 16"        [_thread_blocked, id=7472, stack(0x0000000f2dd00000,0x0000000f2de00000) (1024K)]
  0x000001c655e59750 JavaThread "Unconstrained build operations Thread 17"        [_thread_blocked, id=13020, stack(0x0000000f2de00000,0x0000000f2df00000) (1024K)]
  0x000001c655e5a470 JavaThread "Unconstrained build operations Thread 18"        [_thread_blocked, id=16020, stack(0x0000000f2df00000,0x0000000f2e000000) (1024K)]
  0x000001c655784970 JavaThread "Unconstrained build operations Thread 19"        [_thread_blocked, id=17368, stack(0x0000000f2e000000,0x0000000f2e100000) (1024K)]
  0x000001c655785000 JavaThread "Unconstrained build operations Thread 20"        [_thread_blocked, id=17092, stack(0x0000000f2e100000,0x0000000f2e200000) (1024K)]
  0x000001c655781b80 JavaThread "Unconstrained build operations Thread 21"        [_thread_blocked, id=15412, stack(0x0000000f2e200000,0x0000000f2e300000) (1024K)]
  0x000001c6557835c0 JavaThread "Unconstrained build operations Thread 22"        [_thread_blocked, id=7848, stack(0x0000000f2e300000,0x0000000f2e400000) (1024K)]
  0x000001c655785690 JavaThread "Unconstrained build operations Thread 23"        [_thread_blocked, id=5528, stack(0x0000000f2e400000,0x0000000f2e500000) (1024K)]
  0x000001c655782210 JavaThread "Unconstrained build operations Thread 24"        [_thread_blocked, id=14736, stack(0x0000000f2e500000,0x0000000f2e600000) (1024K)]
  0x000001c655783c50 JavaThread "Unconstrained build operations Thread 25"        [_thread_blocked, id=4020, stack(0x0000000f2e600000,0x0000000f2e700000) (1024K)]
  0x000001c6557828a0 JavaThread "Unconstrained build operations Thread 26"        [_thread_blocked, id=7540, stack(0x0000000f2e700000,0x0000000f2e800000) (1024K)]
  0x000001c6557863b0 JavaThread "Unconstrained build operations Thread 27"        [_thread_blocked, id=15064, stack(0x0000000f2e800000,0x0000000f2e900000) (1024K)]
  0x000001c655786a40 JavaThread "Unconstrained build operations Thread 28"        [_thread_blocked, id=16916, stack(0x0000000f2e900000,0x0000000f2ea00000) (1024K)]
  0x000001c6557870d0 JavaThread "Unconstrained build operations Thread 29"        [_thread_blocked, id=15092, stack(0x0000000f2ea00000,0x0000000f2eb00000) (1024K)]
  0x000001c655787760 JavaThread "build event listener"              [_thread_blocked, id=16884, stack(0x0000000f2eb00000,0x0000000f2ec00000) (1024K)]
  0x000001c655788480 JavaThread "Unconstrained build operations Thread 30"        [_thread_blocked, id=15992, stack(0x0000000f2ec00000,0x0000000f2ed00000) (1024K)]
  0x000001c655788b10 JavaThread "Unconstrained build operations Thread 31"        [_thread_blocked, id=4016, stack(0x0000000f2ed00000,0x0000000f2ee00000) (1024K)]
  0x000001c6557891a0 JavaThread "Unconstrained build operations Thread 32"        [_thread_blocked, id=12664, stack(0x0000000f2ee00000,0x0000000f2ef00000) (1024K)]
  0x000001c652487610 JavaThread "Unconstrained build operations Thread 33"        [_thread_blocked, id=9740, stack(0x0000000f2ef00000,0x0000000f2f000000) (1024K)]
  0x000001c652486260 JavaThread "Unconstrained build operations Thread 34"        [_thread_blocked, id=14608, stack(0x0000000f2f000000,0x0000000f2f100000) (1024K)]
  0x000001c652485bd0 JavaThread "Unconstrained build operations Thread 35"        [_thread_blocked, id=16588, stack(0x0000000f2f100000,0x0000000f2f200000) (1024K)]
  0x000001c6524868f0 JavaThread "Unconstrained build operations Thread 36"        [_thread_blocked, id=10424, stack(0x0000000f2f200000,0x0000000f2f300000) (1024K)]
  0x000001c652486f80 JavaThread "Unconstrained build operations Thread 37"        [_thread_blocked, id=8624, stack(0x0000000f2f300000,0x0000000f2f400000) (1024K)]
  0x000001c652484190 JavaThread "Unconstrained build operations Thread 38"        [_thread_blocked, id=10004, stack(0x0000000f2f400000,0x0000000f2f500000) (1024K)]
  0x000001c652487ca0 JavaThread "Unconstrained build operations Thread 39"        [_thread_blocked, id=9444, stack(0x0000000f2f500000,0x0000000f2f600000) (1024K)]
  0x000001c652485540 JavaThread "Unconstrained build operations Thread 40"        [_thread_blocked, id=16300, stack(0x0000000f2f600000,0x0000000f2f700000) (1024K)]
  0x000001c652484820 JavaThread "Unconstrained build operations Thread 41"        [_thread_blocked, id=14480, stack(0x0000000f2f700000,0x0000000f2f800000) (1024K)]
  0x000001c652484eb0 JavaThread "Unconstrained build operations Thread 42"        [_thread_blocked, id=15876, stack(0x0000000f2f800000,0x0000000f2f900000) (1024K)]
  0x000001c652489050 JavaThread "Unconstrained build operations Thread 43"        [_thread_blocked, id=17240, stack(0x0000000f2f900000,0x0000000f2fa00000) (1024K)]
  0x000001c6524896e0 JavaThread "Unconstrained build operations Thread 44"        [_thread_blocked, id=13324, stack(0x0000000f2fa00000,0x0000000f2fb00000) (1024K)]
  0x000001c65248b7b0 JavaThread "Memory manager"                    [_thread_blocked, id=16028, stack(0x0000000f2fb00000,0x0000000f2fc00000) (1024K)]
  0x000001c6524889c0 JavaThread "build event listener"              [_thread_blocked, id=5812, stack(0x0000000f2fc00000,0x0000000f2fd00000) (1024K)]
Total: 87

Other Threads:
=>0x000001c64c0e33d0 VMThread "VM Thread"                           [id=12824, stack(0x0000000f2a000000,0x0000000f2a100000) (1024K)]
  0x000001c64c0d19e0 WatcherThread "VM Periodic Task Thread"        [id=13988, stack(0x0000000f29f00000,0x0000000f2a000000) (1024K)]
  0x000001c62f5e42f0 WorkerThread "GC Thread#0"                     [id=17108, stack(0x0000000f29a00000,0x0000000f29b00000) (1024K)]
  0x000001c64cb8a2c0 WorkerThread "GC Thread#1"                     [id=16592, stack(0x0000000f2ac00000,0x0000000f2ad00000) (1024K)]
  0x000001c64cc91260 WorkerThread "GC Thread#2"                     [id=5760, stack(0x0000000f2ad00000,0x0000000f2ae00000) (1024K)]
  0x000001c64cc91610 WorkerThread "GC Thread#3"                     [id=4460, stack(0x0000000f2ae00000,0x0000000f2af00000) (1024K)]
  0x000001c6512fb6f0 WorkerThread "GC Thread#4"                     [id=16080, stack(0x0000000f2af00000,0x0000000f2b000000) (1024K)]
  0x000001c6512fbaa0 WorkerThread "GC Thread#5"                     [id=8372, stack(0x0000000f2b000000,0x0000000f2b100000) (1024K)]
  0x000001c62f5f11f0 ConcurrentGCThread "G1 Main Marker"            [id=4880, stack(0x0000000f29b00000,0x0000000f29c00000) (1024K)]
  0x000001c62f5f2a50 WorkerThread "G1 Conc#0"                       [id=4548, stack(0x0000000f29c00000,0x0000000f29d00000) (1024K)]
  0x000001c652cab6c0 WorkerThread "G1 Conc#1"                       [id=16200, stack(0x0000000f2b700000,0x0000000f2b800000) (1024K)]
  0x000001c64bb2c200 ConcurrentGCThread "G1 Refine#0"               [id=4232, stack(0x0000000f29d00000,0x0000000f29e00000) (1024K)]
  0x000001c64bb2cb30 ConcurrentGCThread "G1 Service"                [id=16292, stack(0x0000000f29e00000,0x0000000f29f00000) (1024K)]
Total: 13

Threads with active compile tasks:
C2 CompilerThread0  10899 12418       4       java.security.SecureClassLoader::defineClass (16 bytes)
C2 CompilerThread1  10899 12473       4       org.gradle.plugin.use.internal.DefaultPluginId::equals (41 bytes)
Total: 2

VM state: at safepoint (normal execution)

VM Mutex/Monitor currently owned by a thread:  ([mutex/lock_event])
[0x00007fff515b86d0] Threads_lock - owner thread: 0x000001c64c0e33d0
[0x00007fff515b87d0] Heap_lock - owner thread: 0x000001c651a0f250

Heap address: 0x0000000680000000, size: 6144 MB, Compressed Oops mode: Zero based, Oop shift amount: 3

CDS archive(s) not mapped
Compressed class space mapped at: 0x0000000800000000-0x0000000834000000, reserved size: 872415232
Narrow klass base: 0x0000000800000000, Narrow klass shift: 0, Narrow klass range: 0x34000000

GC Precious Log:
 CardTable entry size: 512
 Card Set container configuration: InlinePtr #cards 4 size 8 Array Of Cards #cards 32 size 80 Howl #buckets 8 coarsen threshold 7372 Howl Bitmap #cards 1024 size 144 coarsen threshold 921 Card regions per heap region 1 cards per card region 8192
 CPUs: 6 total, 6 available
 Memory: 16291M
 Large Page Support: Disabled
 NUMA Support: Disabled
 Compressed Oops: Enabled (Zero based)
 Heap Region Size: 4M
 Heap Min Capacity: 1G
 Heap Initial Capacity: 1G
 Heap Max Capacity: 6G
 Pre-touch: Disabled
 Parallel Workers: 6
 Concurrent Workers: 2
 Concurrent Refinement Workers: 6
 Periodic GC: Disabled

Heap:
 garbage-first heap   total 1048576K, used 165771K [0x0000000680000000, 0x0000000800000000)
  region size 4096K, 7 young (28672K), 7 survivors (28672K)
 Metaspace       used 98276K, committed 100288K, reserved 983040K
  class space    used 13475K, committed 14464K, reserved 851968K

Heap Regions: E=young(eden), S=young(survivor), O=old, HS=humongous(starts), HC=humongous(continues), CS=collection set, F=free, TAMS=top-at-mark-start, PB=parsable bottom
|   0|0x0000000680000000, 0x0000000680400000, 0x0000000680400000|100%|HS|  |TAMS 0x0000000680400000| PB 0x0000000680000000| Complete 
|   1|0x0000000680400000, 0x0000000680800000, 0x0000000680800000|100%| O|  |TAMS 0x0000000680800000| PB 0x0000000680400000| Untracked 
|   2|0x0000000680800000, 0x0000000680c00000, 0x0000000680c00000|100%| O|  |TAMS 0x0000000680c00000| PB 0x0000000680800000| Untracked 
|   3|0x0000000680c00000, 0x0000000681000000, 0x0000000681000000|100%|HS|  |TAMS 0x0000000681000000| PB 0x0000000680c00000| Complete 
|   4|0x0000000681000000, 0x0000000681400000, 0x0000000681400000|100%|HC|  |TAMS 0x0000000681400000| PB 0x0000000681000000| Complete 
|   5|0x0000000681400000, 0x0000000681800000, 0x0000000681800000|100%|HS|  |TAMS 0x0000000681800000| PB 0x0000000681400000| Complete 
|   6|0x0000000681800000, 0x0000000681c00000, 0x0000000681c00000|100%|HC|  |TAMS 0x0000000681c00000| PB 0x0000000681800000| Complete 
|   7|0x0000000681c00000, 0x0000000682000000, 0x0000000682000000|100%| O|  |TAMS 0x0000000682000000| PB 0x0000000681c00000| Untracked 
|   8|0x0000000682000000, 0x0000000682400000, 0x0000000682400000|100%| O|  |TAMS 0x0000000682400000| PB 0x0000000682000000| Untracked 
|   9|0x0000000682400000, 0x0000000682800000, 0x0000000682800000|100%| O|  |TAMS 0x0000000682800000| PB 0x0000000682400000| Untracked 
|  10|0x0000000682800000, 0x0000000682c00000, 0x0000000682c00000|100%| O|  |TAMS 0x0000000682c00000| PB 0x0000000682800000| Untracked 
|  11|0x0000000682c00000, 0x0000000683000000, 0x0000000683000000|100%| O|  |TAMS 0x0000000683000000| PB 0x0000000682c00000| Untracked 
|  12|0x0000000683000000, 0x0000000683400000, 0x0000000683400000|100%| O|  |TAMS 0x0000000683400000| PB 0x0000000683000000| Untracked 
|  13|0x0000000683400000, 0x0000000683800000, 0x0000000683800000|100%| O|  |TAMS 0x0000000683800000| PB 0x0000000683400000| Untracked 
|  14|0x0000000683800000, 0x0000000683c00000, 0x0000000683c00000|100%| O|  |TAMS 0x0000000683c00000| PB 0x0000000683800000| Untracked 
|  15|0x0000000683c00000, 0x0000000684000000, 0x0000000684000000|100%| O|  |TAMS 0x0000000684000000| PB 0x0000000683c00000| Untracked 
|  16|0x0000000684000000, 0x0000000684400000, 0x0000000684400000|100%| O|  |TAMS 0x0000000684400000| PB 0x0000000684000000| Untracked 
|  17|0x0000000684400000, 0x0000000684800000, 0x0000000684800000|100%|HS|  |TAMS 0x0000000684800000| PB 0x0000000684400000| Complete 
|  18|0x0000000684800000, 0x0000000684c00000, 0x0000000684c00000|100%|HS|  |TAMS 0x0000000684c00000| PB 0x0000000684800000| Complete 
|  19|0x0000000684c00000, 0x0000000685000000, 0x0000000685000000|100%|HC|  |TAMS 0x0000000685000000| PB 0x0000000684c00000| Complete 
|  20|0x0000000685000000, 0x0000000685400000, 0x0000000685400000|100%|HS|  |TAMS 0x0000000685400000| PB 0x0000000685000000| Complete 
|  21|0x0000000685400000, 0x0000000685800000, 0x0000000685800000|100%| O|  |TAMS 0x0000000685800000| PB 0x0000000685400000| Untracked 
|  22|0x0000000685800000, 0x0000000685c00000, 0x0000000685c00000|100%| O|  |TAMS 0x0000000685c00000| PB 0x0000000685800000| Untracked 
|  23|0x0000000685c00000, 0x0000000686000000, 0x0000000686000000|100%| O|  |TAMS 0x0000000686000000| PB 0x0000000685c00000| Untracked 
|  24|0x0000000686000000, 0x0000000686400000, 0x0000000686400000|100%| O|  |TAMS 0x0000000686400000| PB 0x0000000686000000| Untracked 
|  25|0x0000000686400000, 0x0000000686800000, 0x0000000686800000|100%| O|  |TAMS 0x0000000686800000| PB 0x0000000686400000| Untracked 
|  26|0x0000000686800000, 0x0000000686c00000, 0x0000000686c00000|100%| O|  |TAMS 0x0000000686c00000| PB 0x0000000686800000| Untracked 
|  27|0x0000000686c00000, 0x0000000687000000, 0x0000000687000000|100%| O|  |TAMS 0x0000000687000000| PB 0x0000000686c00000| Untracked 
|  28|0x0000000687000000, 0x0000000687400000, 0x0000000687400000|100%| O|  |TAMS 0x0000000687400000| PB 0x0000000687000000| Untracked 
|  29|0x0000000687400000, 0x0000000687800000, 0x0000000687800000|100%| O|  |TAMS 0x0000000687800000| PB 0x0000000687400000| Untracked 
|  30|0x0000000687800000, 0x0000000687c00000, 0x0000000687c00000|100%| O|  |TAMS 0x0000000687c00000| PB 0x0000000687800000| Untracked 
|  31|0x0000000687c00000, 0x0000000688000000, 0x0000000688000000|100%| O|  |TAMS 0x0000000688000000| PB 0x0000000687c00000| Untracked 
|  32|0x0000000688000000, 0x0000000688400000, 0x0000000688400000|100%| O|  |TAMS 0x0000000688400000| PB 0x0000000688000000| Untracked 
|  33|0x0000000688400000, 0x000000068852ce60, 0x0000000688800000| 29%| O|  |TAMS 0x000000068852ce60| PB 0x0000000688400000| Untracked 
|  34|0x0000000688800000, 0x0000000688c00000, 0x0000000688c00000|100%|HS|  |TAMS 0x0000000688c00000| PB 0x0000000688800000| Complete 
|  35|0x0000000688c00000, 0x0000000688c00000, 0x0000000689000000|  0%| F|  |TAMS 0x0000000688c00000| PB 0x0000000688c00000| Untracked 
|  36|0x0000000689000000, 0x0000000689000000, 0x0000000689400000|  0%| F|  |TAMS 0x0000000689000000| PB 0x0000000689000000| Untracked 
|  37|0x0000000689400000, 0x0000000689400000, 0x0000000689800000|  0%| F|  |TAMS 0x0000000689400000| PB 0x0000000689400000| Untracked 
|  38|0x0000000689800000, 0x0000000689800000, 0x0000000689c00000|  0%| F|  |TAMS 0x0000000689800000| PB 0x0000000689800000| Untracked 
|  39|0x0000000689c00000, 0x0000000689c00000, 0x000000068a000000|  0%| F|  |TAMS 0x0000000689c00000| PB 0x0000000689c00000| Untracked 
|  40|0x000000068a000000, 0x000000068a000000, 0x000000068a400000|  0%| F|  |TAMS 0x000000068a000000| PB 0x000000068a000000| Untracked 
|  41|0x000000068a400000, 0x000000068a400000, 0x000000068a800000|  0%| F|  |TAMS 0x000000068a400000| PB 0x000000068a400000| Untracked 
|  42|0x000000068a800000, 0x000000068a800000, 0x000000068ac00000|  0%| F|  |TAMS 0x000000068a800000| PB 0x000000068a800000| Untracked 
|  43|0x000000068ac00000, 0x000000068ac00000, 0x000000068b000000|  0%| F|  |TAMS 0x000000068ac00000| PB 0x000000068ac00000| Untracked 
|  44|0x000000068b000000, 0x000000068b000000, 0x000000068b400000|  0%| F|  |TAMS 0x000000068b000000| PB 0x000000068b000000| Untracked 
|  45|0x000000068b400000, 0x000000068b400000, 0x000000068b800000|  0%| F|  |TAMS 0x000000068b400000| PB 0x000000068b400000| Untracked 
|  46|0x000000068b800000, 0x000000068b800000, 0x000000068bc00000|  0%| F|  |TAMS 0x000000068b800000| PB 0x000000068b800000| Untracked 
|  47|0x000000068bc00000, 0x000000068bc00000, 0x000000068c000000|  0%| F|  |TAMS 0x000000068bc00000| PB 0x000000068bc00000| Untracked 
|  48|0x000000068c000000, 0x000000068c000000, 0x000000068c400000|  0%| F|  |TAMS 0x000000068c000000| PB 0x000000068c000000| Untracked 
|  49|0x000000068c400000, 0x000000068c400000, 0x000000068c800000|  0%| F|  |TAMS 0x000000068c400000| PB 0x000000068c400000| Untracked 
|  50|0x000000068c800000, 0x000000068c800000, 0x000000068cc00000|  0%| F|  |TAMS 0x000000068c800000| PB 0x000000068c800000| Untracked 
|  51|0x000000068cc00000, 0x000000068cc00000, 0x000000068d000000|  0%| F|  |TAMS 0x000000068cc00000| PB 0x000000068cc00000| Untracked 
|  52|0x000000068d000000, 0x000000068d000000, 0x000000068d400000|  0%| F|  |TAMS 0x000000068d000000| PB 0x000000068d000000| Untracked 
|  53|0x000000068d400000, 0x000000068d400000, 0x000000068d800000|  0%| F|  |TAMS 0x000000068d400000| PB 0x000000068d400000| Untracked 
|  54|0x000000068d800000, 0x000000068d800000, 0x000000068dc00000|  0%| F|  |TAMS 0x000000068d800000| PB 0x000000068d800000| Untracked 
|  55|0x000000068dc00000, 0x000000068dc00000, 0x000000068e000000|  0%| F|  |TAMS 0x000000068dc00000| PB 0x000000068dc00000| Untracked 
|  56|0x000000068e000000, 0x000000068e000000, 0x000000068e400000|  0%| F|  |TAMS 0x000000068e000000| PB 0x000000068e000000| Untracked 
|  57|0x000000068e400000, 0x000000068e400000, 0x000000068e800000|  0%| F|  |TAMS 0x000000068e400000| PB 0x000000068e400000| Untracked 
|  58|0x000000068e800000, 0x000000068e800000, 0x000000068ec00000|  0%| F|  |TAMS 0x000000068e800000| PB 0x000000068e800000| Untracked 
|  59|0x000000068ec00000, 0x000000068ec00000, 0x000000068f000000|  0%| F|  |TAMS 0x000000068ec00000| PB 0x000000068ec00000| Untracked 
|  60|0x000000068f000000, 0x000000068f000000, 0x000000068f400000|  0%| F|  |TAMS 0x000000068f000000| PB 0x000000068f000000| Untracked 
|  61|0x000000068f400000, 0x000000068f400000, 0x000000068f800000|  0%| F|  |TAMS 0x000000068f400000| PB 0x000000068f400000| Untracked 
|  62|0x000000068f800000, 0x000000068f800000, 0x000000068fc00000|  0%| F|  |TAMS 0x000000068f800000| PB 0x000000068f800000| Untracked 
|  63|0x000000068fc00000, 0x000000068fc00000, 0x0000000690000000|  0%| F|  |TAMS 0x000000068fc00000| PB 0x000000068fc00000| Untracked 
|  64|0x0000000690000000, 0x0000000690000000, 0x0000000690400000|  0%| F|  |TAMS 0x0000000690000000| PB 0x0000000690000000| Untracked 
|  65|0x0000000690400000, 0x0000000690400000, 0x0000000690800000|  0%| F|  |TAMS 0x0000000690400000| PB 0x0000000690400000| Untracked 
|  66|0x0000000690800000, 0x0000000690800000, 0x0000000690c00000|  0%| F|  |TAMS 0x0000000690800000| PB 0x0000000690800000| Untracked 
|  67|0x0000000690c00000, 0x0000000690c00000, 0x0000000691000000|  0%| F|  |TAMS 0x0000000690c00000| PB 0x0000000690c00000| Untracked 
|  68|0x0000000691000000, 0x0000000691000000, 0x0000000691400000|  0%| F|  |TAMS 0x0000000691000000| PB 0x0000000691000000| Untracked 
|  69|0x0000000691400000, 0x0000000691400000, 0x0000000691800000|  0%| F|  |TAMS 0x0000000691400000| PB 0x0000000691400000| Untracked 
|  70|0x0000000691800000, 0x0000000691800000, 0x0000000691c00000|  0%| F|  |TAMS 0x0000000691800000| PB 0x0000000691800000| Untracked 
|  71|0x0000000691c00000, 0x0000000691c00000, 0x0000000692000000|  0%| F|  |TAMS 0x0000000691c00000| PB 0x0000000691c00000| Untracked 
|  72|0x0000000692000000, 0x0000000692000000, 0x0000000692400000|  0%| F|  |TAMS 0x0000000692000000| PB 0x0000000692000000| Untracked 
|  73|0x0000000692400000, 0x0000000692400000, 0x0000000692800000|  0%| F|  |TAMS 0x0000000692400000| PB 0x0000000692400000| Untracked 
|  74|0x0000000692800000, 0x0000000692800000, 0x0000000692c00000|  0%| F|  |TAMS 0x0000000692800000| PB 0x0000000692800000| Untracked 
|  75|0x0000000692c00000, 0x0000000692c00000, 0x0000000693000000|  0%| F|  |TAMS 0x0000000692c00000| PB 0x0000000692c00000| Untracked 
|  76|0x0000000693000000, 0x0000000693000000, 0x0000000693400000|  0%| F|  |TAMS 0x0000000693000000| PB 0x0000000693000000| Untracked 
|  77|0x0000000693400000, 0x0000000693400000, 0x0000000693800000|  0%| F|  |TAMS 0x0000000693400000| PB 0x0000000693400000| Untracked 
|  78|0x0000000693800000, 0x0000000693800000, 0x0000000693c00000|  0%| F|  |TAMS 0x0000000693800000| PB 0x0000000693800000| Untracked 
|  79|0x0000000693c00000, 0x0000000693c00000, 0x0000000694000000|  0%| F|  |TAMS 0x0000000693c00000| PB 0x0000000693c00000| Untracked 
|  80|0x0000000694000000, 0x0000000694000000, 0x0000000694400000|  0%| F|  |TAMS 0x0000000694000000| PB 0x0000000694000000| Untracked 
|  81|0x0000000694400000, 0x0000000694400000, 0x0000000694800000|  0%| F|  |TAMS 0x0000000694400000| PB 0x0000000694400000| Untracked 
|  82|0x0000000694800000, 0x0000000694800000, 0x0000000694c00000|  0%| F|  |TAMS 0x0000000694800000| PB 0x0000000694800000| Untracked 
|  83|0x0000000694c00000, 0x0000000694c00000, 0x0000000695000000|  0%| F|  |TAMS 0x0000000694c00000| PB 0x0000000694c00000| Untracked 
|  84|0x0000000695000000, 0x0000000695000000, 0x0000000695400000|  0%| F|  |TAMS 0x0000000695000000| PB 0x0000000695000000| Untracked 
|  85|0x0000000695400000, 0x0000000695400000, 0x0000000695800000|  0%| F|  |TAMS 0x0000000695400000| PB 0x0000000695400000| Untracked 
|  86|0x0000000695800000, 0x0000000695800000, 0x0000000695c00000|  0%| F|  |TAMS 0x0000000695800000| PB 0x0000000695800000| Untracked 
|  87|0x0000000695c00000, 0x0000000695c00000, 0x0000000696000000|  0%| F|  |TAMS 0x0000000695c00000| PB 0x0000000695c00000| Untracked 
|  88|0x0000000696000000, 0x0000000696000000, 0x0000000696400000|  0%| F|  |TAMS 0x0000000696000000| PB 0x0000000696000000| Untracked 
|  89|0x0000000696400000, 0x0000000696400000, 0x0000000696800000|  0%| F|  |TAMS 0x0000000696400000| PB 0x0000000696400000| Untracked 
|  90|0x0000000696800000, 0x0000000696800000, 0x0000000696c00000|  0%| F|  |TAMS 0x0000000696800000| PB 0x0000000696800000| Untracked 
|  91|0x0000000696c00000, 0x0000000696c00000, 0x0000000697000000|  0%| F|  |TAMS 0x0000000696c00000| PB 0x0000000696c00000| Untracked 
|  92|0x0000000697000000, 0x0000000697000000, 0x0000000697400000|  0%| F|  |TAMS 0x0000000697000000| PB 0x0000000697000000| Untracked 
|  93|0x0000000697400000, 0x0000000697400000, 0x0000000697800000|  0%| F|  |TAMS 0x0000000697400000| PB 0x0000000697400000| Untracked 
|  94|0x0000000697800000, 0x0000000697800000, 0x0000000697c00000|  0%| F|  |TAMS 0x0000000697800000| PB 0x0000000697800000| Untracked 
|  95|0x0000000697c00000, 0x0000000697c00000, 0x0000000698000000|  0%| F|  |TAMS 0x0000000697c00000| PB 0x0000000697c00000| Untracked 
|  96|0x0000000698000000, 0x0000000698000000, 0x0000000698400000|  0%| F|  |TAMS 0x0000000698000000| PB 0x0000000698000000| Untracked 
|  97|0x0000000698400000, 0x0000000698400000, 0x0000000698800000|  0%| F|  |TAMS 0x0000000698400000| PB 0x0000000698400000| Untracked 
|  98|0x0000000698800000, 0x0000000698800000, 0x0000000698c00000|  0%| F|  |TAMS 0x0000000698800000| PB 0x0000000698800000| Untracked 
|  99|0x0000000698c00000, 0x0000000698c00000, 0x0000000699000000|  0%| F|  |TAMS 0x0000000698c00000| PB 0x0000000698c00000| Untracked 
| 100|0x0000000699000000, 0x0000000699000000, 0x0000000699400000|  0%| F|  |TAMS 0x0000000699000000| PB 0x0000000699000000| Untracked 
| 101|0x0000000699400000, 0x0000000699400000, 0x0000000699800000|  0%| F|  |TAMS 0x0000000699400000| PB 0x0000000699400000| Untracked 
| 102|0x0000000699800000, 0x0000000699800000, 0x0000000699c00000|  0%| F|  |TAMS 0x0000000699800000| PB 0x0000000699800000| Untracked 
| 103|0x0000000699c00000, 0x0000000699c00000, 0x000000069a000000|  0%| F|  |TAMS 0x0000000699c00000| PB 0x0000000699c00000| Untracked 
| 104|0x000000069a000000, 0x000000069a000000, 0x000000069a400000|  0%| F|  |TAMS 0x000000069a000000| PB 0x000000069a000000| Untracked 
| 105|0x000000069a400000, 0x000000069a400000, 0x000000069a800000|  0%| F|  |TAMS 0x000000069a400000| PB 0x000000069a400000| Untracked 
| 106|0x000000069a800000, 0x000000069a800000, 0x000000069ac00000|  0%| F|  |TAMS 0x000000069a800000| PB 0x000000069a800000| Untracked 
| 107|0x000000069ac00000, 0x000000069ac00000, 0x000000069b000000|  0%| F|  |TAMS 0x000000069ac00000| PB 0x000000069ac00000| Untracked 
| 108|0x000000069b000000, 0x000000069b000000, 0x000000069b400000|  0%| F|  |TAMS 0x000000069b000000| PB 0x000000069b000000| Untracked 
| 109|0x000000069b400000, 0x000000069b400000, 0x000000069b800000|  0%| F|  |TAMS 0x000000069b400000| PB 0x000000069b400000| Untracked 
| 110|0x000000069b800000, 0x000000069b800000, 0x000000069bc00000|  0%| F|  |TAMS 0x000000069b800000| PB 0x000000069b800000| Untracked 
| 111|0x000000069bc00000, 0x000000069bc00000, 0x000000069c000000|  0%| F|  |TAMS 0x000000069bc00000| PB 0x000000069bc00000| Untracked 
| 112|0x000000069c000000, 0x000000069c000000, 0x000000069c400000|  0%| F|  |TAMS 0x000000069c000000| PB 0x000000069c000000| Untracked 
| 113|0x000000069c400000, 0x000000069c400000, 0x000000069c800000|  0%| F|  |TAMS 0x000000069c400000| PB 0x000000069c400000| Untracked 
| 114|0x000000069c800000, 0x000000069c800000, 0x000000069cc00000|  0%| F|  |TAMS 0x000000069c800000| PB 0x000000069c800000| Untracked 
| 115|0x000000069cc00000, 0x000000069cc00000, 0x000000069d000000|  0%| F|  |TAMS 0x000000069cc00000| PB 0x000000069cc00000| Untracked 
| 116|0x000000069d000000, 0x000000069d000000, 0x000000069d400000|  0%| F|  |TAMS 0x000000069d000000| PB 0x000000069d000000| Untracked 
| 117|0x000000069d400000, 0x000000069d400000, 0x000000069d800000|  0%| F|  |TAMS 0x000000069d400000| PB 0x000000069d400000| Untracked 
| 118|0x000000069d800000, 0x000000069d800000, 0x000000069dc00000|  0%| F|  |TAMS 0x000000069d800000| PB 0x000000069d800000| Untracked 
| 119|0x000000069dc00000, 0x000000069dc00000, 0x000000069e000000|  0%| F|  |TAMS 0x000000069dc00000| PB 0x000000069dc00000| Untracked 
| 120|0x000000069e000000, 0x000000069e000000, 0x000000069e400000|  0%| F|  |TAMS 0x000000069e000000| PB 0x000000069e000000| Untracked 
| 121|0x000000069e400000, 0x000000069e400000, 0x000000069e800000|  0%| F|  |TAMS 0x000000069e400000| PB 0x000000069e400000| Untracked 
| 122|0x000000069e800000, 0x000000069e800000, 0x000000069ec00000|  0%| F|  |TAMS 0x000000069e800000| PB 0x000000069e800000| Untracked 
| 123|0x000000069ec00000, 0x000000069ec00000, 0x000000069f000000|  0%| F|  |TAMS 0x000000069ec00000| PB 0x000000069ec00000| Untracked 
| 124|0x000000069f000000, 0x000000069f000000, 0x000000069f400000|  0%| F|  |TAMS 0x000000069f000000| PB 0x000000069f000000| Untracked 
| 125|0x000000069f400000, 0x000000069f400000, 0x000000069f800000|  0%| F|  |TAMS 0x000000069f400000| PB 0x000000069f400000| Untracked 
| 126|0x000000069f800000, 0x000000069f800000, 0x000000069fc00000|  0%| F|  |TAMS 0x000000069f800000| PB 0x000000069f800000| Untracked 
| 127|0x000000069fc00000, 0x000000069fc00000, 0x00000006a0000000|  0%| F|  |TAMS 0x000000069fc00000| PB 0x000000069fc00000| Untracked 
| 128|0x00000006a0000000, 0x00000006a0000000, 0x00000006a0400000|  0%| F|  |TAMS 0x00000006a0000000| PB 0x00000006a0000000| Untracked 
| 129|0x00000006a0400000, 0x00000006a0400000, 0x00000006a0800000|  0%| F|  |TAMS 0x00000006a0400000| PB 0x00000006a0400000| Untracked 
| 130|0x00000006a0800000, 0x00000006a0800000, 0x00000006a0c00000|  0%| F|  |TAMS 0x00000006a0800000| PB 0x00000006a0800000| Untracked 
| 131|0x00000006a0c00000, 0x00000006a0c00000, 0x00000006a1000000|  0%| F|  |TAMS 0x00000006a0c00000| PB 0x00000006a0c00000| Untracked 
| 132|0x00000006a1000000, 0x00000006a1000000, 0x00000006a1400000|  0%| F|  |TAMS 0x00000006a1000000| PB 0x00000006a1000000| Untracked 
| 133|0x00000006a1400000, 0x00000006a1400000, 0x00000006a1800000|  0%| F|  |TAMS 0x00000006a1400000| PB 0x00000006a1400000| Untracked 
| 134|0x00000006a1800000, 0x00000006a1800000, 0x00000006a1c00000|  0%| F|  |TAMS 0x00000006a1800000| PB 0x00000006a1800000| Untracked 
| 135|0x00000006a1c00000, 0x00000006a1c00000, 0x00000006a2000000|  0%| F|  |TAMS 0x00000006a1c00000| PB 0x00000006a1c00000| Untracked 
| 136|0x00000006a2000000, 0x00000006a2000000, 0x00000006a2400000|  0%| F|  |TAMS 0x00000006a2000000| PB 0x00000006a2000000| Untracked 
| 137|0x00000006a2400000, 0x00000006a2400000, 0x00000006a2800000|  0%| F|  |TAMS 0x00000006a2400000| PB 0x00000006a2400000| Untracked 
| 138|0x00000006a2800000, 0x00000006a2800000, 0x00000006a2c00000|  0%| F|  |TAMS 0x00000006a2800000| PB 0x00000006a2800000| Untracked 
| 139|0x00000006a2c00000, 0x00000006a2c00000, 0x00000006a3000000|  0%| F|  |TAMS 0x00000006a2c00000| PB 0x00000006a2c00000| Untracked 
| 140|0x00000006a3000000, 0x00000006a3000000, 0x00000006a3400000|  0%| F|  |TAMS 0x00000006a3000000| PB 0x00000006a3000000| Untracked 
| 141|0x00000006a3400000, 0x00000006a3400000, 0x00000006a3800000|  0%| F|  |TAMS 0x00000006a3400000| PB 0x00000006a3400000| Untracked 
| 142|0x00000006a3800000, 0x00000006a3800000, 0x00000006a3c00000|  0%| F|  |TAMS 0x00000006a3800000| PB 0x00000006a3800000| Untracked 
| 143|0x00000006a3c00000, 0x00000006a3c00000, 0x00000006a4000000|  0%| F|  |TAMS 0x00000006a3c00000| PB 0x00000006a3c00000| Untracked 
| 144|0x00000006a4000000, 0x00000006a4000000, 0x00000006a4400000|  0%| F|  |TAMS 0x00000006a4000000| PB 0x00000006a4000000| Untracked 
| 145|0x00000006a4400000, 0x00000006a4400000, 0x00000006a4800000|  0%| F|  |TAMS 0x00000006a4400000| PB 0x00000006a4400000| Untracked 
| 146|0x00000006a4800000, 0x00000006a4800000, 0x00000006a4c00000|  0%| F|  |TAMS 0x00000006a4800000| PB 0x00000006a4800000| Untracked 
| 147|0x00000006a4c00000, 0x00000006a4c00000, 0x00000006a5000000|  0%| F|  |TAMS 0x00000006a4c00000| PB 0x00000006a4c00000| Untracked 
| 148|0x00000006a5000000, 0x00000006a5000000, 0x00000006a5400000|  0%| F|  |TAMS 0x00000006a5000000| PB 0x00000006a5000000| Untracked 
| 149|0x00000006a5400000, 0x00000006a5400000, 0x00000006a5800000|  0%| F|  |TAMS 0x00000006a5400000| PB 0x00000006a5400000| Untracked 
| 150|0x00000006a5800000, 0x00000006a5800000, 0x00000006a5c00000|  0%| F|  |TAMS 0x00000006a5800000| PB 0x00000006a5800000| Untracked 
| 151|0x00000006a5c00000, 0x00000006a5c00000, 0x00000006a6000000|  0%| F|  |TAMS 0x00000006a5c00000| PB 0x00000006a5c00000| Untracked 
| 152|0x00000006a6000000, 0x00000006a6000000, 0x00000006a6400000|  0%| F|  |TAMS 0x00000006a6000000| PB 0x00000006a6000000| Untracked 
| 153|0x00000006a6400000, 0x00000006a6400000, 0x00000006a6800000|  0%| F|  |TAMS 0x00000006a6400000| PB 0x00000006a6400000| Untracked 
| 154|0x00000006a6800000, 0x00000006a6800000, 0x00000006a6c00000|  0%| F|  |TAMS 0x00000006a6800000| PB 0x00000006a6800000| Untracked 
| 155|0x00000006a6c00000, 0x00000006a6c00000, 0x00000006a7000000|  0%| F|  |TAMS 0x00000006a6c00000| PB 0x00000006a6c00000| Untracked 
| 156|0x00000006a7000000, 0x00000006a7000000, 0x00000006a7400000|  0%| F|  |TAMS 0x00000006a7000000| PB 0x00000006a7000000| Untracked 
| 157|0x00000006a7400000, 0x00000006a7400000, 0x00000006a7800000|  0%| F|  |TAMS 0x00000006a7400000| PB 0x00000006a7400000| Untracked 
| 158|0x00000006a7800000, 0x00000006a7800000, 0x00000006a7c00000|  0%| F|  |TAMS 0x00000006a7800000| PB 0x00000006a7800000| Untracked 
| 159|0x00000006a7c00000, 0x00000006a7c00000, 0x00000006a8000000|  0%| F|  |TAMS 0x00000006a7c00000| PB 0x00000006a7c00000| Untracked 
| 160|0x00000006a8000000, 0x00000006a8000000, 0x00000006a8400000|  0%| F|  |TAMS 0x00000006a8000000| PB 0x00000006a8000000| Untracked 
| 161|0x00000006a8400000, 0x00000006a8400000, 0x00000006a8800000|  0%| F|  |TAMS 0x00000006a8400000| PB 0x00000006a8400000| Untracked 
| 162|0x00000006a8800000, 0x00000006a8800000, 0x00000006a8c00000|  0%| F|  |TAMS 0x00000006a8800000| PB 0x00000006a8800000| Untracked 
| 163|0x00000006a8c00000, 0x00000006a8c00000, 0x00000006a9000000|  0%| F|  |TAMS 0x00000006a8c00000| PB 0x00000006a8c00000| Untracked 
| 164|0x00000006a9000000, 0x00000006a9000000, 0x00000006a9400000|  0%| F|  |TAMS 0x00000006a9000000| PB 0x00000006a9000000| Untracked 
| 165|0x00000006a9400000, 0x00000006a9400000, 0x00000006a9800000|  0%| F|  |TAMS 0x00000006a9400000| PB 0x00000006a9400000| Untracked 
| 166|0x00000006a9800000, 0x00000006a9800000, 0x00000006a9c00000|  0%| F|  |TAMS 0x00000006a9800000| PB 0x00000006a9800000| Untracked 
| 167|0x00000006a9c00000, 0x00000006a9c00000, 0x00000006aa000000|  0%| F|  |TAMS 0x00000006a9c00000| PB 0x00000006a9c00000| Untracked 
| 168|0x00000006aa000000, 0x00000006aa000000, 0x00000006aa400000|  0%| F|  |TAMS 0x00000006aa000000| PB 0x00000006aa000000| Untracked 
| 169|0x00000006aa400000, 0x00000006aa400000, 0x00000006aa800000|  0%| F|  |TAMS 0x00000006aa400000| PB 0x00000006aa400000| Untracked 
| 170|0x00000006aa800000, 0x00000006aa800000, 0x00000006aac00000|  0%| F|  |TAMS 0x00000006aa800000| PB 0x00000006aa800000| Untracked 
| 171|0x00000006aac00000, 0x00000006aac00000, 0x00000006ab000000|  0%| F|  |TAMS 0x00000006aac00000| PB 0x00000006aac00000| Untracked 
| 172|0x00000006ab000000, 0x00000006ab000000, 0x00000006ab400000|  0%| F|  |TAMS 0x00000006ab000000| PB 0x00000006ab000000| Untracked 
| 173|0x00000006ab400000, 0x00000006ab400000, 0x00000006ab800000|  0%| F|  |TAMS 0x00000006ab400000| PB 0x00000006ab400000| Untracked 
| 174|0x00000006ab800000, 0x00000006ab800000, 0x00000006abc00000|  0%| F|  |TAMS 0x00000006ab800000| PB 0x00000006ab800000| Untracked 
| 175|0x00000006abc00000, 0x00000006abc00000, 0x00000006ac000000|  0%| F|  |TAMS 0x00000006abc00000| PB 0x00000006abc00000| Untracked 
| 176|0x00000006ac000000, 0x00000006ac000000, 0x00000006ac400000|  0%| F|  |TAMS 0x00000006ac000000| PB 0x00000006ac000000| Untracked 
| 177|0x00000006ac400000, 0x00000006ac400000, 0x00000006ac800000|  0%| F|  |TAMS 0x00000006ac400000| PB 0x00000006ac400000| Untracked 
| 178|0x00000006ac800000, 0x00000006ac800000, 0x00000006acc00000|  0%| F|  |TAMS 0x00000006ac800000| PB 0x00000006ac800000| Untracked 
| 179|0x00000006acc00000, 0x00000006acc00000, 0x00000006ad000000|  0%| F|  |TAMS 0x00000006acc00000| PB 0x00000006acc00000| Untracked 
| 180|0x00000006ad000000, 0x00000006ad000000, 0x00000006ad400000|  0%| F|  |TAMS 0x00000006ad000000| PB 0x00000006ad000000| Untracked 
| 181|0x00000006ad400000, 0x00000006ad400000, 0x00000006ad800000|  0%| F|  |TAMS 0x00000006ad400000| PB 0x00000006ad400000| Untracked 
| 182|0x00000006ad800000, 0x00000006ad800000, 0x00000006adc00000|  0%| F|  |TAMS 0x00000006ad800000| PB 0x00000006ad800000| Untracked 
| 183|0x00000006adc00000, 0x00000006adc00000, 0x00000006ae000000|  0%| F|  |TAMS 0x00000006adc00000| PB 0x00000006adc00000| Untracked 
| 184|0x00000006ae000000, 0x00000006ae0b5f00, 0x00000006ae400000| 17%| S|CS|TAMS 0x00000006ae000000| PB 0x00000006ae000000| Complete 
| 185|0x00000006ae400000, 0x00000006ae800000, 0x00000006ae800000|100%| S|CS|TAMS 0x00000006ae400000| PB 0x00000006ae400000| Complete 
| 186|0x00000006ae800000, 0x00000006aec00000, 0x00000006aec00000|100%| S|CS|TAMS 0x00000006ae800000| PB 0x00000006ae800000| Complete 
| 187|0x00000006aec00000, 0x00000006af000000, 0x00000006af000000|100%| S|CS|TAMS 0x00000006aec00000| PB 0x00000006aec00000| Complete 
| 188|0x00000006af000000, 0x00000006af400000, 0x00000006af400000|100%| S|CS|TAMS 0x00000006af000000| PB 0x00000006af000000| Complete 
| 189|0x00000006af400000, 0x00000006af800000, 0x00000006af800000|100%| S|CS|TAMS 0x00000006af400000| PB 0x00000006af400000| Complete 
| 190|0x00000006af800000, 0x00000006afc00000, 0x00000006afc00000|100%| S|CS|TAMS 0x00000006af800000| PB 0x00000006af800000| Complete 
| 191|0x00000006afc00000, 0x00000006afc00000, 0x00000006b0000000|  0%| F|  |TAMS 0x00000006afc00000| PB 0x00000006afc00000| Untracked 
| 192|0x00000006b0000000, 0x00000006b0000000, 0x00000006b0400000|  0%| F|  |TAMS 0x00000006b0000000| PB 0x00000006b0000000| Untracked 
| 193|0x00000006b0400000, 0x00000006b0400000, 0x00000006b0800000|  0%| F|  |TAMS 0x00000006b0400000| PB 0x00000006b0400000| Untracked 
| 194|0x00000006b0800000, 0x00000006b0800000, 0x00000006b0c00000|  0%| F|  |TAMS 0x00000006b0800000| PB 0x00000006b0800000| Untracked 
| 195|0x00000006b0c00000, 0x00000006b0c00000, 0x00000006b1000000|  0%| F|  |TAMS 0x00000006b0c00000| PB 0x00000006b0c00000| Untracked 
| 196|0x00000006b1000000, 0x00000006b1000000, 0x00000006b1400000|  0%| F|  |TAMS 0x00000006b1000000| PB 0x00000006b1000000| Untracked 
| 197|0x00000006b1400000, 0x00000006b1400000, 0x00000006b1800000|  0%| F|  |TAMS 0x00000006b1400000| PB 0x00000006b1400000| Untracked 
| 198|0x00000006b1800000, 0x00000006b1800000, 0x00000006b1c00000|  0%| F|  |TAMS 0x00000006b1800000| PB 0x00000006b1800000| Untracked 
| 199|0x00000006b1c00000, 0x00000006b1c00000, 0x00000006b2000000|  0%| F|  |TAMS 0x00000006b1c00000| PB 0x00000006b1c00000| Untracked 
| 200|0x00000006b2000000, 0x00000006b2000000, 0x00000006b2400000|  0%| F|  |TAMS 0x00000006b2000000| PB 0x00000006b2000000| Untracked 
| 201|0x00000006b2400000, 0x00000006b2400000, 0x00000006b2800000|  0%| F|  |TAMS 0x00000006b2400000| PB 0x00000006b2400000| Untracked 
| 202|0x00000006b2800000, 0x00000006b2800000, 0x00000006b2c00000|  0%| F|  |TAMS 0x00000006b2800000| PB 0x00000006b2800000| Untracked 
| 203|0x00000006b2c00000, 0x00000006b2c00000, 0x00000006b3000000|  0%| F|  |TAMS 0x00000006b2c00000| PB 0x00000006b2c00000| Untracked 
| 204|0x00000006b3000000, 0x00000006b3000000, 0x00000006b3400000|  0%| F|  |TAMS 0x00000006b3000000| PB 0x00000006b3000000| Untracked 
| 205|0x00000006b3400000, 0x00000006b3400000, 0x00000006b3800000|  0%| F|  |TAMS 0x00000006b3400000| PB 0x00000006b3400000| Untracked 
| 206|0x00000006b3800000, 0x00000006b3800000, 0x00000006b3c00000|  0%| F|  |TAMS 0x00000006b3800000| PB 0x00000006b3800000| Untracked 
| 207|0x00000006b3c00000, 0x00000006b3c00000, 0x00000006b4000000|  0%| F|  |TAMS 0x00000006b3c00000| PB 0x00000006b3c00000| Untracked 
| 208|0x00000006b4000000, 0x00000006b4000000, 0x00000006b4400000|  0%| F|  |TAMS 0x00000006b4000000| PB 0x00000006b4000000| Untracked 
| 209|0x00000006b4400000, 0x00000006b4400000, 0x00000006b4800000|  0%| F|  |TAMS 0x00000006b4400000| PB 0x00000006b4400000| Untracked 
| 210|0x00000006b4800000, 0x00000006b4800000, 0x00000006b4c00000|  0%| F|  |TAMS 0x00000006b4800000| PB 0x00000006b4800000| Untracked 
| 211|0x00000006b4c00000, 0x00000006b4c00000, 0x00000006b5000000|  0%| F|  |TAMS 0x00000006b4c00000| PB 0x00000006b4c00000| Untracked 
| 212|0x00000006b5000000, 0x00000006b5000000, 0x00000006b5400000|  0%| F|  |TAMS 0x00000006b5000000| PB 0x00000006b5000000| Untracked 
| 213|0x00000006b5400000, 0x00000006b5400000, 0x00000006b5800000|  0%| F|  |TAMS 0x00000006b5400000| PB 0x00000006b5400000| Untracked 
| 214|0x00000006b5800000, 0x00000006b5800000, 0x00000006b5c00000|  0%| F|  |TAMS 0x00000006b5800000| PB 0x00000006b5800000| Untracked 
| 215|0x00000006b5c00000, 0x00000006b5c00000, 0x00000006b6000000|  0%| F|  |TAMS 0x00000006b5c00000| PB 0x00000006b5c00000| Untracked 
| 216|0x00000006b6000000, 0x00000006b6000000, 0x00000006b6400000|  0%| F|  |TAMS 0x00000006b6000000| PB 0x00000006b6000000| Untracked 
| 217|0x00000006b6400000, 0x00000006b6400000, 0x00000006b6800000|  0%| F|  |TAMS 0x00000006b6400000| PB 0x00000006b6400000| Untracked 
| 218|0x00000006b6800000, 0x00000006b6800000, 0x00000006b6c00000|  0%| F|  |TAMS 0x00000006b6800000| PB 0x00000006b6800000| Untracked 
| 219|0x00000006b6c00000, 0x00000006b6c00000, 0x00000006b7000000|  0%| F|  |TAMS 0x00000006b6c00000| PB 0x00000006b6c00000| Untracked 
| 220|0x00000006b7000000, 0x00000006b7000000, 0x00000006b7400000|  0%| F|  |TAMS 0x00000006b7000000| PB 0x00000006b7000000| Untracked 
| 221|0x00000006b7400000, 0x00000006b7400000, 0x00000006b7800000|  0%| F|  |TAMS 0x00000006b7400000| PB 0x00000006b7400000| Untracked 
| 222|0x00000006b7800000, 0x00000006b7800000, 0x00000006b7c00000|  0%| F|  |TAMS 0x00000006b7800000| PB 0x00000006b7800000| Untracked 
| 223|0x00000006b7c00000, 0x00000006b7c00000, 0x00000006b8000000|  0%| F|  |TAMS 0x00000006b7c00000| PB 0x00000006b7c00000| Untracked 
| 224|0x00000006b8000000, 0x00000006b8000000, 0x00000006b8400000|  0%| F|  |TAMS 0x00000006b8000000| PB 0x00000006b8000000| Untracked 
| 225|0x00000006b8400000, 0x00000006b8400000, 0x00000006b8800000|  0%| F|  |TAMS 0x00000006b8400000| PB 0x00000006b8400000| Untracked 
| 226|0x00000006b8800000, 0x00000006b8800000, 0x00000006b8c00000|  0%| F|  |TAMS 0x00000006b8800000| PB 0x00000006b8800000| Untracked 
| 227|0x00000006b8c00000, 0x00000006b8c00000, 0x00000006b9000000|  0%| F|  |TAMS 0x00000006b8c00000| PB 0x00000006b8c00000| Untracked 
| 228|0x00000006b9000000, 0x00000006b9000000, 0x00000006b9400000|  0%| F|  |TAMS 0x00000006b9000000| PB 0x00000006b9000000| Untracked 
| 229|0x00000006b9400000, 0x00000006b9400000, 0x00000006b9800000|  0%| F|  |TAMS 0x00000006b9400000| PB 0x00000006b9400000| Untracked 
| 230|0x00000006b9800000, 0x00000006b9800000, 0x00000006b9c00000|  0%| F|  |TAMS 0x00000006b9800000| PB 0x00000006b9800000| Untracked 
| 231|0x00000006b9c00000, 0x00000006b9c00000, 0x00000006ba000000|  0%| F|  |TAMS 0x00000006b9c00000| PB 0x00000006b9c00000| Untracked 
| 232|0x00000006ba000000, 0x00000006ba000000, 0x00000006ba400000|  0%| F|  |TAMS 0x00000006ba000000| PB 0x00000006ba000000| Untracked 
| 233|0x00000006ba400000, 0x00000006ba400000, 0x00000006ba800000|  0%| F|  |TAMS 0x00000006ba400000| PB 0x00000006ba400000| Untracked 
| 234|0x00000006ba800000, 0x00000006ba800000, 0x00000006bac00000|  0%| F|  |TAMS 0x00000006ba800000| PB 0x00000006ba800000| Untracked 
| 235|0x00000006bac00000, 0x00000006bac00000, 0x00000006bb000000|  0%| F|  |TAMS 0x00000006bac00000| PB 0x00000006bac00000| Untracked 
| 236|0x00000006bb000000, 0x00000006bb000000, 0x00000006bb400000|  0%| F|  |TAMS 0x00000006bb000000| PB 0x00000006bb000000| Untracked 
| 237|0x00000006bb400000, 0x00000006bb400000, 0x00000006bb800000|  0%| F|  |TAMS 0x00000006bb400000| PB 0x00000006bb400000| Untracked 
| 238|0x00000006bb800000, 0x00000006bb800000, 0x00000006bbc00000|  0%| F|  |TAMS 0x00000006bb800000| PB 0x00000006bb800000| Untracked 
| 239|0x00000006bbc00000, 0x00000006bbc00000, 0x00000006bc000000|  0%| F|  |TAMS 0x00000006bbc00000| PB 0x00000006bbc00000| Untracked 
| 240|0x00000006bc000000, 0x00000006bc000000, 0x00000006bc400000|  0%| F|  |TAMS 0x00000006bc000000| PB 0x00000006bc000000| Untracked 
| 241|0x00000006bc400000, 0x00000006bc400000, 0x00000006bc800000|  0%| F|  |TAMS 0x00000006bc400000| PB 0x00000006bc400000| Untracked 
| 242|0x00000006bc800000, 0x00000006bc800000, 0x00000006bcc00000|  0%| F|  |TAMS 0x00000006bc800000| PB 0x00000006bc800000| Untracked 
| 243|0x00000006bcc00000, 0x00000006bcc00000, 0x00000006bd000000|  0%| F|  |TAMS 0x00000006bcc00000| PB 0x00000006bcc00000| Untracked 
| 244|0x00000006bd000000, 0x00000006bd000000, 0x00000006bd400000|  0%| F|  |TAMS 0x00000006bd000000| PB 0x00000006bd000000| Untracked 
| 245|0x00000006bd400000, 0x00000006bd400000, 0x00000006bd800000|  0%| F|  |TAMS 0x00000006bd400000| PB 0x00000006bd400000| Untracked 
| 246|0x00000006bd800000, 0x00000006bd800000, 0x00000006bdc00000|  0%| F|  |TAMS 0x00000006bd800000| PB 0x00000006bd800000| Untracked 
| 247|0x00000006bdc00000, 0x00000006bdc00000, 0x00000006be000000|  0%| F|  |TAMS 0x00000006bdc00000| PB 0x00000006bdc00000| Untracked 
| 248|0x00000006be000000, 0x00000006be000000, 0x00000006be400000|  0%| F|  |TAMS 0x00000006be000000| PB 0x00000006be000000| Untracked 
| 249|0x00000006be400000, 0x00000006be400000, 0x00000006be800000|  0%| F|  |TAMS 0x00000006be400000| PB 0x00000006be400000| Untracked 
| 250|0x00000006be800000, 0x00000006be800000, 0x00000006bec00000|  0%| F|  |TAMS 0x00000006be800000| PB 0x00000006be800000| Untracked 
| 251|0x00000006bec00000, 0x00000006bec00000, 0x00000006bf000000|  0%| F|  |TAMS 0x00000006bec00000| PB 0x00000006bec00000| Untracked 
| 252|0x00000006bf000000, 0x00000006bf000000, 0x00000006bf400000|  0%| F|  |TAMS 0x00000006bf000000| PB 0x00000006bf000000| Untracked 
| 253|0x00000006bf400000, 0x00000006bf400000, 0x00000006bf800000|  0%| F|  |TAMS 0x00000006bf400000| PB 0x00000006bf400000| Untracked 
| 254|0x00000006bf800000, 0x00000006bf800000, 0x00000006bfc00000|  0%| F|  |TAMS 0x00000006bf800000| PB 0x00000006bf800000| Untracked 
| 255|0x00000006bfc00000, 0x00000006bfc00000, 0x00000006c0000000|  0%| F|  |TAMS 0x00000006bfc00000| PB 0x00000006bfc00000| Untracked 

Card table byte_map: [0x000001c642be0000,0x000001c6437e0000] _byte_map_base: 0x000001c63f7e0000

Marking Bits: (CMBitMap*) 0x000001c62f5e4910
 Bits: [0x000001c6437e0000, 0x000001c6497e0000)

Polling page: 0x000001c62da40000

Metaspace:

Usage:
  Non-class:     82.81 MB used.
      Class:     13.16 MB used.
       Both:     95.97 MB used.

Virtual space:
  Non-class space:      128.00 MB reserved,      83.81 MB ( 65%) committed,  2 nodes.
      Class space:      832.00 MB reserved,      14.12 MB (  2%) committed,  1 nodes.
             Both:      960.00 MB reserved,      97.94 MB ( 10%) committed. 

Chunk freelists:
   Non-Class:  11.56 MB
       Class:  1.86 MB
        Both:  13.42 MB

MaxMetaspaceSize: 1.00 GB
CompressedClassSpaceSize: 832.00 MB
Initial GC threshold: 21.00 MB
Current GC threshold: 97.94 MB
CDS: off
 - commit_granule_bytes: 65536.
 - commit_granule_words: 8192.
 - virtual_space_node_default_size: 8388608.
 - enlarge_chunks_in_place: 1.
 - use_allocation_guard: 0.


Internal statistics:

num_allocs_failed_limit: 12.
num_arena_births: 3870.
num_arena_deaths: 0.
num_vsnodes_births: 3.
num_vsnodes_deaths: 0.
num_space_committed: 1567.
num_space_uncommitted: 0.
num_chunks_returned_to_freelist: 12.
num_chunks_taken_from_freelist: 8036.
num_chunk_merges: 9.
num_chunk_splits: 5196.
num_chunks_enlarged: 3164.
num_inconsistent_stats: 0.

CodeHeap 'non-profiled nmethods': size=120000Kb used=7987Kb max_used=7987Kb free=112012Kb
 bounds [0x000001c63a270000, 0x000001c63aa40000, 0x000001c6417a0000]
CodeHeap 'profiled nmethods': size=120000Kb used=23968Kb max_used=23968Kb free=96031Kb
 bounds [0x000001c6327a0000, 0x000001c633f10000, 0x000001c639cd0000]
CodeHeap 'non-nmethods': size=5760Kb used=2683Kb max_used=2811Kb free=3076Kb
 bounds [0x000001c639cd0000, 0x000001c639fa0000, 0x000001c63a270000]
CodeCache: size=245760Kb, used=34638Kb, max_used=34766Kb, free=211119Kb
 total_blobs=12837, nmethods=11871, adapters=870, full_count=0
Compilation: enabled, stopped_count=0, restarted_count=0

Compilation events (20 events):
Event: 10.858 Thread 0x000001c64c1cf110 12455       3       kotlin.reflect.jvm.internal.impl.metadata.ProtoBuf$Annotation$Builder::build (19 bytes)
Event: 10.858 Thread 0x000001c64c1cf110 nmethod 12455 0x000001c633f06910 code [0x000001c633f06b00, 0x000001c633f06df0]
Event: 10.858 Thread 0x000001c64c1cf110 12456       3       kotlin.reflect.jvm.internal.impl.metadata.ProtoBuf$Annotation$Argument$Value::getArrayElementCount (10 bytes)
Event: 10.858 Thread 0x000001c64c1cf110 nmethod 12456 0x000001c633f06f90 code [0x000001c633f07140, 0x000001c633f07320]
Event: 10.858 Thread 0x000001c64c1cf110 12469       1       kotlin.reflect.jvm.internal.impl.protobuf.SmallSortedMap::access$400 (5 bytes)
Event: 10.858 Thread 0x000001c64c1cf110 nmethod 12469 0x000001c63aa3b310 code [0x000001c63aa3b4a0, 0x000001c63aa3b550]
Event: 10.859 Thread 0x000001c64c1cf110 12470       1       kotlin.reflect.jvm.internal.impl.metadata.ProtoBuf$Class::getFqName (5 bytes)
Event: 10.859 Thread 0x000001c64c1cf110 nmethod 12470 0x000001c63aa3b610 code [0x000001c63aa3b7a0, 0x000001c63aa3b868]
Event: 10.860 Thread 0x000001c64c5e2730 nmethod 12463 0x000001c63aa3b910 code [0x000001c63aa3baa0, 0x000001c63aa3bd68]
Event: 10.860 Thread 0x000001c64c5e2730 12468       4       java.util.AbstractSet::<init> (5 bytes)
Event: 10.860 Thread 0x000001c64c5e2730 nmethod 12468 0x000001c63aa3c010 code [0x000001c63aa3c1a0, 0x000001c63aa3c228]
Event: 10.860 Thread 0x000001c64c5e2730 12464       4       java.util.LinkedList::<init> (10 bytes)
Event: 10.860 Thread 0x000001c64c5e2730 nmethod 12464 0x000001c63aa3c310 code [0x000001c63aa3c4a0, 0x000001c63aa3c530]
Event: 10.860 Thread 0x000001c64c5e2730 12462       4       java.lang.StringBuilder::append (6 bytes)
Event: 10.863 Thread 0x000001c64c5e2730 nmethod 12462 0x000001c63aa3c610 code [0x000001c63aa3c7e0, 0x000001c63aa3cbf8]
Event: 10.868 Thread 0x000001c64c1cf110 12471       3       java.util.jar.JarEntry::<init> (6 bytes)
Event: 10.868 Thread 0x000001c64c5e2730 12473       4       org.gradle.plugin.use.internal.DefaultPluginId::equals (41 bytes)
Event: 10.869 Thread 0x000001c64c1cf110 nmethod 12471 0x000001c633f07410 code [0x000001c633f075c0, 0x000001c633f076f8]
Event: 10.869 Thread 0x000001c64c1cf110 12472       3       java.util.zip.ZipEntry::<init> (172 bytes)
Event: 10.869 Thread 0x000001c64c1cf110 nmethod 12472 0x000001c633f07790 code [0x000001c633f07980, 0x000001c633f07f60]

GC Heap History (17 events):
Event: 0.500 GC heap before
{Heap before GC invocations=0 (full 0):
 garbage-first heap   total 1048576K, used 53248K [0x0000000680000000, 0x0000000800000000)
  region size 4096K, 12 young (49152K), 0 survivors (0K)
 Metaspace       used 8864K, committed 9024K, reserved 917504K
  class space    used 816K, committed 896K, reserved 851968K
}
Event: 0.503 GC heap after
{Heap after GC invocations=1 (full 0):
 garbage-first heap   total 1048576K, used 10669K [0x0000000680000000, 0x0000000800000000)
  region size 4096K, 2 young (8192K), 2 survivors (8192K)
 Metaspace       used 8864K, committed 9024K, reserved 917504K
  class space    used 816K, committed 896K, reserved 851968K
}
Event: 0.856 GC heap before
{Heap before GC invocations=1 (full 0):
 garbage-first heap   total 1048576K, used 68013K [0x0000000680000000, 0x0000000800000000)
  region size 4096K, 16 young (65536K), 2 survivors (8192K)
 Metaspace       used 12571K, committed 12736K, reserved 917504K
  class space    used 1374K, committed 1472K, reserved 851968K
}
Event: 0.860 GC heap after
{Heap after GC invocations=2 (full 0):
 garbage-first heap   total 1048576K, used 11904K [0x0000000680000000, 0x0000000800000000)
  region size 4096K, 1 young (4096K), 1 survivors (4096K)
 Metaspace       used 12571K, committed 12736K, reserved 917504K
  class space    used 1374K, committed 1472K, reserved 851968K
}
Event: 1.707 GC heap before
{Heap before GC invocations=2 (full 0):
 garbage-first heap   total 1048576K, used 110208K [0x0000000680000000, 0x0000000800000000)
  region size 4096K, 27 young (110592K), 1 survivors (4096K)
 Metaspace       used 21243K, committed 21504K, reserved 917504K
  class space    used 2518K, committed 2624K, reserved 851968K
}
Event: 1.712 GC heap after
{Heap after GC invocations=3 (full 0):
 garbage-first heap   total 1048576K, used 20542K [0x0000000680000000, 0x0000000800000000)
  region size 4096K, 3 young (12288K), 3 survivors (12288K)
 Metaspace       used 21243K, committed 21504K, reserved 917504K
  class space    used 2518K, committed 2624K, reserved 851968K
}
Event: 2.757 GC heap before
{Heap before GC invocations=4 (full 0):
 garbage-first heap   total 1048576K, used 131134K [0x0000000680000000, 0x0000000800000000)
  region size 4096K, 31 young (126976K), 3 survivors (12288K)
 Metaspace       used 35218K, committed 35968K, reserved 917504K
  class space    used 4868K, committed 5184K, reserved 851968K
}
Event: 2.765 GC heap after
{Heap after GC invocations=5 (full 0):
 garbage-first heap   total 1048576K, used 26248K [0x0000000680000000, 0x0000000800000000)
  region size 4096K, 4 young (16384K), 4 survivors (16384K)
 Metaspace       used 35218K, committed 35968K, reserved 917504K
  class space    used 4868K, committed 5184K, reserved 851968K
}
Event: 5.167 GC heap before
{Heap before GC invocations=6 (full 0):
 garbage-first heap   total 1048576K, used 288392K [0x0000000680000000, 0x0000000800000000)
  region size 4096K, 66 young (270336K), 4 survivors (16384K)
 Metaspace       used 58583K, committed 60096K, reserved 917504K
  class space    used 8225K, committed 8960K, reserved 851968K
}
Event: 5.184 GC heap after
{Heap after GC invocations=7 (full 0):
 garbage-first heap   total 1048576K, used 72413K [0x0000000680000000, 0x0000000800000000)
  region size 4096K, 12 young (49152K), 12 survivors (49152K)
 Metaspace       used 58583K, committed 60096K, reserved 917504K
  class space    used 8225K, committed 8960K, reserved 851968K
}
Event: 7.026 GC heap before
{Heap before GC invocations=8 (full 0):
 garbage-first heap   total 1048576K, used 297693K [0x0000000680000000, 0x0000000800000000)
  region size 4096K, 67 young (274432K), 12 survivors (49152K)
 Metaspace       used 70528K, committed 72320K, reserved 917504K
  class space    used 9776K, committed 10624K, reserved 851968K
}
Event: 7.052 GC heap after
{Heap after GC invocations=9 (full 0):
 garbage-first heap   total 1048576K, used 90591K [0x0000000680000000, 0x0000000800000000)
  region size 4096K, 6 young (24576K), 6 survivors (24576K)
 Metaspace       used 70528K, committed 72320K, reserved 917504K
  class space    used 9776K, committed 10624K, reserved 851968K
}
Event: 8.466 GC heap before
{Heap before GC invocations=9 (full 0):
 garbage-first heap   total 1048576K, used 401887K [0x0000000680000000, 0x0000000800000000)
  region size 4096K, 79 young (323584K), 6 survivors (24576K)
 Metaspace       used 75923K, committed 77696K, reserved 983040K
  class space    used 10502K, committed 11328K, reserved 851968K
}
Event: 8.487 GC heap after
{Heap after GC invocations=10 (full 0):
 garbage-first heap   total 1048576K, used 133053K [0x0000000680000000, 0x0000000800000000)
  region size 4096K, 10 young (40960K), 10 survivors (40960K)
 Metaspace       used 75923K, committed 77696K, reserved 983040K
  class space    used 10502K, committed 11328K, reserved 851968K
}
Event: 8.880 GC heap before
{Heap before GC invocations=10 (full 0):
 garbage-first heap   total 1048576K, used 169917K [0x0000000680000000, 0x0000000800000000)
  region size 4096K, 19 young (77824K), 10 survivors (40960K)
 Metaspace       used 77041K, committed 78976K, reserved 983040K
  class space    used 10635K, committed 11584K, reserved 851968K
}
Event: 8.899 GC heap after
{Heap after GC invocations=11 (full 0):
 garbage-first heap   total 1048576K, used 144357K [0x0000000680000000, 0x0000000800000000)
  region size 4096K, 2 young (8192K), 2 survivors (8192K)
 Metaspace       used 77041K, committed 78976K, reserved 983040K
  class space    used 10635K, committed 11584K, reserved 851968K
}
Event: 10.869 GC heap before
{Heap before GC invocations=11 (full 0):
 garbage-first heap   total 1048576K, used 398309K [0x0000000680000000, 0x0000000800000000)
  region size 4096K, 65 young (266240K), 2 survivors (8192K)
 Metaspace       used 98276K, committed 100288K, reserved 983040K
  class space    used 13475K, committed 14464K, reserved 851968K
}

Dll operation events (3 events):
Event: 0.006 Loaded shared library C:\Program Files\Android\Android Studio\jbr\bin\java.dll
Event: 0.010 Loaded shared library C:\Program Files\Android\Android Studio\jbr\bin\zip.dll
Event: 0.489 Loaded shared library C:\Program Files\Android\Android Studio\jbr\bin\verify.dll

Deoptimization events (20 events):
Event: 10.763 Thread 0x000001c651a0f250 Uncommon trap: trap_request=0xffffff45 fr.pc=0x000001c63a99f6e8 relative=0x0000000000001328
Event: 10.763 Thread 0x000001c651a0f250 Uncommon trap: reason=unstable_if action=reinterpret pc=0x000001c63a99f6e8 method=java.util.concurrent.ConcurrentHashMap.putVal(Ljava/lang/Object;Ljava/lang/Object;Z)Ljava/lang/Object; @ 245 c2
Event: 10.763 Thread 0x000001c651a0f250 DEOPT PACKING pc=0x000001c63a99f6e8 sp=0x0000000f2b8f4880
Event: 10.763 Thread 0x000001c651a0f250 DEOPT UNPACKING pc=0x000001c639d24422 sp=0x0000000f2b8f4808 mode 2
Event: 10.832 Thread 0x000001c651a0f250 Uncommon trap: trap_request=0xffffffde fr.pc=0x000001c63aa37804 relative=0x0000000000000504
Event: 10.832 Thread 0x000001c651a0f250 Uncommon trap: reason=class_check action=maybe_recompile pc=0x000001c63aa37804 method=kotlin.reflect.jvm.internal.impl.protobuf.CodedInputStream.tryRefillBuffer(I)Z @ 175 c2
Event: 10.832 Thread 0x000001c651a0f250 DEOPT PACKING pc=0x000001c63aa37804 sp=0x0000000f2b8f5940
Event: 10.832 Thread 0x000001c651a0f250 DEOPT UNPACKING pc=0x000001c639d24422 sp=0x0000000f2b8f5828 mode 2
Event: 10.834 Thread 0x000001c651a0f250 Uncommon trap: trap_request=0xffffffde fr.pc=0x000001c63aa37804 relative=0x0000000000000504
Event: 10.834 Thread 0x000001c651a0f250 Uncommon trap: reason=class_check action=maybe_recompile pc=0x000001c63aa37804 method=kotlin.reflect.jvm.internal.impl.protobuf.CodedInputStream.tryRefillBuffer(I)Z @ 175 c2
Event: 10.834 Thread 0x000001c651a0f250 DEOPT PACKING pc=0x000001c63aa37804 sp=0x0000000f2b8f5940
Event: 10.834 Thread 0x000001c651a0f250 DEOPT UNPACKING pc=0x000001c639d24422 sp=0x0000000f2b8f5828 mode 2
Event: 10.834 Thread 0x000001c651a0f250 Uncommon trap: trap_request=0xffffffde fr.pc=0x000001c63aa37804 relative=0x0000000000000504
Event: 10.834 Thread 0x000001c651a0f250 Uncommon trap: reason=class_check action=maybe_recompile pc=0x000001c63aa37804 method=kotlin.reflect.jvm.internal.impl.protobuf.CodedInputStream.tryRefillBuffer(I)Z @ 175 c2
Event: 10.834 Thread 0x000001c651a0f250 DEOPT PACKING pc=0x000001c63aa37804 sp=0x0000000f2b8f5a40
Event: 10.834 Thread 0x000001c651a0f250 DEOPT UNPACKING pc=0x000001c639d24422 sp=0x0000000f2b8f5928 mode 2
Event: 10.835 Thread 0x000001c651a0f250 Uncommon trap: trap_request=0xffffffde fr.pc=0x000001c63aa37804 relative=0x0000000000000504
Event: 10.835 Thread 0x000001c651a0f250 Uncommon trap: reason=class_check action=maybe_recompile pc=0x000001c63aa37804 method=kotlin.reflect.jvm.internal.impl.protobuf.CodedInputStream.tryRefillBuffer(I)Z @ 175 c2
Event: 10.835 Thread 0x000001c651a0f250 DEOPT PACKING pc=0x000001c63aa37804 sp=0x0000000f2b8f5a40
Event: 10.835 Thread 0x000001c651a0f250 DEOPT UNPACKING pc=0x000001c639d24422 sp=0x0000000f2b8f5928 mode 2

Classes loaded (20 events):
Event: 10.410 Loading class jdk/jfr/FlightRecorder
Event: 10.410 Loading class jdk/jfr/FlightRecorder done
Event: 10.410 Loading class jdk/management/jfr/FlightRecorderMXBeanImpl$MXBeanListener
Event: 10.410 Loading class jdk/jfr/FlightRecorderListener
Event: 10.410 Loading class jdk/jfr/FlightRecorderListener done
Event: 10.410 Loading class jdk/management/jfr/FlightRecorderMXBeanImpl$MXBeanListener done
Event: 10.454 Loading class java/time/format/DateTimeFormatterBuilder$WeekBasedFieldPrinterParser
Event: 10.454 Loading class java/time/format/DateTimeFormatterBuilder$WeekBasedFieldPrinterParser done
Event: 10.465 Loading class com/sun/jmx/mbeanserver/StandardMBeanSupport
Event: 10.465 Loading class com/sun/jmx/mbeanserver/StandardMBeanSupport done
Event: 10.465 Loading class com/sun/jmx/mbeanserver/StandardMBeanIntrospector
Event: 10.465 Loading class com/sun/jmx/mbeanserver/StandardMBeanIntrospector done
Event: 10.501 Loading class sun/reflect/misc/MethodUtil
Event: 10.501 Loading class sun/reflect/misc/MethodUtil done
Event: 10.501 Loading class sun/reflect/misc/MethodUtil$1
Event: 10.501 Loading class sun/reflect/misc/MethodUtil$1 done
Event: 10.505 Loading class sun/nio/ch/ChannelOutputStream
Event: 10.505 Loading class sun/nio/ch/ChannelOutputStream done
Event: 10.826 Loading class java/lang/Override
Event: 10.826 Loading class java/lang/Override done

Classes unloaded (0 events):
No events

Classes redefined (0 events):
No events

Internal exceptions (20 events):
Event: 9.686 Thread 0x000001c651a0f250 Exception <a 'java/lang/NoSuchMethodError'{0x00000006b8f38468}: 'java.lang.Object java.lang.invoke.DelegatingMethodHandle$Holder.reinvoke_L(java.lang.Object, java.lang.Object, java.lang.Object, java.lang.Object, java.lang.Object, java.lang.Object, java.lang.Object, java.lang.Object, java.lang.Object, java.lang.Object, java.lang.Object, java.lang.Object, java.lang.Object, java.lang.Object, java.lang.Object, java.lang.Object)'> (0x00000006b8f38468) 
thrown [s\src\hotspot\share\interpreter\linkResolver.cpp, l
Event: 10.250 Thread 0x000001c651a0f250 Implicit null exception at 0x000001c63a82df76 to 0x000001c63a82e06c
Event: 10.322 Thread 0x000001c651a0f250 Exception <a 'java/lang/NoSuchMethodError'{0x00000006b34714f8}: static Lorg/jetbrains/kotlin/gradle/plugin/internal/DefaultConfigurationTimePropertiesAccessorVariantFactory;.<clinit>()V> (0x00000006b34714f8) 
thrown [s\src\hotspot\share\prims\jni.cpp, line 1144]
Event: 10.323 Thread 0x000001c651a0f250 Exception <a 'java/lang/NoSuchMethodError'{0x00000006b348e988}: static Lorg/jetbrains/kotlin/gradle/plugin/internal/DefaultProjectIsolationStartParameterAccessorVariantFactory;.<clinit>()V> (0x00000006b348e988) 
thrown [s\src\hotspot\share\prims\jni.cpp, line 1144]
Event: 10.324 Thread 0x000001c651a0f250 Exception <a 'java/lang/NoSuchMethodError'{0x00000006b34b6228}: static Lorg/jetbrains/kotlin/gradle/plugin/internal/DefaultArtifactTypeAttributeAccessorVariantFactory;.<clinit>()V> (0x00000006b34b6228) 
thrown [s\src\hotspot\share\prims\jni.cpp, line 1144]
Event: 10.325 Thread 0x000001c651a0f250 Exception <a 'java/lang/NoSuchMethodError'{0x00000006b34dd968}: static Lorg/jetbrains/kotlin/gradle/plugin/internal/DefaultCompatibilityConventionRegistrar$Factory;.<clinit>()V> (0x00000006b34dd968) 
thrown [s\src\hotspot\share\prims\jni.cpp, line 1144]
Event: 10.326 Thread 0x000001c651a0f250 Exception <a 'java/lang/NoSuchMethodError'{0x00000006b34fb998}: static Lorg/jetbrains/kotlin/gradle/plugin/internal/DefaultJavaSourceSetsAccessorVariantFactory;.<clinit>()V> (0x00000006b34fb998) 
thrown [s\src\hotspot\share\prims\jni.cpp, line 1144]
Event: 10.327 Thread 0x000001c651a0f250 Exception <a 'java/lang/NoSuchMethodError'{0x00000006b35190d8}: static Lorg/jetbrains/kotlin/gradle/plugin/internal/DefaultIdeaSyncDetectorVariantFactory;.<clinit>()V> (0x00000006b35190d8) 
thrown [s\src\hotspot\share\prims\jni.cpp, line 1144]
Event: 10.328 Thread 0x000001c651a0f250 Exception <a 'java/lang/NoSuchMethodError'{0x00000006b3537c88}: static Lorg/jetbrains/kotlin/gradle/plugin/internal/DefaultKotlinTestReportCompatibilityHelperVariantFactory;.<clinit>()V> (0x00000006b3537c88) 
thrown [s\src\hotspot\share\prims\jni.cpp, line 1144]
Event: 10.329 Thread 0x000001c651a0f250 Exception <a 'java/lang/NoSuchMethodError'{0x00000006b3556380}: static Lorg/jetbrains/kotlin/gradle/plugin/internal/DefaultMppTestReportHelperVariantFactory;.<clinit>()V> (0x00000006b3556380) 
thrown [s\src\hotspot\share\prims\jni.cpp, line 1144]
Event: 10.331 Thread 0x000001c651a0f250 Exception <a 'java/lang/NoSuchMethodError'{0x00000006b357df98}: static Lorg/jetbrains/kotlin/gradle/plugin/internal/DefaultConfigurationCacheStartParameterAccessorVariantFactory;.<clinit>()V> (0x00000006b357df98) 
thrown [s\src\hotspot\share\prims\jni.cpp, line 1144]
Event: 10.332 Thread 0x000001c651a0f250 Exception <a 'java/lang/NoSuchMethodError'{0x00000006b359d680}: static Lorg/jetbrains/kotlin/gradle/plugin/internal/MavenPluginConfigurator$DefaultMavenPluginConfiguratorVariantFactory;.<clinit>()V> (0x00000006b359d680) 
thrown [s\src\hotspot\share\prims\jni.cpp, line 1144]
Event: 10.333 Thread 0x000001c651a0f250 Exception <a 'java/lang/NoSuchMethodError'{0x00000006b35bae08}: static Lorg/jetbrains/kotlin/gradle/targets/js/nodejs/DefaultUnameExecutorVariantFactory;.<clinit>()V> (0x00000006b35bae08) 
thrown [s\src\hotspot\share\prims\jni.cpp, line 1144]
Event: 10.334 Thread 0x000001c651a0f250 Exception <a 'java/lang/NoSuchMethodError'{0x00000006b35d8f98}: static Lorg/jetbrains/kotlin/gradle/plugin/internal/DefaultBasePluginConfigurationVariantFactory;.<clinit>()V> (0x00000006b35d8f98) 
thrown [s\src\hotspot\share\prims\jni.cpp, line 1144]
Event: 10.338 Thread 0x000001c651a0f250 Exception <a 'sun/nio/fs/WindowsException'{0x00000006b36298c0}> (0x00000006b36298c0) 
thrown [s\src\hotspot\share\prims\jni.cpp, line 537]
Event: 10.347 Thread 0x000001c651a0f250 Implicit null exception at 0x000001c63a74506f to 0x000001c63a74510c
Event: 10.347 Thread 0x000001c651a0f250 Exception <a 'java/lang/IncompatibleClassChangeError'{0x00000006b3684fe8}: Found class java.lang.Object, but interface was expected> (0x00000006b3684fe8) 
thrown [s\src\hotspot\share\interpreter\linkResolver.cpp, line 851]
Event: 10.477 Thread 0x000001c651a0f250 Implicit null exception at 0x000001c63a7e35d9 to 0x000001c63a7e36ac
Event: 10.477 Thread 0x000001c651a0f250 Implicit null exception at 0x000001c63a780e4c to 0x000001c63a7810b8
Event: 10.501 Thread 0x000001c651a0f250 Implicit null exception at 0x000001c63a67e689 to 0x000001c63a67e71c

ZGC Phase Switch (0 events):
No events

VM Operations (20 events):
Event: 9.690 Executing non-safepoint VM operation: HandshakeAllThreads (Deoptimize) done
Event: 9.774 Executing non-safepoint VM operation: HandshakeAllThreads (Deoptimize)
Event: 9.774 Executing non-safepoint VM operation: HandshakeAllThreads (Deoptimize) done
Event: 9.800 Executing non-safepoint VM operation: HandshakeAllThreads (Deoptimize)
Event: 9.800 Executing non-safepoint VM operation: HandshakeAllThreads (Deoptimize) done
Event: 9.801 Executing non-safepoint VM operation: HandshakeAllThreads (Deoptimize)
Event: 9.801 Executing non-safepoint VM operation: HandshakeAllThreads (Deoptimize) done
Event: 9.870 Executing safepoint VM operation: ICBufferFull
Event: 9.870 Executing safepoint VM operation: ICBufferFull done
Event: 10.292 Executing safepoint VM operation: ICBufferFull
Event: 10.293 Executing safepoint VM operation: ICBufferFull done
Event: 10.303 Executing non-safepoint VM operation: HandshakeAllThreads (Deoptimize)
Event: 10.303 Executing non-safepoint VM operation: HandshakeAllThreads (Deoptimize) done
Event: 10.471 Executing non-safepoint VM operation: HandshakeAllThreads (Deoptimize)
Event: 10.471 Executing non-safepoint VM operation: HandshakeAllThreads (Deoptimize) done
Event: 10.556 Executing non-safepoint VM operation: HandshakeAllThreads (Deoptimize)
Event: 10.556 Executing non-safepoint VM operation: HandshakeAllThreads (Deoptimize) done
Event: 10.835 Executing safepoint VM operation: ICBufferFull
Event: 10.835 Executing safepoint VM operation: ICBufferFull done
Event: 10.869 Executing safepoint VM operation: CollectForMetadataAllocation (Metadata GC Threshold)

Memory protections (0 events):
No events

Nmethod flushes (20 events):
Event: 5.198 Thread 0x000001c64c0e33d0 flushing  nmethod 0x000001c632985a10
Event: 5.198 Thread 0x000001c64c0e33d0 flushing  nmethod 0x000001c632986010
Event: 5.198 Thread 0x000001c64c0e33d0 flushing  nmethod 0x000001c632986a90
Event: 5.198 Thread 0x000001c64c0e33d0 flushing  nmethod 0x000001c63298b610
Event: 5.198 Thread 0x000001c64c0e33d0 flushing  nmethod 0x000001c63298bb90
Event: 5.198 Thread 0x000001c64c0e33d0 flushing  nmethod 0x000001c63298c410
Event: 5.198 Thread 0x000001c64c0e33d0 flushing  nmethod 0x000001c632a5f190
Event: 5.198 Thread 0x000001c64c0e33d0 flushing  nmethod 0x000001c632a61810
Event: 5.198 Thread 0x000001c64c0e33d0 flushing  nmethod 0x000001c632b4bc90
Event: 5.198 Thread 0x000001c64c0e33d0 flushing  nmethod 0x000001c632b98b10
Event: 5.198 Thread 0x000001c64c0e33d0 flushing  nmethod 0x000001c632b9bb90
Event: 5.198 Thread 0x000001c64c0e33d0 flushing  nmethod 0x000001c632b9cf90
Event: 5.198 Thread 0x000001c64c0e33d0 flushing  nmethod 0x000001c632b9d510
Event: 5.198 Thread 0x000001c64c0e33d0 flushing  nmethod 0x000001c632ba1d10
Event: 5.198 Thread 0x000001c64c0e33d0 flushing  nmethod 0x000001c632bd5810
Event: 5.198 Thread 0x000001c64c0e33d0 flushing  nmethod 0x000001c632bd5b90
Event: 5.198 Thread 0x000001c64c0e33d0 flushing  nmethod 0x000001c632bf0390
Event: 5.198 Thread 0x000001c64c0e33d0 flushing  nmethod 0x000001c632c3e210
Event: 5.198 Thread 0x000001c64c0e33d0 flushing  nmethod 0x000001c632cfb190
Event: 5.198 Thread 0x000001c64c0e33d0 flushing  nmethod 0x000001c632e4a490

Events (20 events):
Event: 7.017 Thread 0x000001c651a0f250 Thread added: 0x000001c655786a40
Event: 7.018 Thread 0x000001c651a0f250 Thread added: 0x000001c6557870d0
Event: 8.048 Thread 0x000001c651a0f250 Thread added: 0x000001c655787760
Event: 9.081 Thread 0x000001c651a0f250 Thread added: 0x000001c655788480
Event: 9.082 Thread 0x000001c651a0f250 Thread added: 0x000001c655788b10
Event: 9.082 Thread 0x000001c651a0f250 Thread added: 0x000001c6557891a0
Event: 9.082 Thread 0x000001c651a0f250 Thread added: 0x000001c652487610
Event: 9.082 Thread 0x000001c651a0f250 Thread added: 0x000001c652486260
Event: 9.090 Thread 0x000001c651a0f250 Thread added: 0x000001c652485bd0
Event: 9.091 Thread 0x000001c651a0f250 Thread added: 0x000001c6524868f0
Event: 9.092 Thread 0x000001c651a0f250 Thread added: 0x000001c652486f80
Event: 9.092 Thread 0x000001c651a0f250 Thread added: 0x000001c652484190
Event: 9.093 Thread 0x000001c651a0f250 Thread added: 0x000001c652487ca0
Event: 9.102 Thread 0x000001c651a0f250 Thread added: 0x000001c652485540
Event: 9.104 Thread 0x000001c651a0f250 Thread added: 0x000001c652484820
Event: 9.104 Thread 0x000001c651a0f250 Thread added: 0x000001c652484eb0
Event: 9.104 Thread 0x000001c651a0f250 Thread added: 0x000001c652489050
Event: 9.105 Thread 0x000001c651a0f250 Thread added: 0x000001c6524896e0
Event: 9.716 Thread 0x000001c651a0f250 Thread added: 0x000001c65248b7b0
Event: 10.473 Thread 0x000001c651a0f250 Thread added: 0x000001c6524889c0


Dynamic libraries:
0x00007ff794100000 - 0x00007ff79410a000 	C:\Program Files\Android\Android Studio\jbr\bin\java.exe
0x00007fffbd720000 - 0x00007fffbd988000 	C:\WINDOWS\SYSTEM32\ntdll.dll
0x00007fffbbb30000 - 0x00007fffbbbf9000 	C:\WINDOWS\System32\KERNEL32.DLL
0x00007fffbae00000 - 0x00007fffbb1f8000 	C:\WINDOWS\System32\KERNELBASE.dll
0x00007fffbaa80000 - 0x00007fffbabcb000 	C:\WINDOWS\System32\ucrtbase.dll
0x00007fffad460000 - 0x00007fffad47b000 	C:\Program Files\Android\Android Studio\jbr\bin\VCRUNTIME140.dll
0x00007fff76870000 - 0x00007fff76888000 	C:\Program Files\Android\Android Studio\jbr\bin\jli.dll
0x00007fffbd3f0000 - 0x00007fffbd5b7000 	C:\WINDOWS\System32\USER32.dll
0x00007fffa4820000 - 0x00007fffa4ab4000 	C:\WINDOWS\WinSxS\amd64_microsoft.windows.common-controls_6595b64144ccf1df_6.0.26100.7019_none_3e06ffa0e335b8a8\COMCTL32.dll
0x00007fffbaa50000 - 0x00007fffbaa77000 	C:\WINDOWS\System32\win32u.dll
0x00007fffbc4f0000 - 0x00007fffbc599000 	C:\WINDOWS\System32\msvcrt.dll
0x00007fffbc070000 - 0x00007fffbc09b000 	C:\WINDOWS\System32\GDI32.dll
0x00007fffba920000 - 0x00007fffbaa4c000 	C:\WINDOWS\System32\gdi32full.dll
0x00007fffba870000 - 0x00007fffba913000 	C:\WINDOWS\System32\msvcp_win.dll
0x00007fffbd3b0000 - 0x00007fffbd3e1000 	C:\WINDOWS\System32\IMM32.DLL
0x00007fffad4e0000 - 0x00007fffad4ec000 	C:\Program Files\Android\Android Studio\jbr\bin\vcruntime140_1.dll
0x00007fff5d490000 - 0x00007fff5d51d000 	C:\Program Files\Android\Android Studio\jbr\bin\msvcp140.dll
0x00007fff50a00000 - 0x00007fff51696000 	C:\Program Files\Android\Android Studio\jbr\bin\server\jvm.dll
0x00007fffbc320000 - 0x00007fffbc3d4000 	C:\WINDOWS\System32\ADVAPI32.dll
0x00007fffbd300000 - 0x00007fffbd3a6000 	C:\WINDOWS\System32\sechost.dll
0x00007fffbd5c0000 - 0x00007fffbd6d8000 	C:\WINDOWS\System32\RPCRT4.dll
0x00007fffbc5a0000 - 0x00007fffbc614000 	C:\WINDOWS\System32\WS2_32.dll
0x00007fffba6d0000 - 0x00007fffba72e000 	C:\WINDOWS\SYSTEM32\POWRPROF.dll
0x00007fffb4a20000 - 0x00007fffb4a2b000 	C:\WINDOWS\SYSTEM32\VERSION.dll
0x00007fffad420000 - 0x00007fffad455000 	C:\WINDOWS\SYSTEM32\WINMM.dll
0x00007fffba6b0000 - 0x00007fffba6c4000 	C:\WINDOWS\SYSTEM32\UMPDC.dll
0x00007fffb9630000 - 0x00007fffb964b000 	C:\WINDOWS\SYSTEM32\kernel.appcore.dll
0x00007fffab580000 - 0x00007fffab58a000 	C:\Program Files\Android\Android Studio\jbr\bin\jimage.dll
0x00007fffa50c0000 - 0x00007fffa5302000 	C:\WINDOWS\SYSTEM32\DBGHELP.DLL
0x00007fffbbc00000 - 0x00007fffbbf8b000 	C:\WINDOWS\System32\combase.dll
0x00007fffbc240000 - 0x00007fffbc317000 	C:\WINDOWS\System32\OLEAUT32.dll
0x00007fff9dbd0000 - 0x00007fff9dc0c000 	C:\WINDOWS\SYSTEM32\dbgcore.DLL
0x00007fffbb200000 - 0x00007fffbb2a5000 	C:\WINDOWS\System32\bcryptPrimitives.dll
0x00007fffad530000 - 0x00007fffad53e000 	C:\Program Files\Android\Android Studio\jbr\bin\instrument.dll
0x00007fffaab60000 - 0x00007fffaab80000 	C:\Program Files\Android\Android Studio\jbr\bin\java.dll
0x00007fffaaab0000 - 0x00007fffaaac8000 	C:\Program Files\Android\Android Studio\jbr\bin\zip.dll
0x00007fffbc850000 - 0x00007fffbcf9f000 	C:\WINDOWS\System32\SHELL32.dll
0x00007fffbabd0000 - 0x00007fffbad3b000 	C:\WINDOWS\System32\wintypes.dll
0x00007fffb84d0000 - 0x00007fffb8d2d000 	C:\WINDOWS\SYSTEM32\windows.storage.dll
0x00007fffbb9c0000 - 0x00007fffbbab2000 	C:\WINDOWS\System32\SHCORE.dll
0x00007fffbbac0000 - 0x00007fffbbb27000 	C:\WINDOWS\System32\shlwapi.dll
0x00007fffba760000 - 0x00007fffba789000 	C:\WINDOWS\SYSTEM32\profapi.dll
0x00007fffaaaa0000 - 0x00007fffaaab0000 	C:\Program Files\Android\Android Studio\jbr\bin\net.dll
0x00007fffb48b0000 - 0x00007fffb49d8000 	C:\WINDOWS\SYSTEM32\WINHTTP.dll
0x00007fffb9ba0000 - 0x00007fffb9c0b000 	C:\WINDOWS\system32\mswsock.dll
0x00007fffa8d70000 - 0x00007fffa8d86000 	C:\Program Files\Android\Android Studio\jbr\bin\nio.dll
0x00007fffa10e0000 - 0x00007fffa10f0000 	C:\Program Files\Android\Android Studio\jbr\bin\verify.dll
0x00007fff6ed00000 - 0x00007fff6ed27000 	C:\Users\asusp\.gradle\native\1def1411415f61bf3af743bc5b6707747c0891f09f0c88961ee8f79bc544acac\windows-amd64\native-platform.dll
0x00007fff58560000 - 0x00007fff585d8000 	C:\Users\asusp\.gradle\native\0.2.7\x86_64-windows-gnu\gradle-fileevents.dll
0x00007fffa6cf0000 - 0x00007fffa6cf9000 	C:\Program Files\Android\Android Studio\jbr\bin\management.dll
0x00007fffa2c10000 - 0x00007fffa2c1b000 	C:\Program Files\Android\Android Studio\jbr\bin\management_ext.dll
0x00007fffbc6a0000 - 0x00007fffbc6a8000 	C:\WINDOWS\System32\PSAPI.DLL
0x00007fffb9040000 - 0x00007fffb9074000 	C:\WINDOWS\SYSTEM32\IPHLPAPI.DLL
0x00007fffbc4e0000 - 0x00007fffbc4ea000 	C:\WINDOWS\System32\NSI.dll
0x00007fffaaa90000 - 0x00007fffaaa99000 	C:\Program Files\Android\Android Studio\jbr\bin\extnet.dll
0x00007fffb9e60000 - 0x00007fffb9e7b000 	C:\WINDOWS\SYSTEM32\CRYPTSP.dll
0x00007fffb9590000 - 0x00007fffb95ca000 	C:\WINDOWS\system32\rsaenh.dll
0x00007fffb9c50000 - 0x00007fffb9c7b000 	C:\WINDOWS\SYSTEM32\USERENV.dll
0x00007fffba790000 - 0x00007fffba7ba000 	C:\WINDOWS\SYSTEM32\bcrypt.dll
0x00007fffb9e80000 - 0x00007fffb9e8c000 	C:\WINDOWS\SYSTEM32\CRYPTBASE.dll
0x00007fffa9670000 - 0x00007fffa9678000 	C:\WINDOWS\system32\wshunix.dll

JVMTI agents:
C:\Users\asusp\.gradle\wrapper\dists\gradle-8.14.3-bin\cv11ve7ro1n3o1j4so8xd9n66\gradle-8.14.3\lib\agents\gradle-instrumentation-agent-8.14.3.jar path:C:\Program Files\Android\Android Studio\jbr\bin\instrument.dll, loaded, initialized, instrumentlib options:none

dbghelp: loaded successfully - version: 4.0.5 - missing functions: none
symbol engine: initialized successfully - sym options: 0x614 - pdb path: .;C:\Program Files\Android\Android Studio\jbr\bin;C:\WINDOWS\SYSTEM32;C:\WINDOWS\WinSxS\amd64_microsoft.windows.common-controls_6595b64144ccf1df_6.0.26100.7019_none_3e06ffa0e335b8a8;C:\Program Files\Android\Android Studio\jbr\bin\server;C:\Users\asusp\.gradle\native\1def1411415f61bf3af743bc5b6707747c0891f09f0c88961ee8f79bc544acac\windows-amd64;C:\Users\asusp\.gradle\native\0.2.7\x86_64-windows-gnu

VM Arguments:
jvm_args: --add-opens=java.base/java.lang=ALL-UNNAMED --add-opens=java.base/java.lang.invoke=ALL-UNNAMED --add-opens=java.base/java.util=ALL-UNNAMED --add-opens=java.prefs/java.util.prefs=ALL-UNNAMED --add-exports=jdk.compiler/com.sun.tools.javac.api=ALL-UNNAMED --add-exports=jdk.compiler/com.sun.tools.javac.util=ALL-UNNAMED --add-opens=java.base/java.util=ALL-UNNAMED --add-opens=java.prefs/java.util.prefs=ALL-UNNAMED --add-opens=java.base/java.nio.charset=ALL-UNNAMED --add-opens=java.base/java.net=ALL-UNNAMED --add-opens=java.base/java.util.concurrent.atomic=ALL-UNNAMED --add-opens=java.xml/javax.xml.namespace=ALL-UNNAMED -XX:MaxMetaspaceSize=1g -XX:+HeapDumpOnOutOfMemoryError -XX:+UseG1GC -Xms1g -Xmx6g -Dfile.encoding=UTF-8 -Duser.country=US -Duser.language=en -Duser.variant -javaagent:C:\Users\asusp\.gradle\wrapper\dists\gradle-8.14.3-bin\cv11ve7ro1n3o1j4so8xd9n66\gradle-8.14.3\lib\agents\gradle-instrumentation-agent-8.14.3.jar 
java_command: org.gradle.launcher.daemon.bootstrap.GradleDaemon 8.14.3
java_class_path (initial): C:\Users\asusp\.gradle\wrapper\dists\gradle-8.14.3-bin\cv11ve7ro1n3o1j4so8xd9n66\gradle-8.14.3\lib\gradle-daemon-main-8.14.3.jar
Launcher Type: SUN_STANDARD

[Global flags]
     intx CICompilerCount                          = 3                                         {product} {ergonomic}
   size_t CompressedClassSpaceSize                 = 872415232                                 {product} {ergonomic}
     uint ConcGCThreads                            = 2                                         {product} {ergonomic}
     uint G1ConcRefinementThreads                  = 6                                         {product} {ergonomic}
   size_t G1HeapRegionSize                         = 4194304                                   {product} {ergonomic}
    uintx GCDrainStackTargetSize                   = 64                                        {product} {ergonomic}
     bool HeapDumpOnOutOfMemoryError               = true                                   {manageable} {command line}
   size_t InitialHeapSize                          = 1073741824                                {product} {command line}
   size_t MarkStackSize                            = 4194304                                   {product} {ergonomic}
   size_t MaxHeapSize                              = 6442450944                                {product} {command line}
   size_t MaxMetaspaceSize                         = 1073741824                                {product} {command line}
   size_t MaxNewSize                               = 3862953984                                {product} {ergonomic}
   size_t MinHeapDeltaBytes                        = 4194304                                   {product} {ergonomic}
   size_t MinHeapSize                              = 1073741824                                {product} {command line}
    uintx NonNMethodCodeHeapSize                   = 5832780                                {pd product} {ergonomic}
    uintx NonProfiledCodeHeapSize                  = 122912730                              {pd product} {ergonomic}
    uintx ProfiledCodeHeapSize                     = 122912730                              {pd product} {ergonomic}
    uintx ReservedCodeCacheSize                    = 251658240                              {pd product} {ergonomic}
     bool SegmentedCodeCache                       = true                                      {product} {ergonomic}
   size_t SoftMaxHeapSize                          = 6442450944                             {manageable} {ergonomic}
     bool UseCompressedOops                        = true                           {product lp64_product} {ergonomic}
     bool UseG1GC                                  = true                                      {product} {command line}
     bool UseLargePagesIndividualAllocation        = false                                  {pd product} {ergonomic}

Logging:
Log output configuration:
 #0: stdout all=warning uptime,level,tags foldmultilines=false
 #1: stderr all=off uptime,level,tags foldmultilines=false

Release file:
JAVA_VERSION="21.0.10" 
MODULES="java.base java.compiler java.datatransfer java.xml java.prefs java.desktop java.instrument java.logging java.management java.security.sasl java.naming java.rmi java.management.rmi java.net.http java.scripting java.security.jgss java.transaction.xa java.sql java.sql.rowset java.xml.crypto java.se java.smartcardio jdk.accessibility jdk.internal.jvmstat jdk.attach jdk.charsets jdk.internal.opt jdk.zipfs jdk.compiler jdk.crypto.ec jdk.crypto.cryptoki jdk.dynalink jdk.hotspot.agent jdk.httpserver jdk.internal.ed jdk.internal.le jdk.internal.vm.ci jdk.jartool jdk.javadoc jdk.jcmd jdk.jdeps jdk.jdwp.agent jdk.jdi jdk.jfr jdk.jlink jdk.jsobject jdk.localedata jdk.management jdk.management.agent jdk.management.jfr jdk.naming.dns jdk.naming.rmi jdk.net jdk.sctp jdk.security.auth jdk.security.jgss jdk.unsupported jdk.unsupported.desktop jdk.xml.dom" 
IMPLEMENTOR="JetBrains s.r.o." 
JAVA_RUNTIME_VERSION="21.0.10+-14961533-b1163.108" 
LIBC="default" 
OS_ARCH="x86_64" 
OS_NAME="Windows" 
SOURCE=".:git:1351622c2ff2" 

Environment Variables:
PATH=C:\WINDOWS\system32;C:\WINDOWS;C:\WINDOWS\System32\Wbem;C:\WINDOWS\System32\WindowsPowerShell\v1.0\;C:\WINDOWS\System32\OpenSSH\;C:\Program Files (x86)\NVIDIA Corporation\PhysX\Common;C:\Program Files\NVIDIA Corporation\NVIDIA NvDLISR;C:\Program Files\Microsoft SQL Server\150\Tools\Binn\;C:\Program Files\Microsoft SQL Server\Client SDK\ODBC\170\Tools\Binn\;C:\Program Files\dotnet\;C:\Program Files (x86)\Microsoft SQL Server\160\Tools\Binn\;C:\Program Files\Microsoft SQL Server\160\Tools\Binn\;C:\Program Files\Microsoft SQL Server\160\DTS\Binn\;C:\Program Files (x86)\Microsoft SQL Server\160\DTS\Binn\;C:\Program Files\cursor\resources\app\bin;C:\Program Files\Git\cmd;C:\Users\asusp\AppData\Local\Programs\Python\Python313\Scripts\;C:\Users\asusp\AppData\Local\Programs\Python\Python313\;C:\Users\asusp\AppData\Local\Programs\Python\Launcher\;C:\Users\asusp\AppData\Local\Microsoft\WindowsApps;C:\Users\asusp\AppData\Local\Programs\Microsoft VS Code\bin;C:\Users\asusp\.dotnet\tools
USERNAME=asusp
OS=Windows_NT
PROCESSOR_IDENTIFIER=Intel64 Family 6 Model 158 Stepping 13, GenuineIntel
TMP=C:\Users\asusp\AppData\Local\Temp
TEMP=C:\Users\asusp\AppData\Local\Temp




Periodic native trim disabled

JNI global refs:
JNI global refs: 27, weak refs: 0

JNI global refs memory usage: 835, weak refs: 833

Process memory usage:
Resident Set Size: 797788K (4% of 16682092K total physical memory with 2462152K free physical memory)

OOME stack traces (most recent first):
Classloader memory used:
Loader org.gradle.internal.classloader.VisitableURLClassLoader                         : 40779K
Loader bootstrap                                                                       : 27802K
Loader org.gradle.internal.classloader.VisitableURLClassLoader$InstrumentingVisitableURLClassLoader: 14982K
Loader org.gradle.initialization.MixInLegacyTypesClassLoader                           : 11813K
Loader org.gradle.internal.classloader.VisitableURLClassLoader                         : 944K
Loader org.gradle.groovy.scripts.internal.DefaultScriptCompilationHandler$ScriptClassLoader: 770K
Loader jdk.internal.loader.ClassLoaders$PlatformClassLoader                            : 501K
Loader jdk.internal.reflect.DelegatingClassLoader                                      : 342K
Loader jdk.internal.loader.ClassLoaders$AppClassLoader                                 : 235K
Loader org.codehaus.groovy.runtime.callsite.CallSiteClassLoader                        : 102240B
Loader sun.reflect.misc.MethodUtil                                                     : 2984B

Classes loaded by more than one classloader:
Class com.google.common.collect.Iterators$MergingIterator                             : loaded 3 times (x 81B)
Class com.google.common.collect.PeekingIterator                                       : loaded 3 times (x 70B)
Class com.google.common.base.Preconditions                                            : loaded 3 times (x 71B)
Class org.gradle.internal.IoActions                                                   : loaded 3 times (x 71B)
Class org.gradle.api.GradleException                                                  : loaded 3 times (x 82B)
Class org.gradle.api.Action                                                           : loaded 3 times (x 70B)
Class org.gradle.internal.Cast                                                        : loaded 3 times (x 71B)
Class com.google.common.collect.Iterators$9                                           : loaded 3 times (x 81B)
Class com.google.common.collect.Lists                                                 : loaded 3 times (x 71B)
Class com.google.common.collect.ImmutableCollection                                   : loaded 3 times (x 125B)
Class com.google.common.collect.Iterators$5                                           : loaded 3 times (x 82B)
Class com.google.common.collect.Iterators$4                                           : loaded 3 times (x 82B)
Class com.google.common.collect.Iterators$1                                           : loaded 3 times (x 81B)
Class com.google.common.collect.AbstractIndexedListIterator                           : loaded 3 times (x 96B)
Class com.google.common.collect.AbstractIterator                                      : loaded 3 times (x 82B)
Class com.google.common.collect.UnmodifiableListIterator                              : loaded 3 times (x 95B)
Class com.google.common.collect.Lists$StringAsImmutableList                           : loaded 3 times (x 207B)
Class com.google.common.collect.Iterators                                             : loaded 3 times (x 71B)
Class com.google.common.collect.Iterators$SingletonIterator                           : loaded 3 times (x 81B)
Class com.google.common.collect.UnmodifiableIterator                                  : loaded 3 times (x 80B)
Class com.google.common.collect.Iterators$ArrayItr                                    : loaded 3 times (x 97B)
Class com.google.common.collect.ImmutableList                                         : loaded 3 times (x 206B)
Class org.gradle.internal.classloader.ClassLoaderVisitor                              : loaded 2 times (x 76B)
Class [Lcom.google.common.collect.ImmutableMapEntry;                                  : loaded 2 times (x 69B)
Class org.gradle.api.internal.classpath.EffectiveClassPath                            : loaded 2 times (x 90B)
Class com.google.common.collect.ListMultimap                                          : loaded 2 times (x 70B)
Class com.google.common.collect.ImmutableEnumMap                                      : loaded 2 times (x 126B)
Class org.gradle.tooling.internal.gradle.DefaultProjectIdentifier                     : loaded 2 times (x 86B)
Class com.google.common.collect.Sets$1                                                : loaded 2 times (x 139B)
Class org.objectweb.asm.AnnotationVisitor                                             : loaded 2 times (x 78B)
Class org.gradle.api.internal.DefaultClassPathProvider                                : loaded 2 times (x 76B)
Class com.google.common.collect.Sets$2                                                : loaded 2 times (x 139B)
Class [Lorg.gradle.api.internal.ClassPathProvider;                                    : loaded 2 times (x 69B)
Class org.gradle.api.internal.ClassPathProvider                                       : loaded 2 times (x 70B)
Class com.google.common.collect.Sets$3                                                : loaded 2 times (x 139B)
Class com.google.common.cache.LocalCache$LocalLoadingCache                            : loaded 2 times (x 134B)
Class org.gradle.internal.service.UnknownServiceException                             : loaded 2 times (x 83B)
Class com.google.common.collect.Sets$4                                                : loaded 2 times (x 139B)
Class org.objectweb.asm.ModuleVisitor                                                 : loaded 2 times (x 81B)
Class com.google.common.cache.LocalCache$Strength$1                                   : loaded 2 times (x 81B)
Class com.google.common.util.concurrent.SettableFuture                                : loaded 2 times (x 114B)
Class com.google.common.cache.LocalCache$Strength$2                                   : loaded 2 times (x 81B)
Class com.google.common.cache.LocalCache$Strength$3                                   : loaded 2 times (x 81B)
Class com.google.common.collect.MapDifference                                         : loaded 2 times (x 70B)
Class org.objectweb.asm.FieldWriter                                                   : loaded 2 times (x 78B)
Class com.google.common.cache.CacheBuilder$NullListener                               : loaded 2 times (x 82B)
Class org.gradle.internal.classpath.TransformedClassPath                              : loaded 2 times (x 96B)
Class org.gradle.internal.classloader.InstrumentingClassLoader                        : loaded 2 times (x 70B)
Class com.google.common.cache.CacheLoader$FunctionToCacheLoader                       : loaded 2 times (x 75B)
Class org.gradle.internal.classloader.DefaultClassLoaderFactory                       : loaded 2 times (x 82B)
Class com.google.common.collect.ImmutableCollection$Builder                           : loaded 2 times (x 76B)
Class kotlin.enums.EnumEntriesList                                                    : loaded 2 times (x 223B)
Class com.google.common.base.Joiner                                                   : loaded 2 times (x 79B)
Class com.google.common.base.MoreObjects                                              : loaded 2 times (x 71B)
Class com.google.common.collect.Platform                                              : loaded 2 times (x 71B)
Class [Lorg.objectweb.asm.Type;                                                       : loaded 2 times (x 69B)
Class com.google.common.base.Suppliers                                                : loaded 2 times (x 71B)
Class org.gradle.internal.service.ServiceLocator                                      : loaded 2 times (x 70B)
Class com.google.common.base.Ascii                                                    : loaded 2 times (x 71B)
Class com.google.common.collect.SingletonImmutableBiMap                               : loaded 2 times (x 143B)
Class com.google.common.cache.LocalCache$1                                            : loaded 2 times (x 89B)
Class [Lcom.google.common.cache.CacheBuilder$OneWeigher;                              : loaded 2 times (x 69B)
Class com.google.common.collect.AbstractMapEntry                                      : loaded 2 times (x 81B)
Class com.intellij.gradle.toolingExtension.util.GradleVersionUtil                     : loaded 2 times (x 71B)
Class org.gradle.tooling.model.UnsupportedMethodException                             : loaded 2 times (x 82B)
Class kotlin.Pair                                                                     : loaded 2 times (x 72B)
Class com.google.common.collect.AbstractMultimap                                      : loaded 2 times (x 123B)
Class com.google.common.cache.LocalCache$2                                            : loaded 2 times (x 142B)
Class com.google.common.collect.RegularImmutableAsList                                : loaded 2 times (x 217B)
Class com.google.common.util.concurrent.AbstractFuture$Trusted                        : loaded 2 times (x 70B)
Class org.objectweb.asm.MethodTooLargeException                                       : loaded 2 times (x 83B)
Class org.gradle.internal.operations.MultipleBuildOperationFailures                   : loaded 2 times (x 95B)
Class com.google.common.util.concurrent.UncheckedExecutionException                   : loaded 2 times (x 82B)
Class org.gradle.internal.InternalTransformer                                         : loaded 2 times (x 70B)
Class org.objectweb.asm.ClassWriter                                                   : loaded 2 times (x 106B)
Class com.google.common.cache.CacheLoader$UnsupportedLoadingOperationException        : loaded 2 times (x 82B)
Class com.google.common.base.CharMatcher$And                                          : loaded 2 times (x 112B)
Class org.gradle.internal.time.DefaultTimer                                           : loaded 2 times (x 80B)
Class org.gradle.internal.classloader.ClasspathUtil$1                                 : loaded 2 times (x 76B)
Class org.objectweb.asm.FieldVisitor                                                  : loaded 2 times (x 77B)
Class com.google.common.collect.IndexedImmutableSet                                   : loaded 2 times (x 152B)
Class com.google.common.collect.ImmutableMap$1                                        : loaded 2 times (x 81B)
Class com.google.common.collect.BiMap                                                 : loaded 2 times (x 70B)
Class org.gradle.api.internal.classpath.DefaultModuleRegistry$DefaultModule           : loaded 2 times (x 86B)
Class com.google.common.primitives.Ints                                               : loaded 2 times (x 71B)
Class org.objectweb.asm.ClassVisitor                                                  : loaded 2 times (x 88B)
Class com.google.common.collect.ObjectArrays                                          : loaded 2 times (x 71B)
Class com.google.common.collect.Multiset                                              : loaded 2 times (x 70B)
Class com.google.common.collect.ArrayListMultimapGwtSerializationDependencies         : loaded 2 times (x 172B)
Class [Lorg.objectweb.asm.Symbol;                                                     : loaded 2 times (x 69B)
Class com.google.common.math.MathPreconditions                                        : loaded 2 times (x 71B)
Class org.gradle.internal.time.DefaultCountdownTimer                                  : loaded 2 times (x 88B)
Class com.google.common.collect.ImmutableMapEntrySet                                  : loaded 2 times (x 152B)
Class org.gradle.tooling.internal.gradle.DefaultBuildIdentifier                       : loaded 2 times (x 79B)
Class org.gradle.api.internal.classpath.Module                                        : loaded 2 times (x 70B)
Class com.google.common.cache.Weigher                                                 : loaded 2 times (x 70B)
Class org.gradle.api.internal.classpath.UnknownModuleException                        : loaded 2 times (x 82B)
Class com.google.common.base.Stopwatch                                                : loaded 2 times (x 72B)
Class com.google.common.cache.LocalCache$Strength                                     : loaded 2 times (x 81B)
Class com.google.common.cache.Cache                                                   : loaded 2 times (x 70B)
Class com.google.common.util.concurrent.AbstractFuture$Cancellation                   : loaded 2 times (x 72B)
Class com.google.common.collect.ImmutableMap$Builder                                  : loaded 2 times (x 82B)
Class com.google.common.cache.RemovalListener                                         : loaded 2 times (x 70B)
Class org.gradle.tooling.internal.gradle.GradleProjectIdentity                        : loaded 2 times (x 70B)
Class org.gradle.api.internal.DefaultClassPathRegistry                                : loaded 2 times (x 76B)
Class com.google.common.primitives.IntsMethodsForWeb                                  : loaded 2 times (x 71B)
Class com.google.common.collect.Multimap                                              : loaded 2 times (x 70B)
Class org.gradle.api.internal.ClassPathRegistry                                       : loaded 2 times (x 70B)
Class org.gradle.internal.classpath.DefaultClassPath$ImmutableUniqueList              : loaded 2 times (x 199B)
Class com.google.common.cache.CacheBuilder                                            : loaded 2 times (x 72B)
Class com.google.common.collect.SingletonImmutableList                                : loaded 2 times (x 207B)
Class org.gradle.internal.classpath.ClassPath                                         : loaded 2 times (x 70B)
Class org.gradle.api.UncheckedIOException                                             : loaded 2 times (x 82B)
Class com.google.common.collect.ImmutableList$ReverseImmutableList                    : loaded 2 times (x 209B)
Class org.objectweb.asm.SymbolTable$Entry                                             : loaded 2 times (x 74B)
Class org.objectweb.asm.Edge                                                          : loaded 2 times (x 72B)
Class com.google.common.base.Suppliers$SupplierOfInstance                             : loaded 2 times (x 79B)
Class com.google.common.collect.ImmutableMap$MapViewOfValuesAsSingletonSets           : loaded 2 times (x 126B)
Class org.gradle.tooling.model.Model                                                  : loaded 2 times (x 70B)
Class com.google.common.cache.LocalCache$ComputingValueReference                      : loaded 2 times (x 96B)
Class com.google.common.collect.SingletonImmutableSet                                 : loaded 2 times (x 146B)
Class com.google.common.collect.ImmutableMap$IteratorBasedImmutableMap                : loaded 2 times (x 126B)
Class kotlin.UninitializedPropertyAccessException                                     : loaded 2 times (x 82B)
Class com.google.common.cache.LocalCache$Segment                                      : loaded 2 times (x 154B)
Class com.google.common.collect.AbstractListMultimap                                  : loaded 2 times (x 172B)
Class [Lorg.objectweb.asm.SymbolTable$Entry;                                          : loaded 2 times (x 69B)
Class com.google.common.cache.CacheLoader                                             : loaded 2 times (x 74B)
Class com.google.common.collect.RegularImmutableMap                                   : loaded 2 times (x 121B)
Class com.google.common.collect.ImmutableBiMap                                        : loaded 2 times (x 143B)
Class org.gradle.internal.installation.GradleInstallation$1                           : loaded 2 times (x 75B)
Class org.gradle.api.internal.classpath.ModuleRegistry                                : loaded 2 times (x 70B)
Class build_eomyylf731yw7se8h5meayt7h$_run_closure1                                   : loaded 2 times (x 139B)
Class com.google.common.util.concurrent.internal.InternalFutureFailureAccess          : loaded 2 times (x 72B)
Class org.gradle.api.internal.classpath.ManifestUtil                                  : loaded 2 times (x 71B)
Class com.google.common.collect.ImmutableSet$JdkBackedSetBuilderImpl                  : loaded 2 times (x 76B)
Class build_eomyylf731yw7se8h5meayt7h$_run_closure2                                   : loaded 2 times (x 139B)
Class com.google.common.cache.LocalCache$LocalManualCache$1                           : loaded 2 times (x 75B)
Class com.google.common.base.CharMatcher$ForPredicate                                 : loaded 2 times (x 112B)
Class com.google.common.base.CharMatcher$AnyOf                                        : loaded 2 times (x 112B)
Class com.google.common.collect.ImmutableList$1                                       : loaded 2 times (x 97B)
Class org.gradle.api.internal.classpath.DefaultModuleRegistry                         : loaded 2 times (x 86B)
Class com.google.common.util.concurrent.ExecutionError                                : loaded 2 times (x 82B)
Class com.google.common.util.concurrent.ListenableFuture                              : loaded 2 times (x 70B)
Class com.google.common.cache.ReferenceEntry                                          : loaded 2 times (x 70B)
Class com.google.common.base.Converter                                                : loaded 2 times (x 90B)
Class com.google.common.collect.ImmutableSet$CachingAsList                            : loaded 2 times (x 148B)
Class com.google.common.collect.AbstractMapBasedMultimap                              : loaded 2 times (x 139B)
Class com.google.common.util.concurrent.AbstractFuture                                : loaded 2 times (x 106B)
Class com.google.common.base.FunctionalEquivalence                                    : loaded 2 times (x 83B)
Class com.google.common.collect.ImmutableEnumSet                                      : loaded 2 times (x 146B)
Class com.google.common.collect.ImmutableAsList                                       : loaded 2 times (x 209B)
Class org.objectweb.asm.RecordComponentVisitor                                        : loaded 2 times (x 77B)
Class com.google.common.cache.CacheLoader$SupplierToCacheLoader                       : loaded 2 times (x 75B)
Class build_15ng1p34olpwfo1btju1wlbvx                                                 : loaded 2 times (x 180B)
Class org.gradle.internal.time.MonotonicClock                                         : loaded 2 times (x 77B)
Class org.gradle.internal.service.ServiceLookupException                              : loaded 2 times (x 82B)
Class [Lcom.google.common.cache.LocalCache$EntryFactory;                              : loaded 2 times (x 69B)
Class org.gradle.internal.classloader.ClassLoaderFactory                              : loaded 2 times (x 70B)
Class com.google.common.cache.LocalCache$LocalManualCache                             : loaded 2 times (x 99B)
Class com.google.common.base.CharMatcher$IsNot                                        : loaded 2 times (x 111B)
Class org.gradle.internal.service.CachingServiceLocator                               : loaded 2 times (x 82B)
Class com.google.common.math.IntMath                                                  : loaded 2 times (x 71B)
Class com.google.common.collect.ImmutableMapEntry                                     : loaded 2 times (x 85B)
Class org.gradle.internal.time.TimeSource                                             : loaded 2 times (x 70B)
Class com.google.common.base.Equivalence                                              : loaded 2 times (x 82B)
Class com.google.common.base.Function                                                 : loaded 2 times (x 70B)
Class com.google.common.collect.ImmutableMapEntry$NonTerminalImmutableMapEntry        : loaded 2 times (x 85B)
Class org.gradle.tooling.internal.gradle.GradleBuildIdentity                          : loaded 2 times (x 70B)
Class kotlin.enums.EnumEntries                                                        : loaded 2 times (x 70B)
Class com.google.common.cache.CacheBuilder$OneWeigher                                 : loaded 2 times (x 82B)
Class com.google.common.collect.RegularImmutableList                                  : loaded 2 times (x 213B)
Class org.gradle.internal.exceptions.ResolutionProvider                               : loaded 2 times (x 70B)
Class org.gradle.tooling.model.ProjectIdentifier                                      : loaded 2 times (x 70B)
Class org.gradle.internal.classloader.ClasspathUtil                                   : loaded 2 times (x 71B)
Class com.google.common.util.concurrent.Uninterruptibles                              : loaded 2 times (x 71B)
Class org.jetbrains.kotlin.tooling.core.HasExtras                                     : loaded 2 times (x 70B)
Class sync_studio_tooling1_8kota222514m0ydj5c036hbqk                                  : loaded 2 times (x 179B)
Class com.google.common.util.concurrent.LazyLogger                                    : loaded 2 times (x 72B)
Class com.google.common.collect.Maps                                                  : loaded 2 times (x 71B)
Class org.gradle.internal.time.TimeSource$1                                           : loaded 2 times (x 77B)
Class kotlin.jvm.internal.DefaultConstructorMarker                                    : loaded 2 times (x 71B)
Class org.gradle.api.specs.Spec                                                       : loaded 2 times (x 70B)
Class [Lcom.google.common.collect.ImmutableEntry;                                     : loaded 2 times (x 69B)
Class com.google.common.cache.LocalCache$LoadingValueReference                        : loaded 2 times (x 96B)
Class com.intellij.gradle.toolingExtension.impl.model.utilDummyModel.DummyModel       : loaded 2 times (x 70B)
Class org.gradle.internal.time.Clock                                                  : loaded 2 times (x 70B)
Class com.google.common.collect.Maps$8                                                : loaded 2 times (x 82B)
Class kotlin.collections.AbstractList                                                 : loaded 2 times (x 197B)
Class kotlin.collections.AbstractCollection                                           : loaded 2 times (x 117B)
Class com.google.common.collect.Sets$SetView                                          : loaded 2 times (x 138B)
Class com.google.common.cache.LocalCache$StrongValueReference                         : loaded 2 times (x 90B)
Class org.objectweb.asm.Type                                                          : loaded 2 times (x 72B)
Class org.gradle.internal.classloader.VisitableURLClassLoader$InstrumentingVisitableURLClassLoader: loaded 2 times (x 123B)
Class org.objectweb.asm.ByteVector                                                    : loaded 2 times (x 79B)
Class [Lcom.google.common.cache.CacheBuilder$NullListener;                            : loaded 2 times (x 69B)
Class com.google.common.math.IntMath$1                                                : loaded 2 times (x 71B)
Class org.gradle.internal.classloader.VisitableURLClassLoader$Spec                    : loaded 2 times (x 74B)
Class org.gradle.internal.classpath.DefaultClassPath                                  : loaded 2 times (x 90B)
Class org.objectweb.asm.Symbol                                                        : loaded 2 times (x 73B)
Class org.gradle.util.internal.DefaultGradleVersion                                   : loaded 2 times (x 82B)
Class com.google.common.base.CharMatcher$BitSetMatcher                                : loaded 2 times (x 112B)
Class com.google.common.collect.ImmutableSet                                          : loaded 2 times (x 145B)
Class com.google.common.collect.RegularImmutableMap$Values                            : loaded 2 times (x 207B)
Class org.gradle.internal.classloader.ClassLoaderSpec                                 : loaded 2 times (x 71B)
Class org.objectweb.asm.AnnotationWriter                                              : loaded 2 times (x 79B)
Class com.google.common.cache.CacheStats                                              : loaded 2 times (x 71B)
Class org.objectweb.asm.RecordComponentWriter                                         : loaded 2 times (x 78B)
Class com.google.common.util.concurrent.AbstractFuture$Listener                       : loaded 2 times (x 72B)
Class com.google.common.base.CharMatcher$Or                                           : loaded 2 times (x 112B)
Class org.objectweb.asm.Attribute                                                     : loaded 2 times (x 77B)
Class com.google.common.base.Supplier                                                 : loaded 2 times (x 70B)
Class org.gradle.internal.classloader.VisitableURLClassLoader                         : loaded 2 times (x 117B)
Class org.gradle.internal.classloader.ClassLoaderHierarchy                            : loaded 2 times (x 70B)
Class com.google.common.base.CharMatcher$IsEither                                     : loaded 2 times (x 111B)
Class com.google.common.collect.Sets                                                  : loaded 2 times (x 71B)
Class org.objectweb.asm.Handler                                                       : loaded 2 times (x 72B)
Class com.google.common.base.Ticker                                                   : loaded 2 times (x 72B)
Class com.google.common.base.CharMatcher$FastMatcher                                  : loaded 2 times (x 111B)
Class [Lcom.google.common.cache.LocalCache$Segment;                                   : loaded 2 times (x 69B)
Class [Lcom.google.common.cache.LocalCache$Strength;                                  : loaded 2 times (x 69B)
Class com.google.common.cache.CacheBuilder$1                                          : loaded 2 times (x 85B)
Class com.google.common.base.Predicate                                                : loaded 2 times (x 70B)
Class com.google.common.collect.ImmutableMap                                          : loaded 2 times (x 120B)
Class org.gradle.internal.classpath.DefaultClassPath$ImmutableUniqueList$Builder      : loaded 2 times (x 75B)
Class com.google.common.cache.LocalCache                                              : loaded 2 times (x 187B)
Class com.google.common.cache.CacheBuilder$2                                          : loaded 2 times (x 79B)
Class com.google.common.base.CharMatcher$NegatedFastMatcher                           : loaded 2 times (x 113B)
Class com.google.common.collect.ArrayListMultimap                                     : loaded 2 times (x 172B)
Class com.google.common.cache.CacheBuilder$3                                          : loaded 2 times (x 72B)
Class [Lcom.google.common.collect.AbstractMapEntry;                                   : loaded 2 times (x 69B)
Class com.google.common.collect.ImmutableEntry                                        : loaded 2 times (x 82B)
Class org.gradle.internal.classloader.FilteringClassLoader                            : loaded 2 times (x 105B)
Class org.gradle.internal.exceptions.NonGradleCauseExceptionsHolder                   : loaded 2 times (x 70B)
Class com.google.common.collect.CollectPreconditions                                  : loaded 2 times (x 71B)
Class com.google.common.collect.SortedMapDifference                                   : loaded 2 times (x 70B)
Class build_eomyylf731yw7se8h5meayt7h                                                 : loaded 2 times (x 180B)
Class com.google.common.cache.LocalCache$EntryFactory                                 : loaded 2 times (x 83B)
Class com.google.common.cache.LocalCache$AbstractReferenceEntry                       : loaded 2 times (x 107B)
Class org.jetbrains.kotlin.tooling.core.HasMutableExtras                              : loaded 2 times (x 70B)
Class kotlin.NotImplementedError                                                      : loaded 2 times (x 82B)
Class kotlin.enums.EnumEntriesKt                                                      : loaded 2 times (x 71B)
Class org.objectweb.asm.SymbolTable                                                   : loaded 2 times (x 72B)
Class com.google.common.cache.CacheLoader$InvalidCacheLoadException                   : loaded 2 times (x 82B)
Class com.google.common.collect.ImmutableSet$RegularSetBuilderImpl                    : loaded 2 times (x 77B)
Class org.gradle.internal.classloader.SystemClassLoaderSpec                           : loaded 2 times (x 71B)
Class com.google.common.cache.LocalCache$StrongEntry                                  : loaded 2 times (x 108B)
Class com.google.common.util.concurrent.AbstractFuture$TrustedFuture                  : loaded 2 times (x 114B)
Class com.google.common.cache.LoadingCache                                            : loaded 2 times (x 70B)
Class org.gradle.internal.exceptions.MultiCauseException                              : loaded 2 times (x 70B)
Class org.gradle.internal.time.CountdownTimer                                         : loaded 2 times (x 70B)
Class kotlin.jvm.internal.Intrinsics                                                  : loaded 2 times (x 71B)
Class org.objectweb.asm.MethodWriter                                                  : loaded 2 times (x 106B)
Class [Lcom.google.common.cache.Weigher;                                              : loaded 2 times (x 69B)
Class com.google.common.collect.RegularImmutableMap$BucketOverflowException           : loaded 2 times (x 82B)
Class org.gradle.tooling.model.ProjectModel                                           : loaded 2 times (x 70B)
Class kotlin.KotlinNullPointerException                                               : loaded 2 times (x 83B)
Class com.google.common.collect.RegularImmutableBiMap                                 : loaded 2 times (x 149B)
Class com.google.common.cache.LocalCache$ValueReference                               : loaded 2 times (x 70B)
Class com.google.common.base.CharMatcher$Negated                                      : loaded 2 times (x 113B)
Class com.google.common.base.CharMatcher$Is                                           : loaded 2 times (x 111B)
Class org.gradle.internal.exceptions.DefaultMultiCauseException                       : loaded 2 times (x 95B)
Class com.google.common.util.concurrent.AbstractFuture$Failure                        : loaded 2 times (x 72B)
Class com.google.common.base.Equivalence$Equals                                       : loaded 2 times (x 82B)
Class com.google.common.collect.Hashing                                               : loaded 2 times (x 71B)
Class com.google.common.collect.RegularImmutableMap$KeySet                            : loaded 2 times (x 152B)
Class com.google.common.base.Joiner$1                                                 : loaded 2 times (x 80B)
Class org.objectweb.asm.Label                                                         : loaded 2 times (x 73B)
Class org.objectweb.asm.CurrentFrame                                                  : loaded 2 times (x 73B)
Class org.objectweb.asm.ClassTooLargeException                                        : loaded 2 times (x 83B)
Class com.google.common.base.CharMatcher                                              : loaded 2 times (x 111B)
Class com.google.common.base.Equivalence$Identity                                     : loaded 2 times (x 82B)
Class org.gradle.internal.time.Time                                                   : loaded 2 times (x 71B)
Class com.google.common.base.Joiner$2                                                 : loaded 2 times (x 79B)
Class org.objectweb.asm.Frame                                                         : loaded 2 times (x 73B)
Class org.objectweb.asm.MethodVisitor                                                 : loaded 2 times (x 105B)
Class com.google.common.cache.LocalCache$EntryFactory$1                               : loaded 2 times (x 83B)
Class [Lcom.google.common.cache.RemovalListener;                                      : loaded 2 times (x 69B)
Class com.google.common.base.CharMatcher$NamedFastMatcher                             : loaded 2 times (x 112B)
Class com.google.common.base.CharMatcher$1                                            : loaded 2 times (x 113B)
Class com.google.common.cache.LocalCache$EntryFactory$2                               : loaded 2 times (x 83B)
Class org.gradle.api.internal.classpath.GlobalCacheRootsProvider                      : loaded 2 times (x 70B)
Class org.objectweb.asm.ModuleWriter                                                  : loaded 2 times (x 82B)
Class com.google.common.cache.LocalCache$EntryFactory$3                               : loaded 2 times (x 83B)
Class com.google.common.base.Ticker$1                                                 : loaded 2 times (x 72B)
Class com.google.common.collect.Maps$BiMapConverter                                   : loaded 2 times (x 90B)
Class com.google.common.collect.ImmutableMapEntrySet$RegularEntrySet                  : loaded 2 times (x 152B)
Class org.gradle.tooling.model.BuildIdentifier                                        : loaded 2 times (x 70B)
Class kotlin.NoWhenBranchMatchedException                                             : loaded 2 times (x 82B)
Class com.google.common.cache.LocalCache$EntryFactory$4                               : loaded 2 times (x 83B)
Class com.google.common.base.CharMatcher$InRange                                      : loaded 2 times (x 111B)
Class com.google.common.collect.ImmutableSet$Builder                                  : loaded 2 times (x 85B)
Class com.google.common.cache.LocalCache$EntryFactory$5                               : loaded 2 times (x 83B)
Class com.google.common.cache.LocalCache$EntryFactory$6                               : loaded 2 times (x 83B)
Class org.gradle.internal.time.Timer                                                  : loaded 2 times (x 70B)
Class kotlin.jvm.internal.markers.KMappedMarker                                       : loaded 2 times (x 70B)
Class org.gradle.internal.installation.CurrentGradleInstallationLocator               : loaded 2 times (x 71B)
Class com.google.common.cache.LocalCache$EntryFactory$7                               : loaded 2 times (x 83B)
Class com.google.common.collect.ImmutableSet$EmptySetBuilderImpl                      : loaded 2 times (x 76B)
Class kotlin.collections.AbstractList$Companion                                       : loaded 2 times (x 71B)
Class org.gradle.internal.service.DefaultServiceLocator                               : loaded 2 times (x 83B)
Class com.google.common.cache.LocalCache$EntryFactory$8                               : loaded 2 times (x 83B)
Class com.google.common.collect.ImmutableSet$SetBuilderImpl                           : loaded 2 times (x 76B)
Class org.gradle.util.GradleVersion                                                   : loaded 2 times (x 81B)
Class org.gradle.internal.installation.CurrentGradleInstallation                      : loaded 2 times (x 73B)
Class com.google.common.cache.CacheLoader$1                                           : loaded 2 times (x 75B)
Class com.google.common.collect.ImmutableList$SubList                                 : loaded 2 times (x 209B)
Class org.gradle.util.internal.GUtil                                                  : loaded 2 times (x 71B)
Class com.google.common.cache.AbstractCache$StatsCounter                              : loaded 2 times (x 70B)
Class com.google.common.base.PairwiseEquivalence                                      : loaded 2 times (x 83B)
Class com.google.common.collect.RegularImmutableSet                                   : loaded 2 times (x 149B)
Class org.gradle.internal.installation.GradleInstallation                             : loaded 2 times (x 75B)
Class com.google.common.collect.Iterables                                             : loaded 2 times (x 71B)
Class ijInit1_dymtxpe33n704tnad8i2o07eb                                               : loaded 2 times (x 179B)

---------------  S Y S T E M  ---------------

OS:
 Windows 11 , 64 bit Build 26100 (10.0.26100.7019)
OS uptime: 0 days 22:36 hours

CPU: total 6 (initial active 6) (6 cores per cpu, 1 threads per core) family 6 model 158 stepping 13 microcode 0xde, cx8, cmov, fxsr, mmx, 3dnowpref, sse, sse2, sse3, ssse3, sse4.1, sse4.2, popcnt, lzcnt, tsc, tscinvbit, avx, avx2, aes, erms, clmul, bmi1, bmi2, adx, fma, vzeroupper, clflush, clflushopt, rdtscp, f16c
Processor Information for the first 6 processors :
  Max Mhz: 2904, Current Mhz: 2904, Mhz Limit: 2904

Memory: 4k page, system-wide physical 16291M (2398M free)
TotalPageFile size 20317M (AvailPageFile size 324M)
current process WorkingSet (physical memory assigned to process): 779M, peak: 786M
current process commit charge ("private bytes"): 1359M, peak: 1798M

vm_info: OpenJDK 64-Bit Server VM (21.0.10+-14961533-b1163.108) for windows-amd64 JRE (21.0.10+-14961533-b1163.108), built on 2026-03-02T19:58:50Z by "builder" with MS VC++ 16.10 / 16.11 (VS2019)

END.
