version 2
JvmtiExport can_access_local_variables 0
JvmtiExport can_hotswap_or_post_breakpoint 1
JvmtiExport can_post_on_exceptions 0
# 749 ciObject found
instanceKlass org/jetbrains/kotlin/types/TypeSubstitutor
ciInstanceKlass kotlin/jvm/internal/Intrinsics 1 1 278 10 7 10 10 10 10 10 10 100 10 10 10 100 10 10 100 10 8 8 10 100 10 10 100 10 10 100 10 10 8 8 8 8 10 10 10 10 10 100 10 10 10 10 8 8 10 10 10 8 10 100 10 10 10 10 100 8 8 10 8 10 10 10 100 10 7 100 1 1 1 1 1 1 1 1 1 1 1 1 1 1 1 1 1 1 1 1 1 1 1 1 1 1 1 1 1 1 1 1 1 1 1 1 1 1 1 1 1 1 1 1 1 1 1 1 1 1 1 1 1 1 1 1 1 1 100 1 1 1 1 1 1 1 1 1 1 1 1 1 1 1 1 1 1 1 1 1 1 1 1 1 1 1 1 1 1 1 1 1 100 1 1 1 1 1 1 1 1 1 1 1 1 1 1 1 1 1 100 1 1 1 12 1 12 12 12 12 12 1 12 12 1 1 1 1 12 1 12 1 1 1 1 1 1 12 12 12 100 12 12 1 100 12 100 12 100 12 12 1 1 100 12 100 12 1 12 1 12 12 12 1 1 1 12 1 12 100 100 12 12 1 1 1 1 1 1 1 1 1 1 1 1 1 1 1 1 1 1 1 1 1 1 1 1 1 1 1 1 1 1 1 1 1 1 1 1 1
ciInstanceKlass kotlin/jvm/internal/markers/KMappedMarker 1 0 22 1 100 1 100 1 1 3 3 3 1 1 3 1 1 1 1 1 1 1 1 1
ciInstanceKlass kotlin/Function 1 0 25 1 100 1 1 100 1 1 3 3 3 1 1 3 1 1 1 1 1 1 1 1 1 1 1
ciInstanceKlass kotlin/jvm/functions/Function1 1 0 32 1 100 1 1 100 1 100 1 1 1 1 1 3 3 3 1 1 3 1 1 1 1 1 1 1 1 1 1 1 1 1
ciInstanceKlass kotlin/reflect/KAnnotatedElement 1 0 29 1 100 1 100 1 1 1 1 1 1 3 3 3 1 1 3 1 1 1 1 1 1 1 1 1 1 1 1
ciInstanceKlass kotlin/reflect/KCallable 1 0 78 1 100 1 1 100 1 100 1 1 1 1 1 1 1 1 1 1 1 1 1 1 1 1 1 1 1 1 1 1 1 1 1 1 3 3 3 1 1 3 1 1 1 1 1 1 1 1 1 1 1 1 1 1 1 1 1 1 1 1 1 1 1 1 1 1 1 1 1 100 1 1 1 1 1 1 1 1
ciInstanceKlass java/lang/Void 1 1 31 10 100 12 1 1 1 8 1 10 7 12 1 1 1 9 7 12 1 1 1 1 1 1 1 1 1 1 1 1 1
staticfield java/lang/Void TYPE Ljava/lang/Class; java/lang/Class
# instanceKlass java/lang/invoke/LambdaForm$MH+0x0000000800740000
instanceKlass org/jetbrains/kotlin/resolve/constants/evaluate/OperationsMapGeneratedKt$WhenMappings
instanceKlass org/jetbrains/kotlin/resolve/constants/evaluate/OperationsMapGeneratedKt
instanceKlass org/jetbrains/kotlin/resolve/constants/evaluate/ConstantExpressionEvaluatorVisitor$OperationArgument
instanceKlass org/jetbrains/kotlin/resolve/constants/evaluate/ConstantExpressionEvaluatorKt$WhenMappings
instanceKlass org/jetbrains/kotlin/resolve/calls/util/CallMaker$ExpressionValueArgument
instanceKlass org/jetbrains/kotlin/resolve/constants/evaluate/ConstantExpressionEvaluatorKt
instanceKlass org/jetbrains/kotlin/resolve/calls/smartcasts/IdentifierInfo$Qualified
instanceKlass org/jetbrains/kotlin/resolve/scopes/receivers/ImplicitContextReceiver
instanceKlass kotlin/sequences/TakeWhileSequence$iterator$1
instanceKlass kotlin/sequences/TakeWhileSequence
instanceKlass org/jetbrains/kotlin/types/AlternativeTypeSubstitutionKt$substituteAlternativesInPublicType$substitutor$1
instanceKlass org/jetbrains/kotlin/types/AlternativeTypeSubstitutionKt
instanceKlass org/jetbrains/kotlin/types/expressions/PreliminaryDeclarationVisitor$Companion
instanceKlass org/jetbrains/kotlin/resolve/calls/model/ReceiverExpressionKotlinCallArgument$Companion
instanceKlass org/jetbrains/kotlin/types/expressions/OperatorConventions
instanceKlass org/jetbrains/kotlin/resolve/DefinitelyNonNullableTypesKt
instanceKlass org/jetbrains/kotlin/resolve/DescriptorResolver$UpperBoundCheckRequest
instanceKlass  @bci org/jetbrains/kotlin/resolve/descriptorUtil/DescriptorUtilsKt firstOverridden (Lorg/jetbrains/kotlin/descriptors/CallableMemberDescriptor;ZLkotlin/jvm/functions/Function1;)Lorg/jetbrains/kotlin/descriptors/CallableMemberDescriptor; 29 <appendix> member <vmtarget> ; # org/jetbrains/kotlin/resolve/descriptorUtil/DescriptorUtilsKt$$Lambda+0x000000080072f3c8
# instanceKlass java/lang/invoke/LambdaForm$MH+0x0000000800730000
instanceKlass org/jetbrains/kotlin/resolve/CompileTimeConstantUtils
instanceKlass org/jetbrains/kotlin/types/RangeUtilKt
instanceKlass org/jetbrains/kotlin/contracts/ContextInfoToDataFlowInfoKt
instanceKlass org/jetbrains/kotlin/contracts/model/MutableContextInfo$Companion
instanceKlass org/jetbrains/kotlin/contracts/model/MutableContextInfo
instanceKlass org/jetbrains/kotlin/contracts/model/structure/UNKNOWN_COMPUTATION
instanceKlass org/jetbrains/kotlin/contracts/model/visitors/Reducer
instanceKlass org/jetbrains/kotlin/contracts/model/ESExpressionVisitor
instanceKlass org/jetbrains/kotlin/contracts/model/structure/ESType
instanceKlass org/jetbrains/kotlin/contracts/description/expressions/BooleanConstantReference$Companion
instanceKlass org/jetbrains/kotlin/contracts/description/expressions/ConstantReference$Companion
instanceKlass org/jetbrains/kotlin/contracts/description/expressions/ConstantReference
instanceKlass org/jetbrains/kotlin/contracts/description/expressions/ContractDescriptionValue
instanceKlass org/jetbrains/kotlin/contracts/description/BooleanExpression
instanceKlass org/jetbrains/kotlin/contracts/description/ContractDescriptionElement
instanceKlass org/jetbrains/kotlin/contracts/model/structure/AbstractESValue
instanceKlass org/jetbrains/kotlin/contracts/model/ESValue
instanceKlass org/jetbrains/kotlin/contracts/model/ESExpression
instanceKlass org/jetbrains/kotlin/contracts/model/Computation
instanceKlass org/jetbrains/kotlin/contracts/model/structure/ESConstants
instanceKlass org/jetbrains/kotlin/contracts/model/ESEffect
instanceKlass org/jetbrains/kotlin/com/intellij/util/containers/LockFreeCopyOnWriteArrayList$COWIterator
instanceKlass org/jetbrains/kotlin/resolve/diagnostics/SimpleGenericDiagnostics
instanceKlass  @bci org/jetbrains/kotlin/resolve/diagnostics/DiagnosticsElementsCache <init> (Lorg/jetbrains/kotlin/resolve/diagnostics/Diagnostics;Lkotlin/jvm/functions/Function1;)V 16 <appendix> member <vmtarget> ; # org/jetbrains/kotlin/resolve/diagnostics/DiagnosticsElementsCache$$Lambda+0x0000000800728cc8
instanceKlass org/jetbrains/kotlin/resolve/diagnostics/DiagnosticsElementsCache
instanceKlass org/jetbrains/kotlin/resolve/diagnostics/DiagnosticsWithSuppression
instanceKlass org/jetbrains/org/objectweb/asm/TypeReference
instanceKlass org/jetbrains/kotlin/resolve/constants/UnsignedErrorValueTypeConstant
instanceKlass org/jetbrains/kotlin/resolve/constants/PrimitiveTypeUtilKt
instanceKlass org/jetbrains/kotlin/resolve/constants/IntegerLiteralTypeConstructor$Companion
instanceKlass org/jetbrains/kotlin/resolve/constants/IntegerValueTypeConstant$Companion
instanceKlass org/jetbrains/kotlin/resolve/constants/CompileTimeConstantKt
instanceKlass org/jetbrains/kotlin/utils/NumberWithRadix
instanceKlass org/jetbrains/kotlin/utils/NumbersKt
instanceKlass  @bci org/jetbrains/kotlin/com/intellij/util/text/LiteralFormatUtil <clinit> ()V 0 <appendix> argL0 ; # org/jetbrains/kotlin/com/intellij/util/text/LiteralFormatUtil$$Lambda+0x00000008007253d8
instanceKlass org/jetbrains/kotlin/com/intellij/openapi/util/text/CharFilter
instanceKlass org/jetbrains/kotlin/com/intellij/util/text/LiteralFormatUtil
instanceKlass org/jetbrains/kotlin/parsing/ParseUtilsKt
instanceKlass org/jetbrains/kotlin/load/kotlin/AbstractBinaryClassAnnotationAndConstantLoader$loadAnnotationsAndInitializers$1$MemberAnnotationVisitor
instanceKlass org/jetbrains/kotlin/load/kotlin/KotlinJvmBinaryClass$MethodAnnotationVisitor
instanceKlass org/jetbrains/kotlin/load/kotlin/AbstractBinaryClassAnnotationAndConstantLoader$loadAnnotationsAndInitializers$1
instanceKlass org/jetbrains/kotlin/load/kotlin/KotlinJvmBinaryClass$MemberVisitor
instanceKlass org/jetbrains/kotlin/metadata/jvm/deserialization/JvmMemberSignature
instanceKlass org/jetbrains/kotlin/metadata/jvm/deserialization/ClassMapperLite
instanceKlass org/jetbrains/kotlin/load/kotlin/MemberSignature$Companion
instanceKlass org/jetbrains/kotlin/resolve/calls/smartcasts/DataFlowValueKindUtilsKt
instanceKlass org/jetbrains/kotlin/resolve/calls/smartcasts/IdentifierInfo$Variable
instanceKlass org/jetbrains/kotlin/descriptors/ConstUtil
instanceKlass org/jetbrains/kotlin/descriptors/ConstUtilKt
instanceKlass org/jetbrains/kotlin/resolve/calls/checkers/CoroutineCallCheckerKt
instanceKlass org/jetbrains/kotlin/resolve/scopes/receivers/SuperCallReceiverValue
instanceKlass org/jetbrains/kotlin/resolve/calls/model/SimpleCandidateFactoryKt
instanceKlass kotlin/sequences/SequencesKt___SequencesKt$asIterable$$inlined$Iterable$1
instanceKlass  @bci org/jetbrains/kotlin/load/java/lazy/descriptors/LazyJavaStaticClassScope flatMapJavaStaticSupertypesScopes (Lorg/jetbrains/kotlin/descriptors/ClassDescriptor;Ljava/util/Set;Lkotlin/jvm/functions/Function1;)Ljava/util/Set; 7 <appendix> argL0 ; # org/jetbrains/kotlin/load/java/lazy/descriptors/LazyJavaStaticClassScope$$Lambda+0x000000080071cce0
instanceKlass  @bci org/jetbrains/kotlin/resolve/calls/CallExpressionResolver getSafeOrUnsafeSelectorTypeInfo (Lorg/jetbrains/kotlin/resolve/scopes/receivers/Receiver;Lorg/jetbrains/kotlin/resolve/calls/CallExpressionElement;Lorg/jetbrains/kotlin/types/expressions/ExpressionTypingContext;)Lorg/jetbrains/kotlin/types/expressions/KotlinTypeInfo; 123 <appendix> member <vmtarget> ; # org/jetbrains/kotlin/resolve/calls/CallExpressionResolver$$Lambda+0x000000080071d6b0
instanceKlass org/jetbrains/kotlin/resolve/calls/CallExpressionElement
instanceKlass org/jetbrains/kotlin/resolve/calls/CallExpressionResolver$elementChain$1$WhenMappings
instanceKlass org/jetbrains/kotlin/resolve/calls/CallExpressionUnrollerKt
instanceKlass org/jetbrains/kotlin/resolve/scopes/receivers/TypeAliasQualifier
instanceKlass org/jetbrains/kotlin/load/java/lazy/types/JavaTypeResolverKt
instanceKlass  @bci org/jetbrains/kotlin/resolve/DescriptorResolver resolveTypeParameterForDescriptor (Lorg/jetbrains/kotlin/descriptors/DeclarationDescriptor;Lorg/jetbrains/kotlin/resolve/scopes/LexicalScope;Lorg/jetbrains/kotlin/psi/KtTypeParameter;ILorg/jetbrains/kotlin/resolve/BindingTrace;)Lorg/jetbrains/kotlin/descriptors/impl/TypeParameterDescriptorImpl; 71 <appendix> member <vmtarget> ; # org/jetbrains/kotlin/resolve/DescriptorResolver$$Lambda+0x000000080071e970
instanceKlass org/jetbrains/kotlin/descriptors/annotations/BuiltInAnnotationDescriptor
instanceKlass org/jetbrains/kotlin/resolve/calls/tower/PSIErrorCallInfo
instanceKlass org/jetbrains/kotlin/resolve/calls/components/ErrorCallInfo
instanceKlass org/jetbrains/kotlin/resolve/calls/model/TransformableToWarning
instanceKlass org/jetbrains/kotlin/contracts/description/ContractProviderKey
instanceKlass org/jetbrains/kotlin/contracts/description/AbstractContractProvider
instanceKlass org/jetbrains/kotlin/descriptors/ContractProvider
instanceKlass  @bci org/jetbrains/kotlin/resolve/jvm/kotlinSignature/SignaturesPropagationData modifyValueParametersAccordingToSuperMethods (Ljava/util/List;)Lorg/jetbrains/kotlin/resolve/jvm/kotlinSignature/SignaturesPropagationData$ValueParameters; 302 <appendix> argL0 ; # org/jetbrains/kotlin/resolve/jvm/kotlinSignature/SignaturesPropagationData$$Lambda+0x000000080071a8b0
instanceKlass  @cpi org/jetbrains/kotlin/resolve/jvm/kotlinSignature/SignaturesPropagationData 318 form vmentry <vmtarget> ; # java/lang/invoke/LambdaForm$DMH+0x000000080071c400
instanceKlass org/jetbrains/kotlin/resolve/jvm/kotlinSignature/SignaturesPropagationData$VarargCheckResult
instanceKlass  @bci org/jetbrains/kotlin/resolve/jvm/kotlinSignature/SignaturesPropagationData modifyValueParametersAccordingToSuperMethods (Ljava/util/List;)Lorg/jetbrains/kotlin/resolve/jvm/kotlinSignature/SignaturesPropagationData$ValueParameters; 78 <appendix> form vmentry <vmtarget> ; # java/lang/invoke/LambdaForm$DMH+0x000000080071c000
instanceKlass  @bci org/jetbrains/kotlin/resolve/jvm/kotlinSignature/SignaturesPropagationData modifyValueParametersAccordingToSuperMethods (Ljava/util/List;)Lorg/jetbrains/kotlin/resolve/jvm/kotlinSignature/SignaturesPropagationData$ValueParameters; 78 <appendix> member <vmtarget> ; # org/jetbrains/kotlin/resolve/jvm/kotlinSignature/SignaturesPropagationData$$Lambda+0x000000080071a418
instanceKlass  @cpi org/jetbrains/kotlin/resolve/jvm/kotlinSignature/SignaturesPropagationData 238 form vmentry <vmtarget> ; # java/lang/invoke/LambdaForm$DMH+0x0000000800714400
instanceKlass org/jetbrains/kotlin/resolve/jvm/kotlinSignature/SignaturesPropagationData$TypeAndName
instanceKlass org/jetbrains/kotlin/resolve/jvm/jvmSignature/KotlinToJvmSignatureMapperKt
instanceKlass org/jetbrains/kotlin/codegen/state/InfoForMangling
instanceKlass org/jetbrains/kotlin/resolve/jvm/InlineClassManglingRulesKt
instanceKlass org/jetbrains/kotlin/resolve/jvm/jvmSignature/JvmMethodSignature
instanceKlass org/jetbrains/org/objectweb/asm/commons/Method
instanceKlass org/jetbrains/kotlin/codegen/state/InlineClassManglingUtilsKt
instanceKlass org/jetbrains/kotlin/descriptors/ScriptDescriptor
instanceKlass org/jetbrains/kotlin/resolve/jvm/AsmTypes$1
instanceKlass  @bci org/jetbrains/kotlin/resolve/jvm/AsmTypes getType (Ljava/lang/Class;)Lorg/jetbrains/org/objectweb/asm/Type; 14 <appendix> member <vmtarget> ; # org/jetbrains/kotlin/resolve/jvm/AsmTypes$$Lambda+0x0000000800718af8
instanceKlass org/jetbrains/kotlin/resolve/jvm/AsmTypes
instanceKlass org/jetbrains/kotlin/resolve/jvm/jvmSignature/JvmMethodParameterSignature
instanceKlass org/jetbrains/kotlin/codegen/AccessorForCallableDescriptor
instanceKlass org/jetbrains/kotlin/codegen/state/KotlinTypeMapper$WhenMappings
instanceKlass org/jetbrains/kotlin/codegen/signature/AsmTypeFactory
instanceKlass org/jetbrains/kotlin/load/kotlin/JvmDescriptorTypeWriter
instanceKlass org/jetbrains/kotlin/codegen/JvmCodegenUtil
instanceKlass org/jetbrains/kotlin/codegen/coroutines/CoroutineCodegenUtilKt$INITIAL_SUSPEND_DESCRIPTOR_FOR_INVOKE_SUSPEND$1
instanceKlass org/jetbrains/kotlin/codegen/coroutines/CoroutineCodegenUtilKt$INITIAL_DESCRIPTOR_FOR_SUSPEND_FUNCTION$1
instanceKlass org/jetbrains/kotlin/codegen/CodegenUtilKt
instanceKlass org/jetbrains/kotlin/codegen/coroutines/CoroutineCodegenUtilKt
instanceKlass org/jetbrains/kotlin/resolve/ImportedFromObjectCallableDescriptor
instanceKlass org/jetbrains/kotlin/codegen/OwnerKind$Companion
instanceKlass  @bci org/jetbrains/kotlin/resolve/descriptorUtil/DescriptorUtilsKt declaresOrInheritsDefaultValue (Lorg/jetbrains/kotlin/descriptors/ValueParameterDescriptor;)Z 13 <appendix> argL0 ; # org/jetbrains/kotlin/resolve/descriptorUtil/DescriptorUtilsKt$$Lambda+0x0000000800711b88
instanceKlass org/jetbrains/kotlin/util/Check$DefaultImpls
instanceKlass org/jetbrains/kotlin/descriptors/deserialization/PlatformDependentDeclarationFilterKt
instanceKlass org/jetbrains/kotlin/resolve/calls/model/DefaultValueArgument
# instanceKlass java/lang/invoke/LambdaForm$MH+0x0000000800714000
instanceKlass org/jetbrains/kotlin/resolve/FunctionsFromAny
instanceKlass org/jetbrains/kotlin/resolve/DataClassResolver
instanceKlass org/jetbrains/kotlin/resolve/DataClassDescriptorResolver
instanceKlass org/jetbrains/kotlin/load/java/structure/JavaTypesKt
instanceKlass org/jetbrains/kotlin/resolve/ModifierCheckerHelpersKt$or$1
instanceKlass org/jetbrains/kotlin/resolve/ModifierCheckerHelpersKt$ifSupported$1
instanceKlass org/jetbrains/kotlin/resolve/ModifierCheckerHelpersKt$always$1
instanceKlass org/jetbrains/kotlin/resolve/TargetAllowedPredicate
instanceKlass org/jetbrains/kotlin/resolve/ModifierCheckerHelpersKt
instanceKlass org/jetbrains/kotlin/load/kotlin/JvmTypeFactoryImpl$WhenMappings
instanceKlass  @bci org/jetbrains/kotlin/resolve/DescriptorResolver inferReturnTypeFromExpressionBody (Lorg/jetbrains/kotlin/resolve/BindingTrace;Lorg/jetbrains/kotlin/resolve/scopes/LexicalScope;Lorg/jetbrains/kotlin/resolve/calls/smartcasts/DataFlowInfo;Lorg/jetbrains/kotlin/psi/KtDeclarationWithBody;Lorg/jetbrains/kotlin/descriptors/FunctionDescriptor;Lorg/jetbrains/kotlin/resolve/calls/components/InferenceSession;)Lorg/jetbrains/kotlin/types/KotlinType; 62 <appendix> member <vmtarget> ; # org/jetbrains/kotlin/resolve/DescriptorResolver$$Lambda+0x000000080070f470
instanceKlass org/jetbrains/kotlin/resolve/constants/CompileTimeConstant$DefaultImpls
instanceKlass org/jetbrains/kotlin/resolve/constants/IntegerValueTypeConstant
instanceKlass org/jetbrains/kotlin/resolve/constants/TypedCompileTimeConstant
instanceKlass org/jetbrains/kotlin/resolve/constants/CompileTimeConstant$Parameters
instanceKlass org/jetbrains/kotlin/resolve/constants/KClassValue$Value
instanceKlass org/jetbrains/kotlin/resolve/constants/ClassLiteralValue
instanceKlass org/jetbrains/kotlin/resolve/constants/KClassValue$Companion
instanceKlass org/jetbrains/kotlin/load/kotlin/KotlinJvmBinaryPackageSourceElement
instanceKlass org/jetbrains/kotlin/descriptors/DeclarationDescriptorWithNavigationSubstitute
instanceKlass org/jetbrains/kotlin/coroutines/CoroutineUtilKt
instanceKlass org/jetbrains/kotlin/resolve/jvm/RuntimeAssertionsDataFlowExtras
instanceKlass org/jetbrains/kotlin/resolve/jvm/RuntimeAssertionInfo$DataFlowExtras
instanceKlass org/jetbrains/kotlin/resolve/jvm/RuntimeAssertionInfo$Companion
instanceKlass org/jetbrains/kotlin/resolve/jvm/RuntimeAssertionInfo
instanceKlass  @bci org/jetbrains/kotlin/types/expressions/DataFlowAnalyzer checkTypeInternal (Lorg/jetbrains/kotlin/types/KotlinType;Lorg/jetbrains/kotlin/psi/KtExpression;Lorg/jetbrains/kotlin/resolve/calls/context/ResolutionContext;Lorg/jetbrains/kotlin/com/intellij/openapi/util/Ref;Z)Lorg/jetbrains/kotlin/types/KotlinType; 48 <appendix> argL0 ; # org/jetbrains/kotlin/types/expressions/DataFlowAnalyzer$$Lambda+0x000000080070bd98
instanceKlass org/jetbrains/kotlin/resolve/ImplicitIntegerCoercion
instanceKlass org/jetbrains/kotlin/resolve/calls/tower/NewAbstractResolvedCall$getDataFlowInfoForArguments$1
instanceKlass org/jetbrains/kotlin/resolve/calls/model/ArgumentMatchImpl
instanceKlass org/jetbrains/kotlin/resolve/calls/model/ArgumentMatch
instanceKlass org/jetbrains/kotlin/resolve/calls/model/ArgumentMapping
instanceKlass org/jetbrains/kotlin/resolve/calls/model/VarargValueArgument
instanceKlass org/jetbrains/kotlin/resolve/calls/tower/EmptyLabeledReturn
instanceKlass org/jetbrains/kotlin/resolve/calls/model/QualifierReceiverKotlinCallArgument
instanceKlass org/jetbrains/kotlin/resolve/calls/model/ReceiverExpressionKotlinCallArgument
instanceKlass org/jetbrains/kotlin/resolve/calls/tower/KnownResultProcessor
instanceKlass org/jetbrains/kotlin/resolve/calls/inference/BuilderInferenceUtilKt
instanceKlass org/jetbrains/kotlin/types/checker/ClassicTypeSystemContextKt
instanceKlass org/jetbrains/kotlin/resolve/calls/inference/model/InitialConstraint
instanceKlass org/jetbrains/kotlin/resolve/calls/inference/ConstraintSystemBuilderKt$WhenMappings
instanceKlass org/jetbrains/kotlin/resolve/calls/inference/ConstraintSystemTransaction
instanceKlass org/jetbrains/kotlin/resolve/calls/inference/ConstraintSystemBuilderKt
instanceKlass org/jetbrains/kotlin/resolve/calls/components/SimpleArgumentsChecksKt
instanceKlass org/jetbrains/kotlin/resolve/calls/components/PostponeArgumentsChecksKt
instanceKlass org/jetbrains/kotlin/builtins/UnsignedTypes
instanceKlass org/jetbrains/kotlin/resolve/calls/components/UnitTypeConversions
instanceKlass org/jetbrains/kotlin/resolve/calls/components/SuspendTypeConversions
instanceKlass org/jetbrains/kotlin/resolve/calls/components/TypeConversions$ConversionData
instanceKlass org/jetbrains/kotlin/resolve/calls/components/SamTypeConversions
instanceKlass org/jetbrains/kotlin/resolve/calls/components/ParameterTypeConversion
instanceKlass org/jetbrains/kotlin/resolve/calls/components/TypeConversions
instanceKlass org/jetbrains/kotlin/resolve/calls/components/ResolutionPartsKt
instanceKlass org/jetbrains/kotlin/resolve/calls/components/ReceiverInfo$Companion
instanceKlass org/jetbrains/kotlin/resolve/calls/components/ReceiverInfo
instanceKlass org/jetbrains/kotlin/resolve/calls/model/ResolvedCallArgument
instanceKlass org/jetbrains/kotlin/resolve/calls/model/SubKotlinCallArgument
instanceKlass org/jetbrains/kotlin/resolve/calls/model/GivenCandidate
instanceKlass org/jetbrains/kotlin/resolve/calls/model/LambdaKotlinCallArgument
instanceKlass org/jetbrains/kotlin/resolve/calls/model/ExpressionKotlinCallArgument
instanceKlass org/jetbrains/kotlin/resolve/scopes/receivers/QualifierReceiverKt
instanceKlass org/jetbrains/kotlin/resolve/calls/smartcasts/IdentifierInfo$Expression
instanceKlass org/jetbrains/kotlin/resolve/scopes/receivers/ExpressionReceiver$Companion
instanceKlass org/jetbrains/kotlin/util/IncrementalTrackerUtilKt
instanceKlass org/jetbrains/kotlin/resolve/calls/smartcasts/IdentifierInfo$NO
instanceKlass org/jetbrains/kotlin/resolve/calls/smartcasts/IdentifierInfo$PackageOrClass
instanceKlass org/jetbrains/kotlin/resolve/calls/smartcasts/IdentifierInfoKt
instanceKlass org/jetbrains/kotlin/resolve/calls/tower/StubTypesBasedInferenceSession
instanceKlass org/jetbrains/kotlin/types/expressions/DoubleColonExpressionResolverKt
instanceKlass org/jetbrains/kotlin/types/expressions/DoubleColonExpressionResolver$ReservedDoubleColonLHSResolutionResult
instanceKlass org/jetbrains/kotlin/types/expressions/DoubleColonExpressionResolver$LHSResolutionResult
instanceKlass org/jetbrains/kotlin/resolve/calls/util/PsiUtilsKt
instanceKlass org/jetbrains/kotlin/types/expressions/typeInfoFactory/TypeInfoFactoryKt
instanceKlass org/jetbrains/kotlin/diagnostics/DiagnosticWithParameters1Marker
instanceKlass org/jetbrains/kotlin/resolve/scopes/receivers/TypeParameterQualifier
instanceKlass org/jetbrains/kotlin/resolve/QualifiedExpressionResolveUtilKt
instanceKlass org/jetbrains/kotlin/resolve/calls/results/OverloadResolutionResultsUtil
instanceKlass org/jetbrains/kotlin/resolve/calls/results/SingleOverloadResolutionResult$WhenMappings
instanceKlass org/jetbrains/kotlin/resolve/calls/results/AbstractOverloadResolutionResults
instanceKlass org/jetbrains/kotlin/resolve/calls/tower/CallInfo
instanceKlass org/jetbrains/kotlin/resolve/calls/components/CompletedCallInfo
instanceKlass org/jetbrains/kotlin/resolve/calls/DiagnosticReporterByTrackingStrategy
instanceKlass org/jetbrains/kotlin/resolve/calls/model/DiagnosticReporter
instanceKlass org/jetbrains/kotlin/resolve/calls/model/ResolvedCallAtomsKt
instanceKlass org/jetbrains/kotlin/resolve/calls/tower/TrackingBindingTrace
instanceKlass org/jetbrains/kotlin/resolve/inline/InlineUtil
instanceKlass org/jetbrains/kotlin/resolve/sam/SamConstructorDescriptor
instanceKlass org/jetbrains/kotlin/descriptors/synthetic/FunctionInterfaceConstructorDescriptor
instanceKlass org/jetbrains/kotlin/descriptors/synthetic/SyntheticMemberDescriptor
instanceKlass org/jetbrains/kotlin/synthetic/SyntheticJavaPropertyDescriptor
instanceKlass org/jetbrains/kotlin/resolve/calls/model/ArgumentMappingKt
instanceKlass org/jetbrains/kotlin/resolve/checkers/MissingDependencySupertypeChecker
instanceKlass org/jetbrains/kotlin/contracts/parsing/ContractsDslNames
instanceKlass org/jetbrains/kotlin/contracts/parsing/PsiContractsUtilsKt
instanceKlass org/jetbrains/kotlin/resolve/calls/model/ExpressionValueArgument
instanceKlass org/jetbrains/kotlin/resolve/calls/util/ResolvedCallUtilKt$WhenMappings
instanceKlass org/jetbrains/kotlin/resolve/calls/util/ResolvedCallUtilKt
instanceKlass org/jetbrains/kotlin/resolve/calls/checkers/ConstructorHeaderCallCheckerKt
instanceKlass org/jetbrains/kotlin/resolve/calls/tasks/DynamicCallsKt
instanceKlass org/jetbrains/kotlin/resolve/calls/checkers/CallCheckerKt
instanceKlass org/jetbrains/kotlin/resolve/calls/model/VariableAsFunctionResolvedCall
instanceKlass org/jetbrains/kotlin/resolve/calls/tower/PSIKotlinCallsKt
instanceKlass org/jetbrains/kotlin/resolve/calls/tower/ResolvedAtomCompleter
instanceKlass org/jetbrains/kotlin/resolve/calls/model/KotlinCallDiagnosticsKt
instanceKlass org/jetbrains/kotlin/resolve/KtDescriptorUtilKt
instanceKlass org/jetbrains/kotlin/types/checker/NewCapturedTypeConstructor
instanceKlass org/jetbrains/kotlin/resolve/RecursiveContractHelperKt
instanceKlass  @bci org/jetbrains/kotlin/resolve/calls/components/ArgumentsUtilsKt hasDefaultValue (Lorg/jetbrains/kotlin/descriptors/ValueParameterDescriptor;)Z 13 <appendix> argL0 ; # org/jetbrains/kotlin/resolve/calls/components/ArgumentsUtilsKt$$Lambda+0x00000008006e5950
instanceKlass org/jetbrains/kotlin/resolve/calls/components/ArgumentsUtilsKt
instanceKlass org/jetbrains/kotlin/resolve/calls/components/ArgumentsToParametersMapper$CallArgumentProcessor
instanceKlass org/jetbrains/kotlin/resolve/calls/components/CheckExplicitReceiverKindConsistency$WhenMappings
instanceKlass org/jetbrains/kotlin/resolve/calls/tower/CandidateApplicabilityKt
instanceKlass org/jetbrains/kotlin/descriptors/SyntheticPropertyDescriptor
instanceKlass org/jetbrains/kotlin/resolve/deprecation/DescriptorBasedDeprecationInfoKt$DEPRECATED_FUNCTION_KEY$1
instanceKlass org/jetbrains/kotlin/resolve/deprecation/DescriptorBasedDeprecationInfoKt
instanceKlass org/jetbrains/kotlin/resolve/calls/checkers/OperatorCallCheckerKt
instanceKlass org/jetbrains/kotlin/resolve/calls/model/SimpleCandidateFactory$WhenMappings
instanceKlass org/jetbrains/kotlin/resolve/calls/tower/CandidateWithBoundDispatchReceiver
instanceKlass org/jetbrains/kotlin/resolve/calls/util/IsFromStdlibJre7Or8Kt
instanceKlass org/jetbrains/kotlin/resolve/descriptorUtil/AnnotationsForResolveUtilsKt
instanceKlass org/jetbrains/kotlin/resolve/sam/SamConversionResolverImplKt
instanceKlass org/jetbrains/kotlin/resolve/calls/tower/PrioritizedCompositeScopeTowerProcessor
instanceKlass org/jetbrains/kotlin/resolve/calls/CallTransformer
instanceKlass org/jetbrains/kotlin/resolve/calls/tower/AbstractInvokeTowerProcessor
instanceKlass org/jetbrains/kotlin/resolve/calls/tower/PSICallResolver$FactoryProviderForInvoke
instanceKlass org/jetbrains/kotlin/resolve/calls/tower/CandidateFactoryProviderForInvoke
instanceKlass  @bci org/jetbrains/kotlin/util/slicedMap/SlicedMapImpl forEach (Lkotlin/jvm/functions/Function3;)V 21 <appendix> member <vmtarget> ; # org/jetbrains/kotlin/util/slicedMap/SlicedMapImpl$$Lambda+0x00000008006dfb00
instanceKlass  @bci org/jetbrains/kotlin/resolve/BindingContextUtils addOwnDataTo (Lorg/jetbrains/kotlin/resolve/BindingTrace;Lorg/jetbrains/kotlin/resolve/TraceEntryFilter;ZLorg/jetbrains/kotlin/util/slicedMap/MutableSlicedMap;Lorg/jetbrains/kotlin/resolve/diagnostics/MutableDiagnosticsWithSuppression;)V 21 <appendix> member <vmtarget> ; # org/jetbrains/kotlin/resolve/BindingContextUtils$$Lambda+0x00000008006df8a8
instanceKlass org/jetbrains/kotlin/resolve/TraceEntryFilter
instanceKlass org/jetbrains/kotlin/diagnostics/AbstractDiagnostic
instanceKlass org/jetbrains/kotlin/diagnostics/DiagnosticWithParameters3Marker
instanceKlass org/jetbrains/kotlin/resolve/calls/tower/ErrorCandidate
instanceKlass org/jetbrains/kotlin/resolve/calls/tower/ErrorCandidateFactoryKt$WhenMappings
instanceKlass org/jetbrains/kotlin/resolve/calls/tower/ErrorCandidateContext
instanceKlass org/jetbrains/kotlin/resolve/calls/tower/ErrorCandidateFactoryKt
instanceKlass org/jetbrains/kotlin/resolve/calls/tower/PSICallResolver$WhenMappings
instanceKlass org/jetbrains/kotlin/resolve/calls/model/PostponedCallableReferenceMarker
instanceKlass org/jetbrains/kotlin/resolve/calls/model/LambdaWithTypeVariableAsExpectedTypeMarker
instanceKlass kotlin/collections/builders/SetBuilder$Companion
instanceKlass org/jetbrains/kotlin/resolve/calls/model/ResolutionAtomsKt
instanceKlass org/jetbrains/kotlin/resolve/calls/components/KotlinCallCompleter$WhenMappings
instanceKlass org/jetbrains/kotlin/resolve/calls/components/KotlinCallCompleterKt
instanceKlass org/jetbrains/kotlin/resolve/calls/components/CompletionModeCalculator$Companion
instanceKlass org/jetbrains/kotlin/resolve/calls/components/CompletionModeCalculator
instanceKlass org/jetbrains/kotlin/resolve/calls/inference/components/NewTypeSubstitutorByConstructorMap
instanceKlass org/jetbrains/kotlin/resolve/calls/inference/InferenceUtilsKt
instanceKlass org/jetbrains/kotlin/resolve/calls/tower/ImplicitScopeTowerKt
instanceKlass org/jetbrains/kotlin/resolve/calls/inference/components/EmptySubstitutor
instanceKlass org/jetbrains/kotlin/resolve/calls/inference/components/FreshVariableNewTypeSubstitutor$Companion
instanceKlass org/jetbrains/kotlin/resolve/calls/inference/components/FreshVariableNewTypeSubstitutor
instanceKlass org/jetbrains/kotlin/resolve/calls/tower/TowerUtilsKt
instanceKlass org/jetbrains/kotlin/com/intellij/psi/impl/source/tree/AstBufferUtil
instanceKlass org/jetbrains/kotlin/resolve/calls/model/KotlinCallDiagnostic
instanceKlass org/jetbrains/kotlin/resolve/calls/tower/TowerLevelsKt
instanceKlass org/jetbrains/kotlin/resolve/scopes/MemberScopeKt
instanceKlass org/jetbrains/kotlin/synthetic/JavaSyntheticPropertiesScope$SyntheticPropertyHolder$Companion
instanceKlass org/jetbrains/kotlin/synthetic/JavaSyntheticPropertiesScope$SyntheticPropertyHolder
instanceKlass org/jetbrains/kotlin/parcelize/ParcelizeResolveExtensionKt
instanceKlass  @bci javaslang/collection/LinkedHashSet iterator ()Ljavaslang/collection/Iterator; 7 <appendix> argL0 ; # javaslang/collection/LinkedHashSet$$Lambda+0x00000008006d4238
instanceKlass javaslang/Tuple2
instanceKlass javaslang/Tuple
instanceKlass javaslang/collection/IteratorModule$EmptyIterator
instanceKlass javaslang/collection/AbstractIterator
instanceKlass javaslang/collection/List$Nil
instanceKlass javaslang/collection/List
instanceKlass javaslang/collection/Stack
instanceKlass javaslang/collection/Queue
instanceKlass javaslang/collection/LinearSeq
instanceKlass javaslang/collection/LinkedHashMap
instanceKlass javaslang/collection/LinkedHashSet
instanceKlass javaslang/control/Option$None
instanceKlass org/jetbrains/kotlin/resolve/calls/smartcasts/DataFlowValueKt
instanceKlass org/jetbrains/kotlin/resolve/calls/smartcasts/IdentifierInfo$Receiver
instanceKlass org/jetbrains/kotlin/resolve/calls/smartcasts/IdentifierInfo$ERROR
instanceKlass org/jetbrains/kotlin/resolve/calls/smartcasts/IdentifierInfo
instanceKlass org/jetbrains/kotlin/resolve/calls/smartcasts/DataFlowValue$Companion
instanceKlass org/jetbrains/kotlin/resolve/calls/tower/NewResolutionOldInferenceKt
instanceKlass org/jetbrains/kotlin/resolve/scopes/DeprecatedLexicalScope
instanceKlass org/jetbrains/kotlin/resolve/calls/tower/AbstractScopeTowerLevel
instanceKlass org/jetbrains/kotlin/resolve/calls/tower/ScopeTowerLevel
instanceKlass org/jetbrains/kotlin/resolve/descriptorUtil/AnnotationsForResolveKt
instanceKlass org/jetbrains/kotlin/resolve/calls/tower/TowerResolver$Task
instanceKlass org/jetbrains/kotlin/resolve/calls/tower/AbstractSimpleScopeTowerProcessor
instanceKlass org/jetbrains/kotlin/resolve/calls/tower/SimpleScopeTowerProcessor
instanceKlass org/jetbrains/kotlin/resolve/calls/tower/VariableAndObjectScopeTowerProcessor
instanceKlass org/jetbrains/kotlin/resolve/calls/tower/ScopeTowerProcessorsKt
instanceKlass org/jetbrains/kotlin/resolve/calls/model/KotlinCallKt$WhenMappings
instanceKlass org/jetbrains/kotlin/resolve/calls/model/KotlinCallKt
instanceKlass org/jetbrains/kotlin/resolve/calls/inference/model/ConstraintStorage$Empty
instanceKlass org/jetbrains/kotlin/resolve/calls/inference/DescriptorRelatedInferenceUtilsKt
instanceKlass org/jetbrains/kotlin/resolve/calls/inference/model/MutableConstraintStorage
instanceKlass org/jetbrains/kotlin/resolve/calls/inference/NewConstraintSystem
instanceKlass org/jetbrains/kotlin/resolve/calls/components/ClassicTypeSystemContextForCSKt
instanceKlass org/jetbrains/kotlin/resolve/calls/model/SimpleCandidateFactory
instanceKlass org/jetbrains/kotlin/resolve/calls/KotlinCallResolver$WhenMappings
instanceKlass org/jetbrains/kotlin/psi/KtPsiFactoryKt
instanceKlass org/jetbrains/kotlin/resolve/calls/tower/PSICallResolver$ASTScopeTower
instanceKlass org/jetbrains/kotlin/resolve/calls/tower/PSIKotlinCall
instanceKlass  @bci org/jetbrains/kotlin/resolve/calls/CallResolver computeTasksAndResolveCall (Lorg/jetbrains/kotlin/resolve/calls/context/BasicCallResolutionContext;Lorg/jetbrains/kotlin/name/Name;Lorg/jetbrains/kotlin/resolve/calls/tasks/TracingStrategy;Lorg/jetbrains/kotlin/resolve/calls/tower/NewResolutionOldInference$ResolutionKind;)Lorg/jetbrains/kotlin/resolve/calls/results/OverloadResolutionResults; 46 <appendix> member <vmtarget> ; # org/jetbrains/kotlin/resolve/calls/CallResolver$$Lambda+0x00000008006c5ba8
instanceKlass org/jetbrains/kotlin/resolve/calls/util/CallMaker$CallImpl
instanceKlass org/jetbrains/kotlin/resolve/calls/context/TemporaryResolutionResultsCache
instanceKlass  @bci org/jetbrains/kotlin/types/expressions/ExpressionTypingVisitorDispatcher getTypeInfo (Lorg/jetbrains/kotlin/psi/KtExpression;Lorg/jetbrains/kotlin/types/expressions/ExpressionTypingContext;Lorg/jetbrains/kotlin/psi/KtVisitor;)Lorg/jetbrains/kotlin/types/expressions/KotlinTypeInfo; 19 <appendix> member <vmtarget> ; # org/jetbrains/kotlin/types/expressions/ExpressionTypingVisitorDispatcher$$Lambda+0x00000008006c45b0
instanceKlass org/jetbrains/kotlin/resolve/calls/tower/NewCallArgumentsKt
instanceKlass org/jetbrains/kotlin/psi/KtPsiUtil$KtExpressionWrapper
instanceKlass org/jetbrains/kotlin/resolve/calls/util/DelegatingCall
instanceKlass org/jetbrains/kotlin/resolve/calls/util/CallUtilKt
instanceKlass org/jetbrains/kotlin/resolve/calls/model/ResolutionPart
instanceKlass org/jetbrains/kotlin/resolve/calls/GenericCandidateResolverKt
instanceKlass org/jetbrains/kotlin/resolve/calls/CallResolver$ResolutionTask
instanceKlass  @bci org/jetbrains/kotlin/resolve/calls/CallResolver computeTasksFromCandidatesAndResolvedCall (Lorg/jetbrains/kotlin/resolve/calls/context/BasicCallResolutionContext;Ljava/util/Collection;Lorg/jetbrains/kotlin/resolve/calls/tasks/TracingStrategy;)Lorg/jetbrains/kotlin/resolve/calls/results/OverloadResolutionResults; 34 <appendix> member <vmtarget> ; # org/jetbrains/kotlin/resolve/calls/CallResolver$$Lambda+0x00000008006bd6b0
instanceKlass org/jetbrains/kotlin/resolve/calls/tasks/TracingStrategy$1
instanceKlass org/jetbrains/kotlin/resolve/calls/tasks/AbstractTracingStrategy
instanceKlass org/jetbrains/kotlin/resolve/scopes/SyntheticScopesKt
instanceKlass org/jetbrains/kotlin/descriptors/impl/TypeAliasConstructorDescriptorImpl$Companion
instanceKlass org/jetbrains/kotlin/resolve/calls/util/CallResolverUtilKt
instanceKlass org/jetbrains/kotlin/resolve/calls/context/ResolutionResultsCacheImpl
instanceKlass  @bci org/jetbrains/kotlin/resolve/calls/context/ResolutionContext <clinit> ()V 0 <appendix> argL0 ; # org/jetbrains/kotlin/resolve/calls/context/ResolutionContext$$Lambda+0x00000008006bb620
instanceKlass org/jetbrains/kotlin/resolve/calls/context/ResolutionResultsCache
instanceKlass org/jetbrains/kotlin/resolve/calls/util/CallMaker$3
instanceKlass org/jetbrains/kotlin/resolve/calls/util/CallMaker
instanceKlass org/jetbrains/kotlin/resolve/annotations/ThrowUtilKt
instanceKlass org/jetbrains/kotlin/types/AbstractTypeChecker$WhenMappings
instanceKlass org/jetbrains/kotlin/types/checker/NewCapturedTypeKt
instanceKlass org/jetbrains/kotlin/descriptors/ModalityUtilsKt
# instanceKlass java/lang/invoke/LambdaForm$MH+0x00000008006bc800
# instanceKlass java/lang/invoke/LambdaForm$MH+0x00000008006bc400
# instanceKlass java/lang/invoke/LambdaForm$MH+0x00000008006bc000
instanceKlass org/jetbrains/kotlin/types/checker/NewTypeVariableConstructor
instanceKlass org/jetbrains/kotlin/resolve/OverridingUtil$3
instanceKlass org/jetbrains/kotlin/resolve/scopes/receivers/AbstractReceiverValue
instanceKlass org/jetbrains/kotlin/descriptors/annotations/FilteredAnnotations
instanceKlass org/jetbrains/kotlin/types/TypeSubstitutor$2
instanceKlass org/jetbrains/kotlin/load/java/descriptors/UtilKt
instanceKlass org/jetbrains/kotlin/load/java/typeEnhancement/TypeEnhancementKt$WhenMappings
instanceKlass org/jetbrains/kotlin/load/java/typeEnhancement/PredefinedFunctionEnhancementInfo
instanceKlass org/jetbrains/kotlin/load/java/typeEnhancement/TypeEnhancementInfo
instanceKlass org/jetbrains/kotlin/load/java/typeEnhancement/SignatureEnhancementBuilder$ClassEnhancementBuilder$FunctionEnhancementBuilder
instanceKlass org/jetbrains/kotlin/load/java/typeEnhancement/SignatureEnhancementBuilder$ClassEnhancementBuilder
instanceKlass org/jetbrains/kotlin/load/java/typeEnhancement/SignatureEnhancementBuilder
instanceKlass org/jetbrains/kotlin/load/java/typeEnhancement/PredefinedEnhancementInfoKt
instanceKlass org/jetbrains/kotlin/load/kotlin/MethodSignatureBuildingUtilsKt
instanceKlass org/jetbrains/kotlin/load/kotlin/JvmType$Companion
instanceKlass org/jetbrains/kotlin/load/kotlin/JvmType
instanceKlass org/jetbrains/kotlin/load/kotlin/TypeSignatureMappingKt
instanceKlass org/jetbrains/kotlin/utils/FunctionsKt
instanceKlass org/jetbrains/kotlin/load/kotlin/DescriptorBasedTypeSignatureMappingKt
instanceKlass org/jetbrains/kotlin/load/kotlin/TypeMappingConfigurationImpl
instanceKlass org/jetbrains/kotlin/load/kotlin/TypeMappingMode$Companion
instanceKlass org/jetbrains/kotlin/load/kotlin/TypeMappingMode
instanceKlass org/jetbrains/kotlin/load/kotlin/JvmTypeFactoryImpl
instanceKlass org/jetbrains/kotlin/load/kotlin/JvmTypeFactory
instanceKlass org/jetbrains/kotlin/load/kotlin/MethodSignatureMappingKt
instanceKlass org/jetbrains/kotlin/load/java/structure/JavaAnnotationAsAnnotationArgument
instanceKlass org/jetbrains/kotlin/resolve/lazy/ForceResolveUtil
instanceKlass org/jetbrains/kotlin/descriptors/DeserializedDeclarationsFromSupertypeConflictDataKey
instanceKlass org/jetbrains/kotlin/resolve/InlineClassesUtilsKt
instanceKlass org/jetbrains/kotlin/types/typesApproximation/CapturedTypeApproximationKt
instanceKlass org/jetbrains/kotlin/descriptors/impl/FunctionDescriptorImpl$CopyConfiguration
instanceKlass org/jetbrains/kotlin/name/CallableId$Companion
instanceKlass org/jetbrains/kotlin/name/CallableId
instanceKlass org/jetbrains/kotlin/serialization/deserialization/SuspendFunctionTypeUtilKt
instanceKlass org/jetbrains/kotlin/resolve/BindingContextUtils
instanceKlass org/jetbrains/kotlin/builtins/functions/FunctionClassKind$Companion
instanceKlass org/jetbrains/kotlin/builtins/functions/FunctionClassDescriptor$Companion
instanceKlass org/jetbrains/kotlin/builtins/FunctionInterfacePackageFragment
instanceKlass org/jetbrains/kotlin/builtins/functions/FunctionTypeKindExtractor$KindWithArity
instanceKlass org/jetbrains/kotlin/builtins/FunctionTypesKt
instanceKlass org/jetbrains/kotlin/descriptors/SourceFile$1
instanceKlass org/jetbrains/kotlin/resolve/source/PsiSourceFile
instanceKlass org/jetbrains/kotlin/descriptors/SourceFile
instanceKlass org/jetbrains/kotlin/load/java/components/DescriptorResolverUtils$1$1
instanceKlass org/jetbrains/kotlin/load/java/PropertiesConventionUtilKt
instanceKlass org/jetbrains/kotlin/load/java/lazy/descriptors/LazyJavaScope$MethodSignatureData
instanceKlass org/jetbrains/kotlin/resolve/jvm/kotlinSignature/SignaturesPropagationData$ValueParameters
instanceKlass  @bci org/jetbrains/kotlin/resolve/jvm/kotlinSignature/SignaturesPropagationData getSuperFunctionsForMethod (Lorg/jetbrains/kotlin/load/java/structure/JavaMethod;Lorg/jetbrains/kotlin/load/java/descriptors/JavaMethodDescriptor;Lorg/jetbrains/kotlin/descriptors/ClassDescriptor;)Ljava/util/List; 219 <appendix> argL0 ; # org/jetbrains/kotlin/resolve/jvm/kotlinSignature/SignaturesPropagationData$$Lambda+0x00000008006a5380
instanceKlass org/jetbrains/kotlin/resolve/jvm/kotlinSignature/SignaturePropagationUtilKt
instanceKlass org/jetbrains/kotlin/util/CheckResult
instanceKlass org/jetbrains/kotlin/util/ReturnsCheck
instanceKlass org/jetbrains/kotlin/util/IsKPropertyCheck
instanceKlass org/jetbrains/kotlin/util/NoDefaultAndVarargsCheck
instanceKlass org/jetbrains/kotlin/util/ValueParameterCountCheck
instanceKlass org/jetbrains/kotlin/util/MemberKindCheck
instanceKlass org/jetbrains/kotlin/util/Check
instanceKlass org/jetbrains/kotlin/util/Checks
instanceKlass org/jetbrains/kotlin/util/AbstractModifierChecks
instanceKlass org/jetbrains/kotlin/codegen/state/KotlinTypeMapper$typeMappingConfiguration$1
instanceKlass org/jetbrains/kotlin/load/kotlin/TypeMappingConfiguration
instanceKlass org/jetbrains/kotlin/codegen/ClassBuilderMode
instanceKlass org/jetbrains/kotlin/resolve/InlineClassDescriptorResolver
instanceKlass org/jetbrains/kotlin/codegen/state/KotlinTypeMapper$Companion
instanceKlass org/jetbrains/kotlin/codegen/state/KotlinTypeMapperBase
instanceKlass org/jetbrains/kotlin/codegen/signature/KotlinToJvmSignatureMapperImpl
instanceKlass org/jetbrains/kotlin/resolve/jvm/jvmSignature/KotlinToJvmSignatureMapper
instanceKlass org/jetbrains/kotlin/resolve/jvm/kotlinSignature/SignaturesPropagationData
instanceKlass org/jetbrains/kotlin/load/java/lazy/descriptors/LazyJavaScope$ResolvedValueParameters
instanceKlass org/jetbrains/kotlin/load/java/descriptors/JavaMethodDescriptor$2
instanceKlass org/jetbrains/kotlin/load/java/descriptors/JavaMethodDescriptor$1
instanceKlass org/jetbrains/kotlin/descriptors/CallableDescriptor$UserDataKey
instanceKlass org/jetbrains/kotlin/builtins/jvm/MappingUtilKt
instanceKlass org/jetbrains/kotlin/load/java/components/JavaResolverCache$1
instanceKlass org/jetbrains/kotlin/descriptors/deserialization/AdditionalClassPartsProvider$None
instanceKlass org/jetbrains/kotlin/descriptors/deserialization/PlatformDependentDeclarationFilter$All
instanceKlass org/jetbrains/kotlin/builtins/jvm/FallbackBuiltIns$Companion
instanceKlass org/jetbrains/kotlin/load/java/BuiltinSpecialPropertiesKt
instanceKlass org/jetbrains/kotlin/load/java/BuiltinSpecialProperties
instanceKlass org/jetbrains/kotlin/load/java/SpecialGenericSignatures$Companion$NameAndSignature
instanceKlass org/jetbrains/kotlin/load/java/SpecialGenericSignatures$Companion
instanceKlass org/jetbrains/kotlin/load/java/SpecialGenericSignatures
instanceKlass org/jetbrains/kotlin/load/java/SpecialBuiltinMembers
instanceKlass org/jetbrains/kotlin/metadata/ProtoBuf$1
instanceKlass kotlin/jvm/internal/TypeIntrinsics
# instanceKlass java/lang/invoke/LambdaForm$MH+0x000000080069c000
instanceKlass gnu/trove/TIterator
instanceKlass org/jetbrains/kotlin/types/NotNullTypeParameter
instanceKlass org/jetbrains/kotlin/com/intellij/psi/EmptySubstitutor$Holder
instanceKlass org/jetbrains/kotlin/com/intellij/psi/EmptySubstitutor
instanceKlass org/jetbrains/kotlin/com/intellij/psi/infos/CandidateInfo
instanceKlass  @bci org/jetbrains/kotlin/com/intellij/psi/impl/compiled/AnnotationTextCollector visitArray (Ljava/lang/String;)Lorg/jetbrains/org/objectweb/asm/AnnotationVisitor; 25 <appendix> member <vmtarget> ; # org/jetbrains/kotlin/com/intellij/psi/impl/compiled/AnnotationTextCollector$$Lambda+0x00000008006954f8
instanceKlass  @bci org/jetbrains/kotlin/com/intellij/psi/impl/compiled/StubBuildingVisitor visit (IILjava/lang/String;Ljava/lang/String;Ljava/lang/String;[Ljava/lang/String;)V 423 <appendix> argL0 ; # org/jetbrains/kotlin/com/intellij/psi/impl/compiled/StubBuildingVisitor$$Lambda+0x0000000800695278
instanceKlass org/jetbrains/kotlin/resolve/DescriptorToSourceUtils
instanceKlass  @bci org/jetbrains/kotlin/resolve/lazy/ResolveSessionUtils getClassDescriptorsByFqName (Lorg/jetbrains/kotlin/descriptors/ModuleDescriptor;Lorg/jetbrains/kotlin/name/FqName;)Ljava/util/Collection; 18 <appendix> argL0 ; # org/jetbrains/kotlin/resolve/lazy/ResolveSessionUtils$$Lambda+0x0000000800697a80
instanceKlass org/jetbrains/kotlin/resolve/lazy/ResolveSessionUtils
instanceKlass  @bci org/jetbrains/kotlin/com/intellij/psi/impl/JavaPsiFacadeImpl findClass (Ljava/lang/String;Lorg/jetbrains/kotlin/com/intellij/psi/search/GlobalSearchScope;)Lorg/jetbrains/kotlin/com/intellij/psi/PsiClass; 24 <appendix> argL0 ; # org/jetbrains/kotlin/com/intellij/psi/impl/JavaPsiFacadeImpl$$Lambda+0x0000000800696e38
instanceKlass org/jetbrains/kotlin/com/intellij/util/containers/EmptyIterator
instanceKlass  @bci org/jetbrains/kotlin/com/intellij/psi/impl/source/ClassInnerStuffCache internMembers (Ljava/util/List;)Ljava/util/List; 2 <appendix> member <vmtarget> ; # org/jetbrains/kotlin/com/intellij/psi/impl/source/ClassInnerStuffCache$$Lambda+0x0000000800696958
instanceKlass  @bci org/jetbrains/kotlin/com/intellij/psi/augment/PsiAugmentProvider collectAugments (Lorg/jetbrains/kotlin/com/intellij/psi/PsiElement;Ljava/lang/Class;Ljava/lang/String;)Ljava/util/List; 36 <appendix> member <vmtarget> ; # org/jetbrains/kotlin/com/intellij/psi/augment/PsiAugmentProvider$$Lambda+0x0000000800696700
instanceKlass  @cpi org/jetbrains/kotlin/com/intellij/psi/augment/PsiAugmentProvider 162 form vmentry <vmtarget> ; # java/lang/invoke/LambdaForm$DMH+0x0000000800694c00
instanceKlass  @bci org/jetbrains/kotlin/com/intellij/psi/util/CachedValuesManager getProjectPsiDependentCache (Lorg/jetbrains/kotlin/com/intellij/psi/PsiElement;Ljava/util/function/Function;)Ljava/lang/Object; 31 <appendix> member <vmtarget> ; # org/jetbrains/kotlin/com/intellij/psi/util/CachedValuesManager$$Lambda+0x00000008006964a8
instanceKlass  @bci org/jetbrains/kotlin/com/intellij/psi/impl/source/ClassInnerStuffCache getInnerClasses ()[Lorg/jetbrains/kotlin/com/intellij/psi/PsiClass; 5 <appendix> member <vmtarget> ; # org/jetbrains/kotlin/com/intellij/psi/impl/source/ClassInnerStuffCache$$Lambda+0x0000000800696230
instanceKlass org/jetbrains/kotlin/com/intellij/psi/PsiDeclarationStatement
instanceKlass org/jetbrains/kotlin/it/unimi/dsi/fastutil/objects/Object2IntOpenHashMap$MapIterator
instanceKlass org/jetbrains/kotlin/com/intellij/psi/impl/cache/ModifierFlags
instanceKlass  @bci org/jetbrains/kotlin/com/intellij/psi/PsiTypeElement <clinit> ()V 7 <appendix> argL0 ; # org/jetbrains/kotlin/com/intellij/psi/PsiTypeElement$$Lambda+0x00000008006920a8
instanceKlass  @bci org/jetbrains/kotlin/com/intellij/psi/impl/source/resolve/ResolveCache loggingResolver (Ljava/lang/Object;Lorg/jetbrains/kotlin/com/intellij/openapi/util/Computable;)Lorg/jetbrains/kotlin/com/intellij/openapi/util/Computable; 20 <appendix> member <vmtarget> ; # org/jetbrains/kotlin/com/intellij/psi/impl/source/resolve/ResolveCache$$Lambda+0x0000000800691c00
instanceKlass  @bci org/jetbrains/kotlin/com/intellij/psi/impl/source/resolve/ResolveCache resolveWithCaching (Lorg/jetbrains/kotlin/com/intellij/psi/PsiPolyVariantReference;Lorg/jetbrains/kotlin/com/intellij/psi/impl/source/resolve/ResolveCache$PolyVariantContextResolver;ZZLorg/jetbrains/kotlin/com/intellij/psi/PsiFile;)[Lorg/jetbrains/kotlin/com/intellij/psi/ResolveResult; 76 <adapter> ; # java/lang/invoke/LambdaForm$MH+0x0000000800694800
# instanceKlass java/lang/invoke/LambdaForm$DMH+0x0000000800694400
instanceKlass  @bci org/jetbrains/kotlin/com/intellij/psi/impl/source/resolve/ResolveCache resolveWithCaching (Lorg/jetbrains/kotlin/com/intellij/psi/PsiPolyVariantReference;Lorg/jetbrains/kotlin/com/intellij/psi/impl/source/resolve/ResolveCache$PolyVariantContextResolver;ZZLorg/jetbrains/kotlin/com/intellij/psi/PsiFile;)[Lorg/jetbrains/kotlin/com/intellij/psi/ResolveResult; 76 <appendix> form vmentry <vmtarget> ; # java/lang/invoke/LambdaForm$DMH+0x0000000800694000
instanceKlass  @bci org/jetbrains/kotlin/com/intellij/psi/impl/source/resolve/ResolveCache resolveWithCaching (Lorg/jetbrains/kotlin/com/intellij/psi/PsiPolyVariantReference;Lorg/jetbrains/kotlin/com/intellij/psi/impl/source/resolve/ResolveCache$PolyVariantContextResolver;ZZLorg/jetbrains/kotlin/com/intellij/psi/PsiFile;)[Lorg/jetbrains/kotlin/com/intellij/psi/ResolveResult; 76 <appendix> member <vmtarget> ; # org/jetbrains/kotlin/com/intellij/psi/impl/source/resolve/ResolveCache$$Lambda+0x0000000800691980
instanceKlass org/jetbrains/kotlin/com/intellij/psi/impl/compiled/ClsJavaCodeReferenceElementImpl$Resolver
instanceKlass org/jetbrains/kotlin/com/intellij/psi/PsiNameHelper
instanceKlass org/jetbrains/kotlin/com/intellij/psi/impl/cache/TypeAnnotationContainer
instanceKlass  @bci org/jetbrains/kotlin/com/intellij/psi/impl/compiled/ClsAnnotationImpl <init> (Lorg/jetbrains/kotlin/com/intellij/psi/impl/java/stubs/PsiAnnotationStub;)V 20 <appendix> member <vmtarget> ; # org/jetbrains/kotlin/com/intellij/psi/impl/compiled/ClsAnnotationImpl$$Lambda+0x000000080068f7a0
instanceKlass  @bci org/jetbrains/kotlin/com/intellij/psi/impl/compiled/ClsAnnotationImpl <init> (Lorg/jetbrains/kotlin/com/intellij/psi/impl/java/stubs/PsiAnnotationStub;)V 7 <appendix> member <vmtarget> ; # org/jetbrains/kotlin/com/intellij/psi/impl/compiled/ClsAnnotationImpl$$Lambda+0x000000080068f548
instanceKlass  @bci org/jetbrains/kotlin/com/intellij/psi/impl/compiled/ClsMemberImpl <init> (Lorg/jetbrains/kotlin/com/intellij/psi/impl/java/stubs/PsiMemberStub;)V 33 <appendix> member <vmtarget> ; # org/jetbrains/kotlin/com/intellij/psi/impl/compiled/ClsMemberImpl$$Lambda+0x000000080068b340
instanceKlass org/jetbrains/kotlin/com/intellij/psi/stubs/StubSpine
instanceKlass org/jetbrains/kotlin/com/intellij/psi/stubs/MaterialStubList$1
instanceKlass  @bci java/util/function/IntUnaryOperator identity ()Ljava/util/function/IntUnaryOperator; 0 <appendix> argL0 ; # java/util/function/IntUnaryOperator$$Lambda+0x000000080017f6c8
instanceKlass org/jetbrains/kotlin/com/intellij/psi/stubs/Hash
instanceKlass org/jetbrains/kotlin/com/intellij/psi/stubs/StrippedIntOpenHashMap
instanceKlass org/jetbrains/kotlin/com/intellij/psi/stubs/StubList$2
instanceKlass org/jetbrains/kotlin/com/intellij/util/containers/ConcurrentIntObjectHashMap$CollectionView
instanceKlass org/jetbrains/kotlin/com/intellij/util/containers/ConcurrentIntObjectHashMap$Node
instanceKlass org/jetbrains/kotlin/com/intellij/util/containers/IntObjectMap$Entry
instanceKlass org/jetbrains/kotlin/com/intellij/util/containers/ConcurrentIntObjectHashMap
instanceKlass org/jetbrains/kotlin/com/intellij/codeInsight/AnnotationUtil
instanceKlass  @bci org/jetbrains/kotlin/com/intellij/psi/impl/compiled/StubBuildingVisitor visitAnnotation (Ljava/lang/String;Z)Lorg/jetbrains/org/objectweb/asm/AnnotationVisitor; 10 <appendix> member <vmtarget> ; # org/jetbrains/kotlin/com/intellij/psi/impl/compiled/StubBuildingVisitor$$Lambda+0x0000000800687d68
instanceKlass org/jetbrains/kotlin/com/intellij/util/Consumer
instanceKlass  @bci org/jetbrains/kotlin/com/intellij/psi/impl/compiled/FirstPassData createTypes ([Ljava/lang/String;)Ljava/util/List; 10 <appendix> member <vmtarget> ; # org/jetbrains/kotlin/com/intellij/psi/impl/compiled/FirstPassData$$Lambda+0x0000000800686f90
instanceKlass org/jetbrains/kotlin/it/unimi/dsi/fastutil/objects/Object2IntMap$FastEntrySet
instanceKlass org/jetbrains/kotlin/it/unimi/dsi/fastutil/objects/AbstractObject2IntFunction
instanceKlass org/jetbrains/kotlin/it/unimi/dsi/fastutil/objects/Object2IntMap
instanceKlass org/jetbrains/kotlin/it/unimi/dsi/fastutil/objects/Object2IntFunction
instanceKlass java/util/function/ToIntFunction
instanceKlass org/jetbrains/kotlin/com/intellij/psi/impl/cache/TypeInfo
instanceKlass org/jetbrains/kotlin/com/intellij/psi/impl/compiled/SignatureParsing$TypeParametersDeclaration
instanceKlass org/jetbrains/kotlin/com/intellij/psi/impl/compiled/StubBuildingVisitor$ClassInfo
instanceKlass org/jetbrains/kotlin/com/intellij/psi/impl/compiled/FirstPassData
instanceKlass  @bci org/jetbrains/kotlin/com/intellij/psi/impl/compiled/StubBuildingVisitor <clinit> ()V 73 <appendix> argL0 ; # org/jetbrains/kotlin/com/intellij/psi/impl/compiled/StubBuildingVisitor$$Lambda+0x00000008006834e8
instanceKlass org/jetbrains/org/objectweb/asm/RecordComponentVisitor
instanceKlass org/jetbrains/kotlin/com/intellij/psi/impl/compiled/ClsModifierListOwner
instanceKlass org/jetbrains/kotlin/com/intellij/psi/impl/PsiVariableEx
instanceKlass org/jetbrains/kotlin/com/intellij/psi/PsiAnonymousClass
instanceKlass org/jetbrains/kotlin/com/intellij/util/containers/UnsignedShortArrayList
instanceKlass org/jetbrains/kotlin/com/intellij/psi/stubs/MostlyUShortIntList
instanceKlass org/jetbrains/kotlin/com/intellij/psi/stubs/StubList$TempState
instanceKlass org/jetbrains/kotlin/com/intellij/psi/impl/java/stubs/StubPsiFactory
instanceKlass  @bci org/jetbrains/kotlin/com/intellij/psi/impl/compiled/ClsParsingUtil <clinit> ()V 24 <appendix> argL0 ; # org/jetbrains/kotlin/com/intellij/psi/impl/compiled/ClsParsingUtil$$Lambda+0x0000000800669918
instanceKlass org/jetbrains/kotlin/com/intellij/psi/PsiArrayInitializerMemberValue
instanceKlass org/jetbrains/kotlin/com/intellij/psi/impl/compiled/ClsParsingUtil
instanceKlass  @bci org/jetbrains/kotlin/com/intellij/psi/impl/compiled/ClassFileStubBuilder buildStubTree (Lorg/jetbrains/kotlin/com/intellij/util/indexing/FileContent;Lorg/jetbrains/kotlin/com/intellij/psi/compiled/ClassFileDecompilers$Full;)Lorg/jetbrains/kotlin/com/intellij/psi/stubs/Stub; 28 <appendix> member <vmtarget> ; # org/jetbrains/kotlin/com/intellij/psi/impl/compiled/ClassFileStubBuilder$$Lambda+0x0000000800669258
instanceKlass  @bci org/jetbrains/kotlin/com/intellij/psi/stubs/StubTreeBuilder buildStubTree (Lorg/jetbrains/kotlin/com/intellij/util/indexing/FileContent;Lorg/jetbrains/kotlin/com/intellij/psi/stubs/StubBuilderType;)Lorg/jetbrains/kotlin/com/intellij/psi/stubs/Stub; 78 <appendix> member <vmtarget> ; # org/jetbrains/kotlin/com/intellij/psi/stubs/StubTreeBuilder$$Lambda+0x0000000800669000
instanceKlass org/jetbrains/kotlin/com/intellij/psi/stubs/StubBuilderType
instanceKlass  @bci org/jetbrains/kotlin/com/intellij/psi/impl/compiled/ClassFileStubBuilder getSubBuilder (Lorg/jetbrains/kotlin/com/intellij/util/indexing/FileContent;)Lorg/jetbrains/kotlin/com/intellij/psi/compiled/ClassFileDecompilers$Full; 21 <appendix> member <vmtarget> ; # org/jetbrains/kotlin/com/intellij/psi/impl/compiled/ClassFileStubBuilder$$Lambda+0x000000080066b9f0
instanceKlass org/jetbrains/kotlin/com/intellij/psi/stubs/StubTreeBuilder
instanceKlass  @bci org/jetbrains/kotlin/com/intellij/util/indexing/FileContentImpl createByContent (Lorg/jetbrains/kotlin/com/intellij/openapi/vfs/VirtualFile;[B)Lorg/jetbrains/kotlin/com/intellij/util/indexing/FileContent; 35 <appendix> member <vmtarget> ; # org/jetbrains/kotlin/com/intellij/util/indexing/FileContentImpl$$Lambda+0x000000080066b250
instanceKlass org/jetbrains/kotlin/com/intellij/openapi/util/NotNullComputable
instanceKlass org/jetbrains/kotlin/com/intellij/util/indexing/PsiDependentFileContent
instanceKlass org/jetbrains/kotlin/com/intellij/util/indexing/FileContent
instanceKlass org/jetbrains/kotlin/com/intellij/util/indexing/IndexedFile
instanceKlass org/jetbrains/kotlin/com/intellij/psi/impl/compiled/ClsFileImpl$1
instanceKlass org/jetbrains/kotlin/com/intellij/psi/impl/compiled/InnerClassSourceStrategy
instanceKlass org/jetbrains/kotlin/com/intellij/psi/PsiCompiledFile
instanceKlass org/jetbrains/kotlin/com/intellij/psi/PsiCompiledElement
instanceKlass org/jetbrains/kotlin/com/intellij/psi/PsiClassOwnerEx
instanceKlass org/jetbrains/kotlin/com/intellij/openapi/extensions/impl/ExtensionPointImpl$1
instanceKlass  @bci org/jetbrains/kotlin/com/intellij/openapi/extensions/impl/ExtensionProcessingHelper findFirstSafe (Ljava/util/function/Predicate;Ljava/lang/Iterable;)Ljava/lang/Object; 17 <appendix> member <vmtarget> ; # org/jetbrains/kotlin/com/intellij/openapi/extensions/impl/ExtensionProcessingHelper$$Lambda+0x00000008006638c8
instanceKlass  @bci org/jetbrains/kotlin/com/intellij/psi/compiled/ClassFileDecompilers find (Lorg/jetbrains/kotlin/com/intellij/openapi/vfs/VirtualFile;Ljava/lang/Class;)Lorg/jetbrains/kotlin/com/intellij/psi/compiled/ClassFileDecompilers$Decompiler; 22 <appendix> member <vmtarget> ; # org/jetbrains/kotlin/com/intellij/psi/compiled/ClassFileDecompilers$$Lambda+0x0000000800663640
# instanceKlass java/lang/invoke/LambdaForm$MH+0x0000000800668000
instanceKlass org/jetbrains/kotlin/types/TypeIntersector
instanceKlass org/jetbrains/kotlin/load/java/components/JavaAnnotationDescriptor
instanceKlass org/jetbrains/kotlin/load/java/JavaDefaultQualifiers
instanceKlass org/jetbrains/kotlin/load/java/JvmAnnotationNamesKt
instanceKlass org/jetbrains/kotlin/load/java/AnnotationQualifiersFqNamesKt
instanceKlass org/jetbrains/kotlin/load/java/lazy/descriptors/LazyJavaAnnotationDescriptor
instanceKlass org/jetbrains/kotlin/load/java/descriptors/PossiblyExternalAnnotationDescriptor
instanceKlass org/jetbrains/kotlin/descriptors/PossiblyInnerType
instanceKlass org/jetbrains/kotlin/load/java/structure/JavaArrayAnnotationArgument
# instanceKlass java/lang/invoke/LambdaForm$MH+0x0000000800661c00
instanceKlass org/jetbrains/kotlin/resolve/constants/ConstantValueFactory
instanceKlass org/jetbrains/kotlin/load/java/components/DescriptorResolverUtils
instanceKlass org/jetbrains/kotlin/load/kotlin/BinaryClassAnnotationAndConstantLoaderImpl$AbstractAnnotationArgumentVisitor$visitArray$1
instanceKlass org/jetbrains/kotlin/load/kotlin/BinaryClassAnnotationAndConstantLoaderImpl$AbstractAnnotationArgumentVisitor
instanceKlass org/jetbrains/kotlin/SpecialJvmAnnotations
instanceKlass org/jetbrains/kotlin/load/kotlin/AbstractBinaryClassAnnotationLoader$loadClassAnnotations$1
instanceKlass org/jetbrains/kotlin/types/DisjointKeysUnionTypeSubstitution$Companion
instanceKlass org/jetbrains/kotlin/types/DescriptorSubstitutor
instanceKlass org/jetbrains/kotlin/descriptors/impl/PropertyDescriptorImpl$CopyConfiguration
instanceKlass org/jetbrains/kotlin/resolve/OverridingUtil$4
instanceKlass org/jetbrains/kotlin/resolve/OverridingUtil$5
# instanceKlass java/lang/invoke/LambdaForm$MH+0x0000000800661800
# instanceKlass java/lang/invoke/LambdaForm$MH+0x0000000800661400
# instanceKlass java/lang/invoke/LambdaForm$MH+0x0000000800661000
instanceKlass gnu/trove/THashMap$MapBackedView
# instanceKlass java/lang/invoke/LambdaForm$MH+0x0000000800660c00
# instanceKlass java/lang/invoke/LambdaForm$MH+0x0000000800660800
# instanceKlass java/lang/invoke/LambdaForm$MH+0x0000000800660400
# instanceKlass java/lang/invoke/LambdaForm$MH+0x0000000800660000
instanceKlass org/jetbrains/kotlin/types/model/TypeSystemContextKt$WhenMappings
instanceKlass org/jetbrains/kotlin/types/model/TypeSystemContextKt
instanceKlass org/jetbrains/kotlin/types/TypeCapabilitiesKt
instanceKlass org/jetbrains/kotlin/load/java/typeEnhancement/EnhancedTypeAnnotations
instanceKlass org/jetbrains/kotlin/load/java/typeEnhancement/TypeEnhancementKt
instanceKlass org/jetbrains/kotlin/types/FlexibleTypeImpl$Companion
instanceKlass org/jetbrains/kotlin/resolve/deprecation/DeprecationResolver$DeprecationInfo$Companion
instanceKlass org/jetbrains/kotlin/metadata/deserialization/VersionRequirement$Companion
instanceKlass org/jetbrains/kotlin/metadata/deserialization/VersionRequirement
instanceKlass org/jetbrains/kotlin/resolve/SinceKotlinAccessibility
instanceKlass org/jetbrains/kotlin/resolve/calls/util/FakeCallableDescriptorForObject
instanceKlass org/jetbrains/kotlin/resolve/SinceKotlinValue
instanceKlass org/jetbrains/kotlin/resolve/SinceKotlinUtilKt
instanceKlass org/jetbrains/kotlin/descriptors/annotations/AnnotationsImpl
instanceKlass org/jetbrains/kotlin/descriptors/annotations/AnnotationDescriptorImpl
instanceKlass org/jetbrains/kotlin/serialization/deserialization/AnnotationDeserializer$WhenMappings
instanceKlass org/jetbrains/kotlin/serialization/deserialization/descriptors/DeserializedCallableMemberDescriptor
instanceKlass org/jetbrains/kotlin/resolve/AllUnderImportScope$Companion
instanceKlass kotlin/collections/ArraysKt___ArraysKt$asIterable$$inlined$Iterable$1
instanceKlass org/jetbrains/kotlin/com/intellij/psi/PsiClassLevelDeclarationStatement
instanceKlass java/util/ComparableTimSort
instanceKlass  @bci org/jetbrains/kotlin/com/intellij/psi/augment/PsiAugmentProvider transformModifierProperties (Lorg/jetbrains/kotlin/com/intellij/psi/PsiModifierList;Lorg/jetbrains/kotlin/com/intellij/openapi/project/Project;Ljava/util/Set;)Ljava/util/Set; 35 <appendix> member <vmtarget> ; # org/jetbrains/kotlin/com/intellij/psi/augment/PsiAugmentProvider$$Lambda+0x0000000800654f10
instanceKlass org/jetbrains/kotlin/com/intellij/psi/impl/source/PsiModifierListImpl$ModifierCache
instanceKlass  @bci org/jetbrains/kotlin/com/intellij/psi/PsiMethod <clinit> ()V 7 <appendix> argL0 ; # org/jetbrains/kotlin/com/intellij/psi/PsiMethod$$Lambda+0x00000008006545c8
instanceKlass  @bci org/jetbrains/kotlin/com/intellij/psi/impl/source/PsiModifierListImpl calcImplicitModifiers (Ljava/util/Set;)Ljava/util/Set; 208 <appendix> argL0 ; # org/jetbrains/kotlin/com/intellij/psi/impl/source/PsiModifierListImpl$$Lambda+0x0000000800653d00
instanceKlass org/jetbrains/kotlin/com/intellij/psi/impl/source/PsiEnumConstantImpl$MyReference
instanceKlass org/jetbrains/kotlin/com/intellij/psi/PsiEnumConstant
instanceKlass org/jetbrains/kotlin/com/intellij/psi/PsiConstructorCall
instanceKlass org/jetbrains/kotlin/com/intellij/psi/PsiCall
instanceKlass org/jetbrains/kotlin/com/intellij/lang/jvm/JvmEnumField
instanceKlass  @bci org/jetbrains/kotlin/com/intellij/psi/PsiField <clinit> ()V 7 <appendix> argL0 ; # org/jetbrains/kotlin/com/intellij/psi/PsiField$$Lambda+0x0000000800650678
instanceKlass org/jetbrains/kotlin/load/java/structure/impl/JavaElementUtil
instanceKlass  @bci org/jetbrains/kotlin/com/intellij/psi/PsiTypeParameter <clinit> ()V 7 <appendix> argL0 ; # org/jetbrains/kotlin/com/intellij/psi/PsiTypeParameter$$Lambda+0x000000080064ebf0
instanceKlass org/jetbrains/kotlin/com/intellij/lang/jvm/types/JvmArrayType
instanceKlass org/jetbrains/kotlin/com/intellij/psi/impl/PsiImplUtil
instanceKlass org/jetbrains/kotlin/com/intellij/psi/impl/source/tree/RecursiveTreeElementWalkingVisitor$ASTTreeGuide
instanceKlass org/jetbrains/kotlin/com/intellij/util/WalkingState
instanceKlass org/jetbrains/kotlin/com/intellij/psi/impl/source/tree/JavaSourceUtil
instanceKlass org/jetbrains/kotlin/com/intellij/psi/impl/source/tree/ChildRole
instanceKlass org/jetbrains/kotlin/asJava/KtLightClassMarker
instanceKlass org/jetbrains/kotlin/load/java/structure/impl/JavaClassImpl$Companion
instanceKlass org/jetbrains/kotlin/com/intellij/psi/impl/source/ClassInnerStuffCache
instanceKlass org/jetbrains/kotlin/com/intellij/psi/impl/source/PsiExtensibleClass
instanceKlass org/jetbrains/kotlin/com/intellij/psi/PsiExpressionList
instanceKlass  @bci org/jetbrains/kotlin/com/intellij/psi/impl/source/javadoc/PsiDocCommentImpl <clinit> ()V 40 <appendix> argL0 ; # org/jetbrains/kotlin/com/intellij/psi/impl/source/javadoc/PsiDocCommentImpl$$Lambda+0x0000000800643d90
instanceKlass org/jetbrains/kotlin/com/intellij/psi/javadoc/PsiDocTag
instanceKlass org/jetbrains/kotlin/com/intellij/psi/javadoc/PsiDocComment
instanceKlass org/jetbrains/kotlin/com/intellij/psi/PsiReferenceParameterList
instanceKlass  @bci org/jetbrains/kotlin/com/intellij/psi/PsiReference <clinit> ()V 7 <appendix> argL0 ; # org/jetbrains/kotlin/com/intellij/psi/PsiReference$$Lambda+0x000000080063fd30
instanceKlass org/jetbrains/kotlin/com/intellij/patterns/ElementPattern
instanceKlass org/jetbrains/kotlin/com/intellij/psi/impl/source/resolve/ResolveCache$PolyVariantContextResolver
instanceKlass org/jetbrains/kotlin/com/intellij/psi/filters/ElementFilter
instanceKlass org/jetbrains/kotlin/com/intellij/psi/impl/source/SourceJavaCodeReference
instanceKlass org/jetbrains/kotlin/com/intellij/psi/PsiAnnotatedJavaCodeReferenceElement
instanceKlass org/jetbrains/kotlin/com/intellij/psi/PsiPackageStatement
instanceKlass org/jetbrains/kotlin/com/intellij/lang/java/parser/ReferenceParser$TypeInfo
instanceKlass org/jetbrains/kotlin/com/intellij/lang/PsiBuilderUtil
instanceKlass  @bci org/jetbrains/kotlin/com/intellij/lang/java/parser/FileParser parse (Lorg/jetbrains/kotlin/com/intellij/lang/PsiBuilder;)V 10 <appendix> argL0 ; # org/jetbrains/kotlin/com/intellij/lang/java/parser/FileParser$$Lambda+0x000000080063ba98
instanceKlass org/jetbrains/kotlin/com/intellij/lang/java/parser/PatternParser
instanceKlass org/jetbrains/kotlin/com/intellij/lang/java/parser/ReferenceParser
instanceKlass org/jetbrains/kotlin/com/intellij/lang/java/parser/ExpressionParser
instanceKlass org/jetbrains/kotlin/com/intellij/lang/java/parser/StatementParser
instanceKlass org/jetbrains/kotlin/com/intellij/lang/java/parser/DeclarationParser
instanceKlass org/jetbrains/kotlin/com/intellij/lang/java/parser/ModuleParser
instanceKlass org/jetbrains/kotlin/com/intellij/lang/java/parser/FileParser
instanceKlass org/jetbrains/kotlin/com/intellij/lang/java/parser/JavaParser
instanceKlass  @bci org/jetbrains/kotlin/com/intellij/psi/util/PsiUtil <clinit> ()V 80 <appendix> argL0 ; # org/jetbrains/kotlin/com/intellij/psi/util/PsiUtil$$Lambda+0x000000080063a418
instanceKlass org/jetbrains/kotlin/com/intellij/lang/jvm/types/JvmWildcardType
instanceKlass org/jetbrains/kotlin/com/intellij/psi/JavaResolveResult
instanceKlass org/jetbrains/kotlin/com/intellij/lang/java/parser/JavaParserUtil$TrailingWhitespacesAndCommentsBinder
instanceKlass org/jetbrains/kotlin/com/intellij/lang/java/parser/JavaParserUtil$PrecedingWhitespacesAndCommentsBinder
instanceKlass org/jetbrains/kotlin/com/intellij/lang/java/parser/JavaParserUtil
instanceKlass org/jetbrains/kotlin/com/intellij/psi/impl/source/tree/JavaElementType$TypeTextElementType$1
instanceKlass  @bci org/jetbrains/kotlin/com/intellij/psi/impl/source/tree/JavaElementType$4 <init> (Ljava/lang/String;Lorg/jetbrains/kotlin/com/intellij/lang/Language;)V 7 <appendix> argL0 ; # org/jetbrains/kotlin/com/intellij/psi/impl/source/tree/JavaElementType$4$$Lambda+0x0000000800638b90
instanceKlass  @bci org/jetbrains/kotlin/com/intellij/psi/impl/source/tree/JavaElementType$3 <init> (Ljava/lang/String;Lorg/jetbrains/kotlin/com/intellij/lang/Language;)V 7 <appendix> argL0 ; # org/jetbrains/kotlin/com/intellij/psi/impl/source/tree/JavaElementType$3$$Lambda+0x0000000800638940
instanceKlass  @bci org/jetbrains/kotlin/com/intellij/psi/impl/source/tree/JavaElementType$2 <init> (Ljava/lang/String;Lorg/jetbrains/kotlin/com/intellij/lang/Language;)V 7 <appendix> argL0 ; # org/jetbrains/kotlin/com/intellij/psi/impl/source/tree/JavaElementType$2$$Lambda+0x00000008006386f0
instanceKlass  @bci org/jetbrains/kotlin/com/intellij/psi/impl/source/tree/JavaElementType$1 <init> (Ljava/lang/String;Lorg/jetbrains/kotlin/com/intellij/lang/Language;)V 7 <appendix> argL0 ; # org/jetbrains/kotlin/com/intellij/psi/impl/source/tree/JavaElementType$1$$Lambda+0x00000008006384a0
instanceKlass  @bci org/jetbrains/kotlin/com/intellij/psi/impl/source/tree/JavaElementType <clinit> ()V 1385 <appendix> argL0 ; # org/jetbrains/kotlin/com/intellij/psi/impl/source/tree/JavaElementType$$Lambda+0x0000000800638250
instanceKlass  @bci org/jetbrains/kotlin/com/intellij/psi/impl/source/tree/JavaElementType <clinit> ()V 1366 <appendix> argL0 ; # org/jetbrains/kotlin/com/intellij/psi/impl/source/tree/JavaElementType$$Lambda+0x0000000800638000
instanceKlass  @bci org/jetbrains/kotlin/com/intellij/psi/impl/source/tree/JavaElementType <clinit> ()V 1347 <appendix> argL0 ; # org/jetbrains/kotlin/com/intellij/psi/impl/source/tree/JavaElementType$$Lambda+0x0000000800637ce0
instanceKlass  @bci org/jetbrains/kotlin/com/intellij/psi/impl/source/tree/JavaElementType <clinit> ()V 1328 <appendix> argL0 ; # org/jetbrains/kotlin/com/intellij/psi/impl/source/tree/JavaElementType$$Lambda+0x0000000800637a90
instanceKlass  @bci org/jetbrains/kotlin/com/intellij/psi/impl/source/tree/JavaElementType <clinit> ()V 1309 <appendix> argL0 ; # org/jetbrains/kotlin/com/intellij/psi/impl/source/tree/JavaElementType$$Lambda+0x0000000800637840
instanceKlass  @bci org/jetbrains/kotlin/com/intellij/psi/impl/source/tree/JavaElementType <clinit> ()V 1290 <appendix> argL0 ; # org/jetbrains/kotlin/com/intellij/psi/impl/source/tree/JavaElementType$$Lambda+0x00000008006375f0
instanceKlass  @bci org/jetbrains/kotlin/com/intellij/psi/impl/source/tree/JavaElementType <clinit> ()V 1271 <appendix> argL0 ; # org/jetbrains/kotlin/com/intellij/psi/impl/source/tree/JavaElementType$$Lambda+0x00000008006373a0
instanceKlass  @bci org/jetbrains/kotlin/com/intellij/psi/impl/source/tree/JavaElementType <clinit> ()V 1252 <appendix> argL0 ; # org/jetbrains/kotlin/com/intellij/psi/impl/source/tree/JavaElementType$$Lambda+0x0000000800637150
instanceKlass  @bci org/jetbrains/kotlin/com/intellij/psi/impl/source/tree/JavaElementType <clinit> ()V 1233 <appendix> argL0 ; # org/jetbrains/kotlin/com/intellij/psi/impl/source/tree/JavaElementType$$Lambda+0x0000000800636f00
instanceKlass  @bci org/jetbrains/kotlin/com/intellij/psi/impl/source/tree/JavaElementType <clinit> ()V 1214 <appendix> argL0 ; # org/jetbrains/kotlin/com/intellij/psi/impl/source/tree/JavaElementType$$Lambda+0x0000000800636cb0
instanceKlass  @bci org/jetbrains/kotlin/com/intellij/psi/impl/source/tree/JavaElementType <clinit> ()V 1195 <appendix> argL0 ; # org/jetbrains/kotlin/com/intellij/psi/impl/source/tree/JavaElementType$$Lambda+0x0000000800636a60
instanceKlass  @bci org/jetbrains/kotlin/com/intellij/psi/impl/source/tree/JavaElementType <clinit> ()V 1176 <appendix> argL0 ; # org/jetbrains/kotlin/com/intellij/psi/impl/source/tree/JavaElementType$$Lambda+0x0000000800636810
instanceKlass  @bci org/jetbrains/kotlin/com/intellij/psi/impl/source/tree/JavaElementType <clinit> ()V 1157 <appendix> argL0 ; # org/jetbrains/kotlin/com/intellij/psi/impl/source/tree/JavaElementType$$Lambda+0x00000008006365c0
instanceKlass  @bci org/jetbrains/kotlin/com/intellij/psi/impl/source/tree/JavaElementType <clinit> ()V 1138 <appendix> argL0 ; # org/jetbrains/kotlin/com/intellij/psi/impl/source/tree/JavaElementType$$Lambda+0x0000000800636370
instanceKlass  @bci org/jetbrains/kotlin/com/intellij/psi/impl/source/tree/JavaElementType <clinit> ()V 1119 <appendix> argL0 ; # org/jetbrains/kotlin/com/intellij/psi/impl/source/tree/JavaElementType$$Lambda+0x0000000800636120
instanceKlass  @bci org/jetbrains/kotlin/com/intellij/psi/impl/source/tree/JavaElementType <clinit> ()V 1100 <appendix> argL0 ; # org/jetbrains/kotlin/com/intellij/psi/impl/source/tree/JavaElementType$$Lambda+0x0000000800635ed0
instanceKlass  @bci org/jetbrains/kotlin/com/intellij/psi/impl/source/tree/JavaElementType <clinit> ()V 1081 <appendix> argL0 ; # org/jetbrains/kotlin/com/intellij/psi/impl/source/tree/JavaElementType$$Lambda+0x0000000800635c80
instanceKlass  @bci org/jetbrains/kotlin/com/intellij/psi/impl/source/tree/JavaElementType <clinit> ()V 1062 <appendix> argL0 ; # org/jetbrains/kotlin/com/intellij/psi/impl/source/tree/JavaElementType$$Lambda+0x0000000800635a30
instanceKlass  @bci org/jetbrains/kotlin/com/intellij/psi/impl/source/tree/JavaElementType <clinit> ()V 1043 <appendix> argL0 ; # org/jetbrains/kotlin/com/intellij/psi/impl/source/tree/JavaElementType$$Lambda+0x00000008006357e0
instanceKlass  @bci org/jetbrains/kotlin/com/intellij/psi/impl/source/tree/JavaElementType <clinit> ()V 1024 <appendix> argL0 ; # org/jetbrains/kotlin/com/intellij/psi/impl/source/tree/JavaElementType$$Lambda+0x0000000800635590
instanceKlass  @bci org/jetbrains/kotlin/com/intellij/psi/impl/source/tree/JavaElementType <clinit> ()V 1005 <appendix> argL0 ; # org/jetbrains/kotlin/com/intellij/psi/impl/source/tree/JavaElementType$$Lambda+0x0000000800635340
instanceKlass  @bci org/jetbrains/kotlin/com/intellij/psi/impl/source/tree/JavaElementType <clinit> ()V 986 <appendix> argL0 ; # org/jetbrains/kotlin/com/intellij/psi/impl/source/tree/JavaElementType$$Lambda+0x00000008006350f0
instanceKlass  @bci org/jetbrains/kotlin/com/intellij/psi/impl/source/tree/JavaElementType <clinit> ()V 967 <appendix> argL0 ; # org/jetbrains/kotlin/com/intellij/psi/impl/source/tree/JavaElementType$$Lambda+0x0000000800634ea0
instanceKlass  @bci org/jetbrains/kotlin/com/intellij/psi/impl/source/tree/JavaElementType <clinit> ()V 948 <appendix> argL0 ; # org/jetbrains/kotlin/com/intellij/psi/impl/source/tree/JavaElementType$$Lambda+0x0000000800634c50
instanceKlass  @bci org/jetbrains/kotlin/com/intellij/psi/impl/source/tree/JavaElementType <clinit> ()V 929 <appendix> argL0 ; # org/jetbrains/kotlin/com/intellij/psi/impl/source/tree/JavaElementType$$Lambda+0x0000000800634a00
instanceKlass  @bci org/jetbrains/kotlin/com/intellij/psi/impl/source/tree/JavaElementType <clinit> ()V 910 <appendix> argL0 ; # org/jetbrains/kotlin/com/intellij/psi/impl/source/tree/JavaElementType$$Lambda+0x00000008006347b0
instanceKlass  @bci org/jetbrains/kotlin/com/intellij/psi/impl/source/tree/JavaElementType <clinit> ()V 891 <appendix> argL0 ; # org/jetbrains/kotlin/com/intellij/psi/impl/source/tree/JavaElementType$$Lambda+0x0000000800634560
instanceKlass  @bci org/jetbrains/kotlin/com/intellij/psi/impl/source/tree/JavaElementType <clinit> ()V 872 <appendix> argL0 ; # org/jetbrains/kotlin/com/intellij/psi/impl/source/tree/JavaElementType$$Lambda+0x0000000800634310
instanceKlass  @bci org/jetbrains/kotlin/com/intellij/psi/impl/source/tree/JavaElementType <clinit> ()V 853 <appendix> argL0 ; # org/jetbrains/kotlin/com/intellij/psi/impl/source/tree/JavaElementType$$Lambda+0x00000008006340c0
instanceKlass  @bci org/jetbrains/kotlin/com/intellij/psi/impl/source/tree/JavaElementType <clinit> ()V 834 <appendix> argL0 ; # org/jetbrains/kotlin/com/intellij/psi/impl/source/tree/JavaElementType$$Lambda+0x0000000800633e70
instanceKlass  @bci org/jetbrains/kotlin/com/intellij/psi/impl/source/tree/JavaElementType <clinit> ()V 815 <appendix> argL0 ; # org/jetbrains/kotlin/com/intellij/psi/impl/source/tree/JavaElementType$$Lambda+0x0000000800633c20
instanceKlass  @bci org/jetbrains/kotlin/com/intellij/psi/impl/source/tree/JavaElementType <clinit> ()V 796 <appendix> argL0 ; # org/jetbrains/kotlin/com/intellij/psi/impl/source/tree/JavaElementType$$Lambda+0x00000008006339d0
instanceKlass  @bci org/jetbrains/kotlin/com/intellij/psi/impl/source/tree/JavaElementType <clinit> ()V 777 <appendix> argL0 ; # org/jetbrains/kotlin/com/intellij/psi/impl/source/tree/JavaElementType$$Lambda+0x0000000800633780
instanceKlass  @bci org/jetbrains/kotlin/com/intellij/psi/impl/source/tree/JavaElementType <clinit> ()V 758 <appendix> argL0 ; # org/jetbrains/kotlin/com/intellij/psi/impl/source/tree/JavaElementType$$Lambda+0x0000000800633530
instanceKlass  @bci org/jetbrains/kotlin/com/intellij/psi/impl/source/tree/JavaElementType <clinit> ()V 739 <appendix> argL0 ; # org/jetbrains/kotlin/com/intellij/psi/impl/source/tree/JavaElementType$$Lambda+0x00000008006332e0
instanceKlass  @bci org/jetbrains/kotlin/com/intellij/psi/impl/source/tree/JavaElementType <clinit> ()V 720 <appendix> argL0 ; # org/jetbrains/kotlin/com/intellij/psi/impl/source/tree/JavaElementType$$Lambda+0x0000000800633090
instanceKlass  @bci org/jetbrains/kotlin/com/intellij/psi/impl/source/tree/JavaElementType <clinit> ()V 700 <appendix> argL0 ; # org/jetbrains/kotlin/com/intellij/psi/impl/source/tree/JavaElementType$$Lambda+0x0000000800632e40
instanceKlass  @bci org/jetbrains/kotlin/com/intellij/psi/impl/source/tree/JavaElementType <clinit> ()V 680 <appendix> argL0 ; # org/jetbrains/kotlin/com/intellij/psi/impl/source/tree/JavaElementType$$Lambda+0x0000000800632bf0
instanceKlass  @bci org/jetbrains/kotlin/com/intellij/psi/impl/source/tree/JavaElementType <clinit> ()V 661 <appendix> argL0 ; # org/jetbrains/kotlin/com/intellij/psi/impl/source/tree/JavaElementType$$Lambda+0x00000008006329a0
instanceKlass  @bci org/jetbrains/kotlin/com/intellij/psi/impl/source/tree/JavaElementType <clinit> ()V 642 <appendix> argL0 ; # org/jetbrains/kotlin/com/intellij/psi/impl/source/tree/JavaElementType$$Lambda+0x0000000800632750
instanceKlass  @bci org/jetbrains/kotlin/com/intellij/psi/impl/source/tree/JavaElementType <clinit> ()V 623 <appendix> argL0 ; # org/jetbrains/kotlin/com/intellij/psi/impl/source/tree/JavaElementType$$Lambda+0x0000000800632500
instanceKlass  @bci org/jetbrains/kotlin/com/intellij/psi/impl/source/tree/JavaElementType <clinit> ()V 604 <appendix> argL0 ; # org/jetbrains/kotlin/com/intellij/psi/impl/source/tree/JavaElementType$$Lambda+0x00000008006322b0
instanceKlass  @bci org/jetbrains/kotlin/com/intellij/psi/impl/source/tree/JavaElementType <clinit> ()V 585 <appendix> argL0 ; # org/jetbrains/kotlin/com/intellij/psi/impl/source/tree/JavaElementType$$Lambda+0x0000000800632060
instanceKlass  @bci org/jetbrains/kotlin/com/intellij/psi/impl/source/tree/JavaElementType <clinit> ()V 566 <appendix> argL0 ; # org/jetbrains/kotlin/com/intellij/psi/impl/source/tree/JavaElementType$$Lambda+0x0000000800631e10
instanceKlass  @bci org/jetbrains/kotlin/com/intellij/psi/impl/source/tree/JavaElementType <clinit> ()V 547 <appendix> argL0 ; # org/jetbrains/kotlin/com/intellij/psi/impl/source/tree/JavaElementType$$Lambda+0x0000000800631bc0
instanceKlass  @bci org/jetbrains/kotlin/com/intellij/psi/impl/source/tree/JavaElementType <clinit> ()V 528 <appendix> argL0 ; # org/jetbrains/kotlin/com/intellij/psi/impl/source/tree/JavaElementType$$Lambda+0x0000000800631970
instanceKlass  @bci org/jetbrains/kotlin/com/intellij/psi/impl/source/tree/JavaElementType <clinit> ()V 509 <appendix> argL0 ; # org/jetbrains/kotlin/com/intellij/psi/impl/source/tree/JavaElementType$$Lambda+0x0000000800631720
instanceKlass  @bci org/jetbrains/kotlin/com/intellij/psi/impl/source/tree/JavaElementType <clinit> ()V 490 <appendix> argL0 ; # org/jetbrains/kotlin/com/intellij/psi/impl/source/tree/JavaElementType$$Lambda+0x00000008006314d0
instanceKlass  @bci org/jetbrains/kotlin/com/intellij/psi/impl/source/tree/JavaElementType <clinit> ()V 471 <appendix> argL0 ; # org/jetbrains/kotlin/com/intellij/psi/impl/source/tree/JavaElementType$$Lambda+0x0000000800631280
instanceKlass  @bci org/jetbrains/kotlin/com/intellij/psi/impl/source/tree/JavaElementType <clinit> ()V 452 <appendix> argL0 ; # org/jetbrains/kotlin/com/intellij/psi/impl/source/tree/JavaElementType$$Lambda+0x0000000800631030
instanceKlass  @bci org/jetbrains/kotlin/com/intellij/psi/impl/source/tree/JavaElementType <clinit> ()V 433 <appendix> argL0 ; # org/jetbrains/kotlin/com/intellij/psi/impl/source/tree/JavaElementType$$Lambda+0x0000000800630de0
instanceKlass  @bci org/jetbrains/kotlin/com/intellij/psi/impl/source/tree/JavaElementType <clinit> ()V 414 <appendix> argL0 ; # org/jetbrains/kotlin/com/intellij/psi/impl/source/tree/JavaElementType$$Lambda+0x0000000800630b90
instanceKlass  @bci org/jetbrains/kotlin/com/intellij/psi/impl/source/tree/JavaElementType <clinit> ()V 395 <appendix> argL0 ; # org/jetbrains/kotlin/com/intellij/psi/impl/source/tree/JavaElementType$$Lambda+0x0000000800630940
instanceKlass  @bci org/jetbrains/kotlin/com/intellij/psi/impl/source/tree/JavaElementType <clinit> ()V 376 <appendix> argL0 ; # org/jetbrains/kotlin/com/intellij/psi/impl/source/tree/JavaElementType$$Lambda+0x00000008006306f0
instanceKlass  @bci org/jetbrains/kotlin/com/intellij/psi/impl/source/tree/JavaElementType <clinit> ()V 357 <appendix> argL0 ; # org/jetbrains/kotlin/com/intellij/psi/impl/source/tree/JavaElementType$$Lambda+0x00000008006304a0
instanceKlass  @bci org/jetbrains/kotlin/com/intellij/psi/impl/source/tree/JavaElementType <clinit> ()V 338 <appendix> argL0 ; # org/jetbrains/kotlin/com/intellij/psi/impl/source/tree/JavaElementType$$Lambda+0x0000000800630250
instanceKlass  @bci org/jetbrains/kotlin/com/intellij/psi/impl/source/tree/JavaElementType <clinit> ()V 319 <appendix> argL0 ; # org/jetbrains/kotlin/com/intellij/psi/impl/source/tree/JavaElementType$$Lambda+0x0000000800630000
instanceKlass  @bci org/jetbrains/kotlin/com/intellij/psi/impl/source/tree/JavaElementType <clinit> ()V 300 <appendix> argL0 ; # org/jetbrains/kotlin/com/intellij/psi/impl/source/tree/JavaElementType$$Lambda+0x000000080062fd50
instanceKlass  @bci org/jetbrains/kotlin/com/intellij/psi/impl/source/tree/JavaElementType <clinit> ()V 280 <appendix> argL0 ; # org/jetbrains/kotlin/com/intellij/psi/impl/source/tree/JavaElementType$$Lambda+0x000000080062fb00
instanceKlass  @bci org/jetbrains/kotlin/com/intellij/psi/impl/source/tree/JavaElementType <clinit> ()V 261 <appendix> argL0 ; # org/jetbrains/kotlin/com/intellij/psi/impl/source/tree/JavaElementType$$Lambda+0x000000080062f8b0
instanceKlass  @bci org/jetbrains/kotlin/com/intellij/psi/impl/source/tree/JavaElementType <clinit> ()V 242 <appendix> argL0 ; # org/jetbrains/kotlin/com/intellij/psi/impl/source/tree/JavaElementType$$Lambda+0x000000080062f660
instanceKlass  @bci org/jetbrains/kotlin/com/intellij/psi/impl/source/tree/JavaElementType <clinit> ()V 223 <appendix> argL0 ; # org/jetbrains/kotlin/com/intellij/psi/impl/source/tree/JavaElementType$$Lambda+0x000000080062f410
instanceKlass org/jetbrains/kotlin/com/intellij/psi/impl/java/stubs/PsiImportStatementStub
instanceKlass org/jetbrains/kotlin/com/intellij/psi/PsiReferenceList
instanceKlass org/jetbrains/kotlin/com/intellij/psi/impl/java/stubs/PsiClassReferenceListStub
instanceKlass org/jetbrains/kotlin/com/intellij/psi/impl/java/stubs/PsiFieldStub
instanceKlass org/jetbrains/kotlin/com/intellij/psi/impl/java/stubs/PsiMethodStub
instanceKlass org/jetbrains/kotlin/com/intellij/psi/impl/java/stubs/PsiClassStub
instanceKlass org/jetbrains/kotlin/com/intellij/psi/PsiPackageAccessibilityStatement
instanceKlass org/jetbrains/kotlin/com/intellij/psi/impl/java/stubs/PsiPackageAccessibilityStatementStub
instanceKlass org/jetbrains/kotlin/com/intellij/psi/PsiRecordHeader
instanceKlass org/jetbrains/kotlin/com/intellij/psi/impl/java/stubs/PsiRecordHeaderStub
instanceKlass org/jetbrains/kotlin/com/intellij/psi/PsiRecordComponent
instanceKlass org/jetbrains/kotlin/com/intellij/psi/impl/java/stubs/PsiRecordComponentStub
instanceKlass org/jetbrains/kotlin/com/intellij/psi/impl/java/stubs/PsiMemberStub
instanceKlass org/jetbrains/kotlin/com/intellij/psi/PsiProvidesStatement
instanceKlass org/jetbrains/kotlin/com/intellij/psi/impl/java/stubs/PsiProvidesStatementStub
instanceKlass org/jetbrains/kotlin/com/intellij/psi/PsiUsesStatement
instanceKlass org/jetbrains/kotlin/com/intellij/psi/impl/java/stubs/PsiUsesStatementStub
instanceKlass org/jetbrains/kotlin/com/intellij/psi/PsiRequiresStatement
instanceKlass org/jetbrains/kotlin/com/intellij/psi/PsiStatement
instanceKlass org/jetbrains/kotlin/com/intellij/psi/impl/java/stubs/PsiRequiresStatementStub
instanceKlass org/jetbrains/kotlin/com/intellij/psi/PsiJavaModule
instanceKlass org/jetbrains/kotlin/com/intellij/psi/impl/java/stubs/PsiJavaModuleStub
instanceKlass org/jetbrains/kotlin/com/intellij/psi/PsiImportList
instanceKlass org/jetbrains/kotlin/com/intellij/psi/impl/java/stubs/PsiImportListStub
instanceKlass org/jetbrains/kotlin/com/intellij/psi/PsiClassInitializer
instanceKlass org/jetbrains/kotlin/com/intellij/psi/impl/java/stubs/PsiClassInitializerStub
instanceKlass org/jetbrains/kotlin/com/intellij/psi/PsiTypeParameterList
instanceKlass org/jetbrains/kotlin/com/intellij/psi/impl/java/stubs/PsiTypeParameterListStub
instanceKlass org/jetbrains/kotlin/com/intellij/psi/PsiTypeParameter
instanceKlass org/jetbrains/kotlin/com/intellij/psi/impl/java/stubs/PsiTypeParameterStub
instanceKlass org/jetbrains/kotlin/com/intellij/psi/impl/java/stubs/PsiParameterStub
instanceKlass org/jetbrains/kotlin/com/intellij/psi/PsiParameterList
instanceKlass org/jetbrains/kotlin/com/intellij/psi/impl/java/stubs/PsiParameterListStub
instanceKlass  @bci org/jetbrains/kotlin/com/intellij/psi/impl/java/stubs/MethodReferenceElementType <clinit> ()V 0 <appendix> argL0 ; # org/jetbrains/kotlin/com/intellij/psi/impl/java/stubs/MethodReferenceElementType$$Lambda+0x000000080062a990
instanceKlass org/jetbrains/kotlin/com/intellij/psi/PsiMethodReferenceExpression
instanceKlass org/jetbrains/kotlin/com/intellij/psi/PsiLambdaExpression
instanceKlass org/jetbrains/kotlin/com/intellij/psi/PsiFunctionalExpression
instanceKlass org/jetbrains/kotlin/com/intellij/psi/PsiLiteralExpression
instanceKlass org/jetbrains/kotlin/com/intellij/psi/PsiLiteral
instanceKlass org/jetbrains/kotlin/com/intellij/psi/PsiLiteralValue
instanceKlass org/jetbrains/kotlin/com/intellij/psi/PsiNameValuePair
instanceKlass org/jetbrains/kotlin/com/intellij/lang/jvm/annotation/JvmAnnotationAttribute
instanceKlass org/jetbrains/kotlin/com/intellij/psi/impl/java/stubs/PsiNameValuePairStub
instanceKlass org/jetbrains/kotlin/com/intellij/psi/PsiAnnotationParameterList
instanceKlass org/jetbrains/kotlin/com/intellij/psi/impl/java/stubs/PsiAnnotationParameterListStub
instanceKlass org/jetbrains/kotlin/com/intellij/psi/impl/java/stubs/PsiAnnotationStub
instanceKlass org/jetbrains/kotlin/com/intellij/psi/impl/java/stubs/PsiModifierListStub
instanceKlass org/jetbrains/kotlin/com/intellij/psi/impl/java/stubs/JavaStubElementTypes
instanceKlass org/jetbrains/kotlin/com/intellij/psi/tree/ILightLazyParseableElementType
instanceKlass org/jetbrains/kotlin/com/intellij/psi/impl/source/Constants
instanceKlass org/jetbrains/kotlin/com/intellij/psi/impl/source/PsiJavaFileBaseImpl$MyCacheBuilder
instanceKlass  @bci org/jetbrains/kotlin/com/intellij/psi/impl/source/PsiJavaFileBaseImpl <clinit> ()V 40 <appendix> argL0 ; # org/jetbrains/kotlin/com/intellij/psi/impl/source/PsiJavaFileBaseImpl$$Lambda+0x000000080061f450
instanceKlass org/jetbrains/kotlin/com/intellij/psi/scope/PsiScopeProcessor$Event
instanceKlass org/jetbrains/kotlin/com/intellij/psi/PsiJavaFile
# instanceKlass java/lang/invoke/LambdaForm$MH+0x0000000800618800
instanceKlass org/jetbrains/kotlin/load/java/structure/impl/classFiles/BinaryJavaTypeParameter
instanceKlass org/jetbrains/kotlin/load/java/structure/JavaTypeParameter
instanceKlass org/jetbrains/kotlin/load/java/structure/JavaArrayType
instanceKlass org/jetbrains/kotlin/descriptors/impl/AbstractTypeParameterDescriptor$2$1
instanceKlass org/jetbrains/kotlin/resolve/scopes/receivers/ClassValueReceiver
instanceKlass org/jetbrains/kotlin/utils/SmartList$SingletonIteratorBase
instanceKlass org/jetbrains/kotlin/resolve/calls/util/UnderscoreUtilKt
instanceKlass org/jetbrains/kotlin/types/StarProjectionImplKt
instanceKlass org/jetbrains/kotlin/resolve/descriptorUtil/DescriptorUtilsKt$WhenMappings
instanceKlass org/jetbrains/kotlin/resolve/scopes/receivers/ClassQualifier
instanceKlass org/jetbrains/kotlin/resolve/scopes/receivers/ClassifierQualifier
# instanceKlass java/lang/invoke/LambdaForm$MH+0x0000000800618400
# instanceKlass java/lang/invoke/LambdaForm$MH+0x0000000800618000
instanceKlass org/jetbrains/kotlin/types/TypeAliasExpansionReportStrategy$DO_NOTHING
instanceKlass org/jetbrains/kotlin/types/TypeAliasExpander$Companion
instanceKlass org/jetbrains/kotlin/types/TypeAliasExpander
instanceKlass org/jetbrains/kotlin/types/TypeAliasExpansion$Companion
instanceKlass org/jetbrains/kotlin/types/TypeAliasExpansion
instanceKlass org/jetbrains/kotlin/resolve/TypeResolver$TracingTypeAliasExpansionReportStrategy
instanceKlass org/jetbrains/kotlin/types/TypeAliasExpansionReportStrategy
instanceKlass org/jetbrains/kotlin/util/OneElementArrayMap$iterator$1
instanceKlass  @bci org/jetbrains/kotlin/resolve/DescriptorResolver resolveTypeAliasDescriptor (Lorg/jetbrains/kotlin/descriptors/DeclarationDescriptor;Lorg/jetbrains/kotlin/resolve/scopes/LexicalScope;Lorg/jetbrains/kotlin/psi/KtTypeAlias;Lorg/jetbrains/kotlin/resolve/BindingTrace;)Lorg/jetbrains/kotlin/descriptors/TypeAliasDescriptor; 454 <appendix> member <vmtarget> ; # org/jetbrains/kotlin/resolve/DescriptorResolver$$Lambda+0x0000000800612870
instanceKlass  @bci org/jetbrains/kotlin/resolve/DescriptorResolver resolveTypeAliasDescriptor (Lorg/jetbrains/kotlin/descriptors/DeclarationDescriptor;Lorg/jetbrains/kotlin/resolve/scopes/LexicalScope;Lorg/jetbrains/kotlin/psi/KtTypeAlias;Lorg/jetbrains/kotlin/resolve/BindingTrace;)Lorg/jetbrains/kotlin/descriptors/TypeAliasDescriptor; 416 <appendix> member <vmtarget> ; # org/jetbrains/kotlin/resolve/DescriptorResolver$$Lambda+0x0000000800612618
instanceKlass org/jetbrains/kotlin/resolve/source/PsiSourceElementKt
instanceKlass org/jetbrains/kotlin/descriptors/impl/AbstractTypeAliasDescriptor$typeConstructor$1
instanceKlass org/jetbrains/kotlin/resolve/lazy/descriptors/LazyTypeAliasDescriptor$Companion
instanceKlass org/jetbrains/kotlin/resolve/ResolutionAnchorProviderKt
instanceKlass org/jetbrains/kotlin/descriptors/FindClassInModuleKt
instanceKlass org/jetbrains/kotlin/load/java/structure/impl/classFiles/BinaryJavaClass$WhenMappings
instanceKlass org/jetbrains/kotlin/com/intellij/psi/impl/source/resolve/FileContextUtil
instanceKlass  @bci java/util/regex/Pattern union (Ljava/util/regex/Pattern$CharPredicate;Ljava/util/regex/Pattern$CharPredicate;Z)Ljava/util/regex/Pattern$CharPredicate; 14 <appendix> member <vmtarget> ; # java/util/regex/Pattern$$Lambda+0x000000080017ebf0
instanceKlass  @bci java/util/regex/CharPredicates category (I)Ljava/util/regex/Pattern$CharPredicate; 1 <appendix> member <vmtarget> ; # java/util/regex/CharPredicates$$Lambda+0x000000080017e960
instanceKlass org/jetbrains/kotlin/name/NameUtils
instanceKlass org/jetbrains/kotlin/load/kotlin/PackagePartClassUtils
instanceKlass org/jetbrains/kotlin/fileClasses/JvmSimpleFileClassInfo
instanceKlass org/jetbrains/kotlin/fileClasses/JvmFileClassInfo
instanceKlass org/jetbrains/kotlin/fileClasses/JvmFileClassUtil
instanceKlass org/jetbrains/kotlin/com/intellij/util/CachedValueLeakChecker
instanceKlass org/jetbrains/kotlin/com/intellij/psi/util/CachedValuesManager$1
instanceKlass  @bci org/jetbrains/kotlin/fileClasses/JvmFileClassUtilKt getFileClassInfo (Lorg/jetbrains/kotlin/psi/KtFile;)Lorg/jetbrains/kotlin/fileClasses/JvmFileClassInfo; 11 <appendix> member <vmtarget> ; # org/jetbrains/kotlin/fileClasses/JvmFileClassUtilKt$$Lambda+0x000000080060fb78
instanceKlass org/jetbrains/kotlin/fileClasses/JvmFileClassUtilKt
instanceKlass org/jetbrains/kotlin/descriptors/Visibilities
instanceKlass org/jetbrains/kotlin/utils/SmartSet$SingletonIterator
instanceKlass org/jetbrains/kotlin/load/java/descriptors/JavaCallableMemberDescriptor
instanceKlass org/jetbrains/kotlin/resolve/OverridingUtil$8
instanceKlass org/jetbrains/kotlin/load/java/lazy/descriptors/JavaDescriptorUtilKt
instanceKlass org/jetbrains/kotlin/resolve/OverridingUtil$OverrideCompatibilityInfo
instanceKlass org/jetbrains/kotlin/resolve/OverridingUtilTypeSystemContext
instanceKlass java/util/RegularEnumSet$EnumSetIterator
instanceKlass kotlin/sequences/DropWhileSequence$iterator$1
instanceKlass kotlin/sequences/DropWhileSequence
instanceKlass org/jetbrains/kotlin/psi/typeRefHelpers/TypeRefHelpersKt
instanceKlass org/jetbrains/kotlin/resolve/scopes/ScopeUtils
instanceKlass  @bci org/jetbrains/kotlin/resolve/DescriptorResolver resolveAsPropertyDescriptor (Lorg/jetbrains/kotlin/descriptors/DeclarationDescriptor;Lorg/jetbrains/kotlin/resolve/scopes/LexicalScope;Lorg/jetbrains/kotlin/resolve/scopes/LexicalScope;Lorg/jetbrains/kotlin/psi/KtVariableDeclaration;Lorg/jetbrains/kotlin/resolve/BindingTrace;Lorg/jetbrains/kotlin/resolve/calls/smartcasts/DataFlowInfo;Lorg/jetbrains/kotlin/resolve/calls/components/InferenceSession;Lorg/jetbrains/kotlin/resolve/VariableAsPropertyInfo;)Lorg/jetbrains/kotlin/descriptors/PropertyDescriptor; 714 <appendix> member <vmtarget> ; # org/jetbrains/kotlin/resolve/DescriptorResolver$$Lambda+0x00000008006097a8
instanceKlass  @cpi org/jetbrains/kotlin/resolve/DescriptorResolver 1485 form vmentry <vmtarget> ; # java/lang/invoke/LambdaForm$DMH+0x000000080060c000
instanceKlass org/jetbrains/kotlin/resolve/VariableAsPropertyInfo$Companion
instanceKlass org/jetbrains/kotlin/resolve/VariableAsPropertyInfo
instanceKlass org/jetbrains/kotlin/resolve/calls/components/InferenceSession$Companion$default$1
instanceKlass org/jetbrains/kotlin/resolve/calls/components/InferenceSession$Companion
instanceKlass org/jetbrains/kotlin/resolve/lazy/descriptors/ClassResolutionScopesSupportKt
instanceKlass org/jetbrains/kotlin/descriptors/annotations/TargetedAnnotations
instanceKlass org/jetbrains/kotlin/load/java/structure/JavaLiteralAnnotationArgument
instanceKlass org/jetbrains/kotlin/load/java/structure/impl/classFiles/PlainJavaAnnotationArgument
instanceKlass org/jetbrains/kotlin/load/java/structure/JavaEnumValueAnnotationArgument
instanceKlass org/jetbrains/kotlin/load/java/structure/JavaAnnotationArgument
instanceKlass org/jetbrains/kotlin/descriptors/annotations/AnnotationDescriptor$DefaultImpls
instanceKlass org/jetbrains/kotlin/resolve/lazy/descriptors/LazyAnnotationDescriptor$FileDescriptorForVisibilityChecks
instanceKlass org/jetbrains/kotlin/resolve/lazy/descriptors/LazyAnnotationDescriptor
instanceKlass org/jetbrains/kotlin/load/kotlin/KotlinJvmBinarySourceElement
instanceKlass javaslang/control/Option$Some
instanceKlass javaslang/control/Option
instanceKlass org/jetbrains/kotlin/util/javaslang/JavaslangAdaptersKt
instanceKlass org/jetbrains/kotlin/load/java/structure/impl/classFiles/ClassifierResolutionContext$InnerClassInfo
instanceKlass org/jetbrains/kotlin/descriptors/annotations/AnnotationsKt
instanceKlass org/jetbrains/kotlin/resolve/constants/IntegerLiteralTypeConstructor
instanceKlass org/jetbrains/kotlin/types/AbstractNullabilityChecker
instanceKlass org/jetbrains/kotlin/types/TypeWithEnhancementKt
instanceKlass org/jetbrains/kotlin/resolve/constants/IntegerValueTypeConstructor
instanceKlass org/jetbrains/kotlin/resolve/calls/inference/CapturedTypeConstructorImpl
instanceKlass org/jetbrains/kotlin/resolve/calls/inference/CapturedTypeConstructor
instanceKlass org/jetbrains/kotlin/types/AbstractTypeChecker
instanceKlass org/jetbrains/kotlin/types/checker/ClassicTypeCheckerStateKt
instanceKlass org/jetbrains/kotlin/types/TypeSubstitutionKt
instanceKlass org/jetbrains/kotlin/types/FlexibleTypesKt
instanceKlass org/jetbrains/kotlin/types/TypeWithEnhancement
instanceKlass org/jetbrains/kotlin/resolve/jvm/diagnostics/ErrorsJvm$1
instanceKlass org/jetbrains/kotlin/resolve/jvm/diagnostics/ErrorsJvm
instanceKlass org/jetbrains/kotlin/types/AbstractStrictEqualityTypeChecker
instanceKlass org/jetbrains/kotlin/types/checker/StrictEqualityTypeChecker
instanceKlass org/jetbrains/kotlin/resolve/calls/inference/CapturedTypeConstructorKt
instanceKlass org/jetbrains/kotlin/resolve/scopes/SubstitutingScope
instanceKlass org/jetbrains/kotlin/descriptors/impl/ModuleAwareClassDescriptorKt
instanceKlass org/jetbrains/kotlin/types/TypeProjectionBase
instanceKlass org/jetbrains/kotlin/resolve/TypeResolver$Companion$WhenMappings
instanceKlass org/jetbrains/kotlin/resolve/AnnotationTargetList
instanceKlass org/jetbrains/kotlin/resolve/AnnotationTargetLists$TargetListBuilder
instanceKlass org/jetbrains/kotlin/descriptors/annotations/KotlinTarget$Companion
instanceKlass org/jetbrains/kotlin/resolve/AnnotationTargetLists
instanceKlass org/jetbrains/kotlin/resolve/ModifierCheckerCore
instanceKlass org/jetbrains/kotlin/resolve/jvm/KotlinJavaPsiFacade$3
instanceKlass org/jetbrains/kotlin/resolve/OverridingStrategy
instanceKlass org/jetbrains/kotlin/resolve/DelegationResolver$Companion
instanceKlass org/jetbrains/kotlin/resolve/DelegationResolver
instanceKlass org/jetbrains/kotlin/resolve/lazy/descriptors/LazyClassMemberScope$generateDelegatingDescriptors$lazyMemberExtractor$1
instanceKlass org/jetbrains/kotlin/resolve/DelegationResolver$MemberExtractor
instanceKlass org/jetbrains/kotlin/resolve/lazy/descriptors/LazyClassMemberScope$generateDelegatingDescriptors$lazyTypeResolver$1
instanceKlass org/jetbrains/kotlin/resolve/DelegationResolver$TypeResolver
instanceKlass org/jetbrains/kotlin/load/java/structure/JavaLoadingKt
instanceKlass org/jetbrains/kotlin/load/java/lazy/descriptors/ClassDeclaredMemberIndex
instanceKlass org/jetbrains/kotlin/load/java/lazy/descriptors/DeclaredMemberIndex
instanceKlass org/jetbrains/kotlin/resolve/DescriptorFactory
instanceKlass org/jetbrains/kotlin/resolve/scopes/receivers/ImplicitClassReceiver
instanceKlass org/jetbrains/kotlin/resolve/scopes/receivers/ThisClassReceiver
instanceKlass org/jetbrains/kotlin/resolve/scopes/receivers/ImplicitReceiver
instanceKlass org/jetbrains/kotlin/util/Box
instanceKlass  @bci org/jetbrains/kotlin/types/DeferredType <clinit> ()V 0 <appendix> argL0 ; # org/jetbrains/kotlin/types/DeferredType$$Lambda+0x00000008005f5338
instanceKlass java/util/stream/Sink$ChainedInt
instanceKlass java/util/stream/Sink$OfInt
instanceKlass java/util/function/IntConsumer
instanceKlass java/util/stream/ReduceOps$Box
instanceKlass java/util/stream/ReduceOps$AccumulatingSink
instanceKlass java/util/stream/ReduceOps$ReduceOp
instanceKlass java/util/stream/ReduceOps
instanceKlass  @bci java/util/stream/Collectors toList ()Ljava/util/stream/Collector; 14 <appendix> argL0 ; # java/util/stream/Collectors$$Lambda+0x000000080017c740
instanceKlass  @bci java/util/stream/Collectors toList ()Ljava/util/stream/Collector; 9 <appendix> argL0 ; # java/util/stream/Collectors$$Lambda+0x000000080017c4e0
instanceKlass  @bci java/util/stream/Collectors toList ()Ljava/util/stream/Collector; 4 <appendix> argL0 ; # java/util/stream/Collectors$$Lambda+0x000000080017c290
instanceKlass  @bci org/jetbrains/kotlin/resolve/lazy/descriptors/LazyClassDescriptor lambda$new$9 (Lorg/jetbrains/kotlin/resolve/lazy/LazyClassContext;)Ljava/util/List; 42 <appendix> argL0 ; # org/jetbrains/kotlin/resolve/lazy/descriptors/LazyClassDescriptor$$Lambda+0x00000008005f4b88
instanceKlass  @bci org/jetbrains/kotlin/resolve/lazy/descriptors/LazyClassDescriptor lambda$new$9 (Lorg/jetbrains/kotlin/resolve/lazy/LazyClassContext;)Ljava/util/List; 32 <appendix> member <vmtarget> ; # org/jetbrains/kotlin/resolve/lazy/descriptors/LazyClassDescriptor$$Lambda+0x00000008005f4930
instanceKlass java/util/stream/IntStream
instanceKlass org/jetbrains/kotlin/resolve/scopes/LexicalScopeStorage$IntList
instanceKlass org/jetbrains/kotlin/resolve/scopes/utils/LexicalScopeWrapper
instanceKlass org/jetbrains/kotlin/types/expressions/ExpressionTypingUtils
instanceKlass org/jetbrains/kotlin/descriptors/impl/ValueParameterDescriptorImpl$Companion
instanceKlass org/jetbrains/kotlin/descriptors/annotations/AnnotationSplitter$LazySplitAnnotations
instanceKlass org/jetbrains/kotlin/descriptors/annotations/CompositeAnnotations
instanceKlass org/jetbrains/kotlin/descriptors/annotations/AnnotationSplitter$Companion
instanceKlass org/jetbrains/kotlin/descriptors/annotations/AnnotationSplitter
instanceKlass org/jetbrains/kotlin/resolve/scopes/LexicalWritableScope$Snapshot
instanceKlass org/jetbrains/kotlin/types/TypeConstructorSubstitution$Companion
instanceKlass org/jetbrains/kotlin/types/TypeSubstitution$Companion
instanceKlass org/jetbrains/kotlin/types/TypeSubstitution
instanceKlass org/jetbrains/kotlin/types/IntersectionTypeConstructor
instanceKlass org/jetbrains/kotlin/types/model/IntersectionTypeConstructorMarker
instanceKlass org/jetbrains/kotlin/types/CustomTypeParameter
instanceKlass org/jetbrains/kotlin/utils/SmartSet$Companion
instanceKlass org/jetbrains/kotlin/com/intellij/openapi/project/ProjectCoreUtil
instanceKlass org/jetbrains/kotlin/serialization/deserialization/descriptors/DeserializedMemberDescriptor
instanceKlass org/jetbrains/kotlin/serialization/deserialization/descriptors/DescriptorWithContainerSource
instanceKlass org/jetbrains/kotlin/load/kotlin/ModuleVisibilityUtilsKt
instanceKlass org/jetbrains/kotlin/resolve/scopes/MemberScope$DefaultImpls
instanceKlass org/jetbrains/kotlin/resolve/scopes/AbstractLocalRedeclarationChecker
instanceKlass org/jetbrains/kotlin/resolve/scopes/LexicalChainedScope$Companion
instanceKlass org/jetbrains/kotlin/resolve/scopes/LexicalChainedScope
instanceKlass org/jetbrains/kotlin/load/kotlin/SignatureBuildingComponents
instanceKlass org/jetbrains/kotlin/builtins/jvm/JvmBuiltInsSignatures
instanceKlass org/jetbrains/kotlin/metadata/deserialization/ProtoTypeTableUtilKt
instanceKlass org/jetbrains/kotlin/metadata/ProtoBuf$TypeAliasOrBuilder
instanceKlass org/jetbrains/kotlin/metadata/ProtoBuf$Effect$InvocationKind$1
instanceKlass org/jetbrains/kotlin/metadata/ProtoBuf$Expression$ConstantValue$1
instanceKlass org/jetbrains/kotlin/metadata/ProtoBuf$ExpressionOrBuilder
instanceKlass org/jetbrains/kotlin/metadata/ProtoBuf$Effect$EffectType$1
instanceKlass org/jetbrains/kotlin/metadata/ProtoBuf$EffectOrBuilder
instanceKlass org/jetbrains/kotlin/metadata/ProtoBuf$VersionRequirement$VersionKind$1
instanceKlass org/jetbrains/kotlin/metadata/ProtoBuf$VersionRequirement$Level$1
instanceKlass org/jetbrains/kotlin/metadata/ProtoBuf$VersionRequirementOrBuilder
instanceKlass org/jetbrains/kotlin/metadata/jvm/deserialization/JvmNameResolverBase$WhenMappings
instanceKlass org/jetbrains/kotlin/metadata/deserialization/ProtoBufUtilKt
instanceKlass org/jetbrains/kotlin/load/kotlin/JvmPackagePartSource
instanceKlass org/jetbrains/kotlin/serialization/deserialization/descriptors/DeserializedContainerSource
instanceKlass org/jetbrains/kotlin/load/kotlin/FacadeClassSource
instanceKlass org/jetbrains/kotlin/metadata/jvm/deserialization/JvmNameResolverKt
instanceKlass org/jetbrains/kotlin/metadata/jvm/JvmProtoBuf$StringTableTypes$Record$Operation$1
instanceKlass org/jetbrains/kotlin/metadata/jvm/JvmProtoBuf$StringTableTypes$RecordOrBuilder
instanceKlass org/jetbrains/kotlin/metadata/jvm/JvmProtoBuf$StringTableTypesOrBuilder
instanceKlass kotlin/collections/IndexedValue
instanceKlass org/jetbrains/kotlin/metadata/jvm/deserialization/JvmNameResolverBase$Companion
instanceKlass org/jetbrains/kotlin/metadata/jvm/deserialization/JvmNameResolverBase
instanceKlass org/jetbrains/kotlin/metadata/jvm/deserialization/UtfEncodingKt
instanceKlass org/jetbrains/kotlin/metadata/jvm/deserialization/BitEncoding
instanceKlass org/jetbrains/kotlin/load/kotlin/FileBasedKotlinClass$OuterAndInnerName
instanceKlass org/jetbrains/kotlin/load/kotlin/header/KotlinClassHeader
instanceKlass org/jetbrains/kotlin/load/kotlin/header/ReadKotlinClassHeaderAnnotationVisitor$CollectStringArrayAnnotationVisitor
instanceKlass org/jetbrains/kotlin/load/kotlin/KotlinJvmBinaryClass$AnnotationArrayArgumentVisitor
instanceKlass org/jetbrains/kotlin/load/kotlin/header/ReadKotlinClassHeaderAnnotationVisitor$KotlinMetadataArgumentVisitor
instanceKlass org/jetbrains/kotlin/load/kotlin/KotlinClassFinderKt
instanceKlass org/jetbrains/kotlin/descriptors/DescriptorUtilKt
instanceKlass org/jetbrains/kotlin/load/java/structure/impl/classFiles/BinaryJavaAnnotation$Companion
instanceKlass org/jetbrains/kotlin/load/java/structure/impl/classFiles/BinaryJavaAnnotation
instanceKlass org/jetbrains/kotlin/load/java/structure/JavaAnnotation
instanceKlass org/jetbrains/kotlin/load/java/structure/JavaWildcardType
instanceKlass org/jetbrains/org/objectweb/asm/FieldVisitor
instanceKlass org/jetbrains/kotlin/load/java/structure/impl/classFiles/BinaryJavaField
instanceKlass org/jetbrains/kotlin/load/java/typeEnhancement/JavaTypeEnhancement$Result
instanceKlass org/jetbrains/kotlin/load/java/typeEnhancement/JavaTypeEnhancement$SimpleResult
instanceKlass org/jetbrains/kotlin/load/java/typeEnhancement/TypeComponentPositionKt
instanceKlass org/jetbrains/kotlin/load/java/typeEnhancement/TypeEnhancementUtilsKt
instanceKlass org/jetbrains/kotlin/load/java/typeEnhancement/JavaTypeQualifiers$Companion
instanceKlass org/jetbrains/kotlin/load/java/typeEnhancement/JavaTypeQualifiers
instanceKlass org/jetbrains/kotlin/types/RawType
instanceKlass org/jetbrains/kotlin/types/checker/ClassicTypeSystemContext$DefaultImpls
instanceKlass kotlin/reflect/jvm/internal/impl/name/SpecialNames
instanceKlass kotlin/reflect/jvm/internal/impl/builtins/CompanionObjectMapping
instanceKlass kotlin/reflect/jvm/internal/impl/name/FqNamesUtilKt
instanceKlass kotlin/reflect/jvm/internal/impl/utils/CollectionsKt
instanceKlass kotlin/reflect/jvm/internal/impl/builtins/PrimitiveType$Companion
instanceKlass kotlin/reflect/jvm/internal/impl/builtins/StandardNames$FqNames
instanceKlass kotlin/reflect/jvm/internal/impl/builtins/jvm/JavaToKotlinClassMap$PlatformMutabilityMapping
instanceKlass kotlin/reflect/jvm/internal/impl/builtins/functions/FunctionClassKind$Companion
instanceKlass kotlin/reflect/jvm/internal/impl/builtins/StandardNames
instanceKlass kotlin/reflect/jvm/internal/impl/builtins/jvm/JavaToKotlinClassMap
instanceKlass kotlin/jvm/functions/Function22
instanceKlass kotlin/jvm/functions/Function21
instanceKlass kotlin/jvm/functions/Function20
instanceKlass kotlin/jvm/functions/Function19
instanceKlass kotlin/jvm/functions/Function18
instanceKlass kotlin/jvm/functions/Function17
instanceKlass kotlin/jvm/functions/Function16
instanceKlass kotlin/jvm/functions/Function15
instanceKlass kotlin/jvm/functions/Function14
instanceKlass kotlin/jvm/functions/Function13
instanceKlass kotlin/jvm/functions/Function12
instanceKlass kotlin/jvm/functions/Function11
instanceKlass kotlin/jvm/functions/Function10
instanceKlass kotlin/jvm/functions/Function9
instanceKlass kotlin/jvm/functions/Function8
instanceKlass kotlin/jvm/functions/Function7
instanceKlass kotlin/jvm/functions/Function6
instanceKlass kotlin/jvm/functions/Function5
instanceKlass kotlin/reflect/jvm/internal/impl/descriptors/runtime/structure/ReflectClassUtilKt
instanceKlass kotlin/reflect/jvm/internal/impl/name/ClassId
instanceKlass kotlin/reflect/jvm/internal/impl/name/FqNameUnsafe$1
instanceKlass kotlin/reflect/jvm/internal/impl/name/Name
instanceKlass kotlin/reflect/jvm/internal/impl/name/FqNameUnsafe
instanceKlass kotlin/reflect/jvm/internal/impl/name/FqName
instanceKlass kotlin/reflect/jvm/internal/RuntimeTypeMapper
instanceKlass kotlin/reflect/jvm/internal/KDeclarationContainerImpl$Data
instanceKlass org/jetbrains/kotlin/util/AbstractArrayMapOwner$AbstractArrayMapAccessor
instanceKlass org/jetbrains/kotlin/types/TypeAttribute
instanceKlass org/jetbrains/kotlin/types/AnnotationsTypeAttributeKt
instanceKlass  @bci org/jetbrains/kotlin/com/intellij/util/IdempotenceChecker <clinit> ()V 51 <appendix> argL0 ; # org/jetbrains/kotlin/com/intellij/util/IdempotenceChecker$$Lambda+0x00000008005d1050
instanceKlass  @bci org/jetbrains/kotlin/com/intellij/util/IdempotenceChecker <clinit> ()V 21 <appendix> argL0 ; # org/jetbrains/kotlin/com/intellij/util/IdempotenceChecker$$Lambda+0x00000008005d0e00
instanceKlass org/jetbrains/kotlin/com/intellij/util/IdempotenceChecker
instanceKlass org/jetbrains/kotlin/load/java/structure/impl/JavaElementCollectionFromPsiArrayUtil
instanceKlass  @bci org/jetbrains/kotlin/com/intellij/psi/PsiClass <clinit> ()V 7 <appendix> argL0 ; # org/jetbrains/kotlin/com/intellij/psi/PsiClass$$Lambda+0x00000008005cfcd0
instanceKlass org/jetbrains/kotlin/com/intellij/lang/jvm/JvmTypeParameter
instanceKlass org/jetbrains/kotlin/name/FqNamesUtilKt$WhenMappings
instanceKlass  @bci org/jetbrains/kotlin/com/intellij/psi/impl/file/PsiPackageImpl getAllDirectories (Lorg/jetbrains/kotlin/com/intellij/psi/search/GlobalSearchScope;)Ljava/util/Collection; 86 <appendix> member <vmtarget> ; # org/jetbrains/kotlin/com/intellij/psi/impl/file/PsiPackageImpl$$Lambda+0x00000008005cd340
instanceKlass org/jetbrains/kotlin/com/intellij/openapi/roots/ProjectRootModificationTracker
instanceKlass  @bci org/jetbrains/kotlin/com/intellij/psi/impl/PsiCachedValue normalizeDependencies (Lorg/jetbrains/kotlin/com/intellij/psi/util/CachedValueProvider$Result;)[Ljava/lang/Object; 129 <appendix> member <vmtarget> ; # org/jetbrains/kotlin/com/intellij/psi/impl/PsiCachedValue$$Lambda+0x00000008005cce90
instanceKlass  @bci org/jetbrains/kotlin/com/intellij/psi/impl/PsiCachedValue normalizeDependencies (Lorg/jetbrains/kotlin/com/intellij/psi/util/CachedValueProvider$Result;)[Ljava/lang/Object; 15 <appendix> argL0 ; # org/jetbrains/kotlin/com/intellij/psi/impl/PsiCachedValue$$Lambda+0x00000008005ccc40
instanceKlass org/jetbrains/kotlin/com/intellij/openapi/application/BaseActionRunnable
instanceKlass  @bci org/jetbrains/kotlin/com/intellij/openapi/application/ReadActionProcessor process (Ljava/lang/Object;)Z 2 <appendix> member <vmtarget> ; # org/jetbrains/kotlin/com/intellij/openapi/application/ReadActionProcessor$$Lambda+0x00000008005cbef0
instanceKlass org/jetbrains/kotlin/com/intellij/openapi/application/ReadActionProcessor
instanceKlass org/jetbrains/kotlin/com/intellij/util/CollectionQuery
instanceKlass org/jetbrains/kotlin/com/intellij/util/CommonProcessors$CollectProcessor
instanceKlass org/jetbrains/kotlin/com/intellij/util/Processors
instanceKlass  @bci org/jetbrains/kotlin/com/intellij/psi/impl/file/PsiPackageImpl createCachedDirectories (Z)Lorg/jetbrains/kotlin/com/intellij/psi/util/CachedValue; 9 <appendix> member <vmtarget> ; # org/jetbrains/kotlin/com/intellij/psi/impl/file/PsiPackageImpl$$Lambda+0x00000008005cadd8
instanceKlass org/jetbrains/kotlin/com/intellij/psi/util/CachedValueProfiler$Overhead
instanceKlass  @bci org/jetbrains/kotlin/com/intellij/psi/util/CachedValueProfiler <clinit> ()V 20 <appendix> argL0 ; # org/jetbrains/kotlin/com/intellij/psi/util/CachedValueProfiler$$Lambda+0x00000008005ca940
instanceKlass org/jetbrains/kotlin/com/intellij/psi/util/CachedValueProfiler$ThreadContext
instanceKlass org/jetbrains/kotlin/com/intellij/psi/util/CachedValueProfiler$GlobalContext
instanceKlass org/jetbrains/kotlin/com/intellij/psi/util/CachedValueProfiler$EventPlace
instanceKlass org/jetbrains/kotlin/com/intellij/psi/util/CachedValueProfiler
instanceKlass  @bci org/jetbrains/kotlin/com/intellij/util/CachedValueBase lambda$getValueWithLock$4 (Ljava/lang/Object;)Lorg/jetbrains/kotlin/com/intellij/util/CachedValueBase$Data; 3 <appendix> member <vmtarget> ; # org/jetbrains/kotlin/com/intellij/util/CachedValueBase$$Lambda+0x00000008005c9dd8
instanceKlass org/jetbrains/kotlin/com/intellij/openapi/util/RecursionManager$StackFrame
instanceKlass org/jetbrains/kotlin/com/intellij/openapi/util/RecursionManager$MyKey
instanceKlass  @bci org/jetbrains/kotlin/com/intellij/openapi/util/RecursionGuard doPreventingRecursion (Ljava/lang/Object;ZLorg/jetbrains/kotlin/com/intellij/openapi/util/Computable;)Ljava/lang/Object; 25 <appendix> member <vmtarget> ; # org/jetbrains/kotlin/com/intellij/openapi/util/RecursionGuard$$Lambda+0x00000008005c96f8
instanceKlass  @bci org/jetbrains/kotlin/com/intellij/util/CachedValueBase getValueWithLock (Ljava/lang/Object;)Ljava/lang/Object; 41 <appendix> member <vmtarget> ; # org/jetbrains/kotlin/com/intellij/util/CachedValueBase$$Lambda+0x00000008005c9478
instanceKlass org/jetbrains/kotlin/com/intellij/util/CachedValueBase$Data
instanceKlass org/jetbrains/kotlin/com/intellij/psi/impl/file/PsiPackageImpl$PackageAnnotationValueProvider
instanceKlass org/jetbrains/kotlin/load/java/typeEnhancement/AbstractSignatureParts$TypeAndDefaultQualifiers
instanceKlass org/jetbrains/kotlin/load/java/typeEnhancement/AbstractSignatureParts
instanceKlass kotlin/collections/IndexingIterator
instanceKlass kotlin/collections/IndexingIterable
instanceKlass org/jetbrains/kotlin/types/TypeAttributeTranslator$DefaultImpls
instanceKlass org/jetbrains/kotlin/types/TypeAttributesKt
instanceKlass org/jetbrains/kotlin/load/java/structure/impl/classFiles/ClassifierResolutionContext$Result
instanceKlass org/jetbrains/kotlin/types/ErasureTypeAttributes
instanceKlass org/jetbrains/kotlin/load/java/lazy/types/JavaTypeAttributesKt
instanceKlass org/jetbrains/kotlin/load/java/FakePureImplementationsProvider
instanceKlass org/jetbrains/kotlin/load/java/components/JavaAnnotationMapper
instanceKlass java/lang/Override
instanceKlass org/jetbrains/kotlin/resolve/jvm/JvmClassName
instanceKlass org/jetbrains/kotlin/load/java/JvmAnnotationNames
instanceKlass org/jetbrains/kotlin/utils/DFS
instanceKlass org/jetbrains/kotlin/utils/DFS$AbstractNodeHandler
instanceKlass org/jetbrains/kotlin/utils/DFS$NodeHandler
instanceKlass org/jetbrains/kotlin/utils/DFS$VisitedWithSet
instanceKlass org/jetbrains/kotlin/utils/DFS$Visited
instanceKlass org/jetbrains/kotlin/resolve/FindLoopsInSupertypes
instanceKlass  @bci org/jetbrains/kotlin/resolve/SupertypeLoopCheckerImpl findLoopsInSupertypesAndDisconnect (Lorg/jetbrains/kotlin/types/TypeConstructor;Ljava/util/Collection;Lkotlin/jvm/functions/Function1;Lkotlin/jvm/functions/Function1;)Ljava/util/Collection; 26 <appendix> member <vmtarget> ; # org/jetbrains/kotlin/resolve/SupertypeLoopCheckerImpl$$Lambda+0x00000008005c4818
instanceKlass org/jetbrains/kotlin/utils/DFS$Neighbors
instanceKlass org/jetbrains/kotlin/storage/SingleThreadValue
instanceKlass org/jetbrains/kotlin/descriptors/annotations/Annotations$DefaultImpls
instanceKlass org/jetbrains/kotlin/resolve/jvm/annotations/JvmAnnotationUtilKt
instanceKlass org/jetbrains/kotlin/types/SpecialTypesKt
instanceKlass org/jetbrains/kotlin/types/KotlinTypeKt
instanceKlass org/jetbrains/kotlin/types/DynamicTypesKt
instanceKlass org/jetbrains/kotlin/types/typeUtil/TypeUtilsKt
instanceKlass org/jetbrains/kotlin/util/EmptyArrayMap$iterator$1
instanceKlass java/util/ArrayList$SubList$1
instanceKlass org/jetbrains/kotlin/resolve/checkers/TrailingCommaChecker
instanceKlass org/jetbrains/kotlin/builtins/CompanionObjectMapping
instanceKlass org/jetbrains/kotlin/builtins/jvm/JavaToKotlinClassMap$PlatformMutabilityMapping
instanceKlass org/jetbrains/kotlin/name/StandardClassIdsKt
instanceKlass org/jetbrains/kotlin/name/StandardClassIds
instanceKlass org/jetbrains/kotlin/builtins/jvm/JavaToKotlinClassMap
instanceKlass org/jetbrains/kotlin/resolve/PlatformClassesMappedToKotlinChecker
instanceKlass org/jetbrains/kotlin/descriptors/impl/TypeAliasConstructorDescriptor
instanceKlass org/jetbrains/kotlin/descriptors/impl/DescriptorDerivedFromTypeAlias
instanceKlass org/jetbrains/kotlin/descriptors/DescriptorVisibilityUtils
instanceKlass org/jetbrains/kotlin/load/java/JavaDescriptorVisibilities
instanceKlass org/jetbrains/kotlin/load/java/UtilsKt
instanceKlass org/jetbrains/kotlin/resolve/QualifiedExpressionResolverKt
instanceKlass org/jetbrains/kotlin/descriptors/DescriptorWithDeprecation$Companion
instanceKlass org/jetbrains/kotlin/descriptors/DescriptorWithDeprecation
instanceKlass org/jetbrains/kotlin/load/java/structure/impl/JavaModifierListOwnerImpl
instanceKlass org/jetbrains/kotlin/load/java/structure/impl/JavaAnnotationOwnerImpl
instanceKlass org/jetbrains/kotlin/load/java/lazy/LazyJavaTypeParameterResolver
instanceKlass org/jetbrains/kotlin/load/java/components/JavaSourceElementImpl
instanceKlass org/jetbrains/kotlin/load/java/lazy/descriptors/LazyJavaClassDescriptor$Companion
instanceKlass org/jetbrains/kotlin/load/java/structure/impl/classFiles/BinaryJavaValueParameter
instanceKlass org/jetbrains/kotlin/load/java/structure/JavaValueParameter
instanceKlass org/jetbrains/kotlin/utils/addToStdlib/AddToStdlibKt
instanceKlass org/jetbrains/org/objectweb/asm/MethodVisitor
instanceKlass org/jetbrains/kotlin/load/java/structure/JavaConstructor
instanceKlass org/jetbrains/kotlin/load/java/structure/impl/classFiles/BinaryJavaMethodBase$Companion$MethodInfo
instanceKlass org/jetbrains/kotlin/load/java/structure/JavaPrimitiveType
instanceKlass java/text/StringCharacterIterator
instanceKlass java/text/CharacterIterator
instanceKlass org/jetbrains/org/objectweb/asm/Type
instanceKlass org/jetbrains/kotlin/load/java/structure/impl/classFiles/BinaryJavaMethodBase$Companion
instanceKlass org/jetbrains/kotlin/load/java/structure/impl/classFiles/BinaryJavaMethodBase
instanceKlass org/jetbrains/kotlin/load/java/structure/impl/classFiles/CommonMixinsKt
instanceKlass org/jetbrains/kotlin/load/java/structure/impl/classFiles/JavaPlainType
instanceKlass org/jetbrains/kotlin/load/java/structure/JavaClassifierType
instanceKlass org/jetbrains/kotlin/load/java/structure/JavaType
instanceKlass org/jetbrains/kotlin/load/java/structure/ListBasedJavaAnnotationOwner
instanceKlass org/jetbrains/kotlin/load/java/structure/impl/classFiles/BinaryJavaModifierListOwner
instanceKlass org/jetbrains/kotlin/load/java/structure/impl/VirtualFileBoundJavaClass
instanceKlass org/jetbrains/kotlin/load/java/structure/MutableJavaAnnotationOwner
instanceKlass org/jetbrains/kotlin/load/java/structure/impl/classFiles/ClassifierResolutionContext
instanceKlass org/jetbrains/org/objectweb/asm/Context
instanceKlass org/jetbrains/org/objectweb/asm/Attribute
instanceKlass org/jetbrains/org/objectweb/asm/Label
instanceKlass org/jetbrains/org/objectweb/asm/ClassReader
instanceKlass org/jetbrains/kotlin/load/kotlin/FileBasedKotlinClass$InnerClassesInfo
instanceKlass org/jetbrains/kotlin/load/kotlin/KotlinJvmBinaryClass$AnnotationArgumentVisitor
instanceKlass org/jetbrains/kotlin/load/kotlin/header/ReadKotlinClassHeaderAnnotationVisitor
instanceKlass org/jetbrains/kotlin/load/kotlin/KotlinJvmBinaryClass$AnnotationVisitor
instanceKlass kotlin/jvm/functions/Function4
instanceKlass org/jetbrains/kotlin/load/kotlin/VirtualFileKotlinClass$Factory
instanceKlass org/jetbrains/org/objectweb/asm/AnnotationVisitor
instanceKlass org/jetbrains/org/objectweb/asm/ClassVisitor
instanceKlass org/jetbrains/kotlin/load/kotlin/FileBasedKotlinClass
instanceKlass  @bci org/jetbrains/kotlin/load/kotlin/KotlinBinaryClassCache$Companion getKotlinBinaryClassOrClassFileContent (Lorg/jetbrains/kotlin/com/intellij/openapi/vfs/VirtualFile;Lorg/jetbrains/kotlin/metadata/jvm/deserialization/JvmMetadataVersion;[B)Lorg/jetbrains/kotlin/load/kotlin/KotlinClassFinder$Result; 124 <appendix> member <vmtarget> ; # org/jetbrains/kotlin/load/kotlin/KotlinBinaryClassCache$Companion$$Lambda+0x00000008005b1000
instanceKlass org/jetbrains/kotlin/com/intellij/openapi/util/Computable
instanceKlass org/jetbrains/kotlin/load/kotlin/KotlinBinaryClassCache$RequestCache
instanceKlass org/jetbrains/kotlin/cli/jvm/compiler/KotlinCliJavaFileManagerImpl$WhenMappings
instanceKlass org/jetbrains/kotlin/load/java/lazy/descriptors/LazyJavaPackageScope$KotlinClassLookupResult
instanceKlass org/jetbrains/kotlin/load/java/lazy/descriptors/LazyJavaPackageScope$FindClassRequest
instanceKlass java/lang/foreign/MemorySegment
instanceKlass  @bci org/jetbrains/kotlin/com/intellij/psi/impl/source/tree/JavaDocElementType$3 <init> (Ljava/lang/String;Lorg/jetbrains/kotlin/com/intellij/lang/Language;)V 7 <appendix> argL0 ; # org/jetbrains/kotlin/com/intellij/psi/impl/source/tree/JavaDocElementType$3$$Lambda+0x00000008005aef40
instanceKlass  @bci org/jetbrains/kotlin/com/intellij/psi/impl/source/tree/JavaDocElementType$2 <init> (Ljava/lang/String;)V 7 <appendix> argL0 ; # org/jetbrains/kotlin/com/intellij/psi/impl/source/tree/JavaDocElementType$2$$Lambda+0x00000008005aecf0
instanceKlass  @bci org/jetbrains/kotlin/com/intellij/psi/impl/source/tree/JavaDocElementType$1 <init> (Ljava/lang/String;)V 7 <appendix> argL0 ; # org/jetbrains/kotlin/com/intellij/psi/impl/source/tree/JavaDocElementType$1$$Lambda+0x00000008005aeaa0
instanceKlass  @bci org/jetbrains/kotlin/com/intellij/psi/impl/source/tree/JavaDocElementType <clinit> ()V 60 <appendix> argL0 ; # org/jetbrains/kotlin/com/intellij/psi/impl/source/tree/JavaDocElementType$$Lambda+0x00000008005ae850
instanceKlass  @bci org/jetbrains/kotlin/com/intellij/psi/impl/source/tree/JavaDocElementType <clinit> ()V 42 <appendix> argL0 ; # org/jetbrains/kotlin/com/intellij/psi/impl/source/tree/JavaDocElementType$$Lambda+0x00000008005ae600
instanceKlass  @bci org/jetbrains/kotlin/com/intellij/psi/impl/source/tree/JavaDocElementType <clinit> ()V 24 <appendix> argL0 ; # org/jetbrains/kotlin/com/intellij/psi/impl/source/tree/JavaDocElementType$$Lambda+0x00000008005ae3b0
instanceKlass  @bci org/jetbrains/kotlin/com/intellij/psi/impl/source/tree/JavaDocElementType <clinit> ()V 6 <appendix> argL0 ; # org/jetbrains/kotlin/com/intellij/psi/impl/source/tree/JavaDocElementType$$Lambda+0x00000008005ae160
instanceKlass org/jetbrains/kotlin/com/intellij/lang/java/lexer/_JavaLexer
instanceKlass org/jetbrains/kotlin/com/intellij/psi/impl/source/tree/ElementType
instanceKlass org/jetbrains/kotlin/com/intellij/psi/impl/source/tree/JavaElementType
instanceKlass org/jetbrains/kotlin/com/intellij/psi/impl/source/tree/JavaDocElementType
instanceKlass org/jetbrains/kotlin/com/intellij/psi/JavaTokenType
instanceKlass org/jetbrains/kotlin/com/intellij/psi/JavaDocTokenType
instanceKlass org/jetbrains/kotlin/cli/jvm/index/SingleJavaFileRootsIndex$JavaSourceClassIdReader$Companion
instanceKlass org/jetbrains/kotlin/cli/jvm/index/SingleJavaFileRootsIndex$JavaSourceClassIdReader
instanceKlass gnu/trove/TObjectProcedure
instanceKlass org/jetbrains/kotlin/resolve/jvm/multiplatform/OptionalAnnotationClassDataFinder
instanceKlass org/jetbrains/kotlin/cli/jvm/index/JvmDependenciesIndexImpl$SearchResult
instanceKlass org/jetbrains/kotlin/load/java/lazy/LazyJavaAnnotations
instanceKlass org/jetbrains/kotlin/load/java/lazy/LazyJavaAnnotationsKt
instanceKlass org/jetbrains/kotlin/load/java/lazy/descriptors/JvmPackageScope
instanceKlass kotlin/UnsafeLazyImpl
instanceKlass org/jetbrains/kotlin/load/java/lazy/ContextKt
instanceKlass org/jetbrains/kotlin/utils/CallOnceFunction
instanceKlass org/jetbrains/kotlin/load/java/structure/JavaElementsKt
instanceKlass org/jetbrains/kotlin/load/java/structure/impl/source/JavaElementPsiSource
instanceKlass org/jetbrains/kotlin/load/java/structure/impl/JavaElementImpl
instanceKlass org/jetbrains/kotlin/load/java/structure/impl/source/JavaSourceFactoryOwner
instanceKlass org/jetbrains/kotlin/load/java/structure/MapBasedJavaAnnotationOwner
instanceKlass org/jetbrains/kotlin/load/java/structure/impl/source/JavaElementSourceFactory$Companion
instanceKlass org/jetbrains/kotlin/cli/jvm/index/JvmDependenciesIndexImpl$FindClassRequest
instanceKlass gnu/trove/PrimeFinder
instanceKlass org/jetbrains/kotlin/cli/jvm/index/JvmDependenciesIndexImpl$WhenMappings
instanceKlass org/jetbrains/kotlin/com/intellij/util/containers/IntArrayList
instanceKlass org/jetbrains/kotlin/cli/jvm/index/JvmDependenciesIndexImpl$Cache
instanceKlass org/jetbrains/kotlin/cli/jvm/index/JvmDependenciesIndexImpl$TraverseRequest
instanceKlass org/jetbrains/kotlin/cli/jvm/index/JvmDependenciesIndexImpl$SearchRequest
instanceKlass org/jetbrains/kotlin/cli/jvm/compiler/KotlinCliJavaFileManagerImplKt
instanceKlass kotlin/jvm/internal/Ref$BooleanRef
instanceKlass  @bci org/jetbrains/kotlin/resolve/jvm/KotlinJavaPsiFacade calcFinders ()[Lorg/jetbrains/kotlin/resolve/jvm/KotlinJavaPsiFacade$KotlinPsiElementFinderWrapper; 149 <appendix> argL0 ; # org/jetbrains/kotlin/resolve/jvm/KotlinJavaPsiFacade$$Lambda+0x000000080059ea18
instanceKlass org/jetbrains/kotlin/resolve/jvm/KotlinSafeClassFinder
instanceKlass org/jetbrains/kotlin/com/intellij/util/containers/ImmutableList$Itr
instanceKlass org/jetbrains/kotlin/resolve/jvm/KotlinJavaPsiFacade$CliFinder
instanceKlass  @bci org/jetbrains/kotlin/com/intellij/psi/search/GlobalSearchScope$AbstractFilesScope hasFilesOutOfProjectRoots ()Z 33 <appendix> member <vmtarget> ; # org/jetbrains/kotlin/com/intellij/psi/search/GlobalSearchScope$AbstractFilesScope$$Lambda+0x000000080059d6c8
instanceKlass  @bci org/jetbrains/kotlin/com/intellij/psi/search/GlobalSearchScope$UnionScope isSearchInLibraries ()Z 4 <appendix> argL0 ; # org/jetbrains/kotlin/com/intellij/psi/search/GlobalSearchScope$UnionScope$$Lambda+0x000000080059d478
instanceKlass org/jetbrains/kotlin/com/intellij/openapi/vfs/CompactVirtualFileSet$2
instanceKlass org/jetbrains/kotlin/com/intellij/util/containers/SequenceIterator
instanceKlass org/jetbrains/kotlin/resolve/jvm/KotlinJavaPsiFacade$PackageCache
instanceKlass kotlin/collections/ReversedList$listIterator$1
instanceKlass kotlin/jvm/internal/markers/KMutableListIterator
instanceKlass java/util/AbstractList$SubList$1
instanceKlass org/jetbrains/kotlin/resolve/PackageFragmentWithCustomSource
instanceKlass kotlin/jvm/internal/markers/KMutableList
instanceKlass org/jetbrains/kotlin/com/google/common/collect/PeekingIterator
instanceKlass org/jetbrains/kotlin/com/google/common/collect/Iterators
instanceKlass org/jetbrains/kotlin/com/google/common/collect/ObjectArrays
instanceKlass org/jetbrains/kotlin/com/google/common/collect/ImmutableMultimap$Builder
instanceKlass org/jetbrains/kotlin/resolve/scopes/ImportingScope$DefaultImpls
instanceKlass org/jetbrains/kotlin/resolve/lazy/FileScopeFactory$currentPackageScope$1
instanceKlass org/jetbrains/kotlin/resolve/lazy/LazyImportScope
instanceKlass org/jetbrains/kotlin/resolve/DelegatingBindingTrace$MyBindingContext
instanceKlass org/jetbrains/kotlin/resolve/AnalyzingUtils
instanceKlass org/jetbrains/kotlin/resolve/extensions/ExtraImportsProviderExtension$Companion$CompoundExtraImportsProviderExtension
instanceKlass org/jetbrains/kotlin/resolve/scopes/ResolutionScope$DefaultImpls
instanceKlass org/jetbrains/kotlin/resolve/scopes/HierarchicalScope$DefaultImpls
instanceKlass org/jetbrains/kotlin/resolve/scopes/LexicalScope$DefaultImpls
instanceKlass  @bci org/jetbrains/kotlin/psi/KtTypeElement <clinit> ()V 7 <appendix> argL0 ; # org/jetbrains/kotlin/psi/KtTypeElement$$Lambda+0x0000000800590000
instanceKlass org/jetbrains/kotlin/psi/KtCodeFragmentBase
instanceKlass org/jetbrains/kotlin/com/intellij/psi/JavaCodeFragment
instanceKlass org/jetbrains/kotlin/com/intellij/psi/PsiCodeFragment
instanceKlass org/jetbrains/kotlin/psi/codeFragmentUtil/CodeFragmentUtilKt
instanceKlass  @bci org/jetbrains/kotlin/psi/KtSuperTypeListEntry <clinit> ()V 7 <appendix> argL0 ; # org/jetbrains/kotlin/psi/KtSuperTypeListEntry$$Lambda+0x000000080058cbd8
instanceKlass org/jetbrains/kotlin/com/google/common/collect/Lists
instanceKlass org/jetbrains/kotlin/resolve/scopes/LexicalScopeImpl$InitializeHandler
instanceKlass org/jetbrains/kotlin/resolve/scopes/LocalRedeclarationChecker$DO_NOTHING
instanceKlass org/jetbrains/kotlin/resolve/scopes/utils/ScopeUtilsKt
instanceKlass org/jetbrains/kotlin/resolve/bindingContextUtil/BindingContextUtilsKt
instanceKlass org/jetbrains/kotlin/resolve/lazy/FileScopeFactory$FilesScopesBuilder$importResolver$1
instanceKlass org/jetbrains/kotlin/resolve/scopes/BaseHierarchicalScope
instanceKlass org/jetbrains/kotlin/resolve/lazy/FileScopeFactory$FilesScopesBuilder$lazyImportingScope$1
instanceKlass org/jetbrains/kotlin/resolve/lazy/FileScopeFactoryKt
instanceKlass org/jetbrains/kotlin/resolve/lazy/LazyImportResolver
instanceKlass org/jetbrains/kotlin/resolve/lazy/IndexedImports
instanceKlass org/jetbrains/kotlin/resolve/lazy/FileScopeFactory$FilesScopesBuilder
instanceKlass org/jetbrains/kotlin/resolve/lazy/FileScopeProviderKt
instanceKlass org/jetbrains/kotlin/types/AbstractTypeConstructor$Supertypes
instanceKlass  @bci org/jetbrains/kotlin/resolve/lazy/descriptors/LazyClassDescriptor <init> (Lorg/jetbrains/kotlin/resolve/lazy/LazyClassContext;Lorg/jetbrains/kotlin/descriptors/DeclarationDescriptor;Lorg/jetbrains/kotlin/name/Name;Lorg/jetbrains/kotlin/resolve/lazy/data/KtClassLikeInfo;Z)V 215 <appendix> argL0 ; # org/jetbrains/kotlin/resolve/lazy/descriptors/LazyClassDescriptor$$Lambda+0x0000000800585638
instanceKlass org/jetbrains/kotlin/resolve/lazy/descriptors/LazyClassMemberScope$Companion$EXTRACT_PROPERTIES$1
instanceKlass org/jetbrains/kotlin/resolve/lazy/descriptors/LazyClassMemberScope$Companion$EXTRACT_FUNCTIONS$1
instanceKlass org/jetbrains/kotlin/resolve/lazy/descriptors/LazyClassMemberScope$MemberExtractor
instanceKlass org/jetbrains/kotlin/resolve/lazy/descriptors/LazyClassMemberScope$Companion
# instanceKlass java/lang/invoke/LambdaForm$MH+0x0000000800582c00
# instanceKlass java/lang/invoke/LambdaForm$MH+0x0000000800582800
# instanceKlass java/lang/invoke/LambdaForm$MH+0x0000000800582400
# instanceKlass java/lang/invoke/LambdaForm$MH+0x0000000800582000
# instanceKlass java/lang/invoke/LambdaForm$MH+0x0000000800581c00
# instanceKlass java/lang/invoke/LambdaForm$MH+0x0000000800581800
# instanceKlass java/lang/invoke/LambdaForm$MH+0x0000000800581400
# instanceKlass java/lang/invoke/LambdaForm$MH+0x0000000800581000
# instanceKlass java/lang/invoke/LambdaForm$MH+0x0000000800580c00
instanceKlass org/jetbrains/kotlin/resolve/scopes/receivers/QualifierKt
instanceKlass org/jetbrains/kotlin/resolve/scopes/receivers/PackageQualifier
instanceKlass org/jetbrains/kotlin/psi/KtNamedDeclarationUtil
instanceKlass  @bci org/jetbrains/kotlin/resolve/lazy/descriptors/LazyClassDescriptor <init> (Lorg/jetbrains/kotlin/resolve/lazy/LazyClassContext;Lorg/jetbrains/kotlin/descriptors/DeclarationDescriptor;Lorg/jetbrains/kotlin/name/Name;Lorg/jetbrains/kotlin/resolve/lazy/data/KtClassLikeInfo;Z)V 863 <appendix> member <vmtarget> ; # org/jetbrains/kotlin/resolve/lazy/descriptors/LazyClassDescriptor$$Lambda+0x000000080057d850
instanceKlass  @bci org/jetbrains/kotlin/resolve/lazy/descriptors/LazyClassDescriptor <init> (Lorg/jetbrains/kotlin/resolve/lazy/LazyClassContext;Lorg/jetbrains/kotlin/descriptors/DeclarationDescriptor;Lorg/jetbrains/kotlin/name/Name;Lorg/jetbrains/kotlin/resolve/lazy/data/KtClassLikeInfo;Z)V 845 <adapter> ; # java/lang/invoke/LambdaForm$MH+0x0000000800580800
instanceKlass  @cpi org/jetbrains/kotlin/resolve/lazy/descriptors/LazyClassDescriptor 1179 form vmentry <vmtarget> ; # java/lang/invoke/LambdaForm$DMH+0x0000000800580400
instanceKlass  @bci org/jetbrains/kotlin/resolve/lazy/descriptors/LazyClassDescriptor <init> (Lorg/jetbrains/kotlin/resolve/lazy/LazyClassContext;Lorg/jetbrains/kotlin/descriptors/DeclarationDescriptor;Lorg/jetbrains/kotlin/name/Name;Lorg/jetbrains/kotlin/resolve/lazy/data/KtClassLikeInfo;Z)V 845 <appendix> form vmentry <vmtarget> ; # java/lang/invoke/LambdaForm$DMH+0x0000000800580000
instanceKlass  @bci org/jetbrains/kotlin/resolve/lazy/descriptors/LazyClassDescriptor <init> (Lorg/jetbrains/kotlin/resolve/lazy/LazyClassContext;Lorg/jetbrains/kotlin/descriptors/DeclarationDescriptor;Lorg/jetbrains/kotlin/name/Name;Lorg/jetbrains/kotlin/resolve/lazy/data/KtClassLikeInfo;Z)V 845 <appendix> member <vmtarget> ; # org/jetbrains/kotlin/resolve/lazy/descriptors/LazyClassDescriptor$$Lambda+0x000000080057d5f8
instanceKlass  @bci org/jetbrains/kotlin/resolve/lazy/descriptors/LazyClassDescriptor <init> (Lorg/jetbrains/kotlin/resolve/lazy/LazyClassContext;Lorg/jetbrains/kotlin/descriptors/DeclarationDescriptor;Lorg/jetbrains/kotlin/name/Name;Lorg/jetbrains/kotlin/resolve/lazy/data/KtClassLikeInfo;Z)V 809 <appendix> member <vmtarget> ; # org/jetbrains/kotlin/resolve/lazy/descriptors/LazyClassDescriptor$$Lambda+0x000000080057d3a0
instanceKlass  @bci org/jetbrains/kotlin/resolve/lazy/descriptors/LazyClassDescriptor <init> (Lorg/jetbrains/kotlin/resolve/lazy/LazyClassContext;Lorg/jetbrains/kotlin/descriptors/DeclarationDescriptor;Lorg/jetbrains/kotlin/name/Name;Lorg/jetbrains/kotlin/resolve/lazy/data/KtClassLikeInfo;Z)V 790 <appendix> member <vmtarget> ; # org/jetbrains/kotlin/resolve/lazy/descriptors/LazyClassDescriptor$$Lambda+0x000000080057d148
instanceKlass  @bci org/jetbrains/kotlin/resolve/lazy/descriptors/LazyClassDescriptor <init> (Lorg/jetbrains/kotlin/resolve/lazy/LazyClassContext;Lorg/jetbrains/kotlin/descriptors/DeclarationDescriptor;Lorg/jetbrains/kotlin/name/Name;Lorg/jetbrains/kotlin/resolve/lazy/data/KtClassLikeInfo;Z)V 768 <appendix> member <vmtarget> ; # org/jetbrains/kotlin/resolve/lazy/descriptors/LazyClassDescriptor$$Lambda+0x000000080057bac8
instanceKlass org/jetbrains/kotlin/resolve/lazy/descriptors/ClassResolutionScopesSupport$Companion
instanceKlass org/jetbrains/kotlin/resolve/lazy/descriptors/ClassResolutionScopesSupport
instanceKlass  @bci org/jetbrains/kotlin/resolve/lazy/descriptors/LazyClassDescriptor <init> (Lorg/jetbrains/kotlin/resolve/lazy/LazyClassContext;Lorg/jetbrains/kotlin/descriptors/DeclarationDescriptor;Lorg/jetbrains/kotlin/name/Name;Lorg/jetbrains/kotlin/resolve/lazy/data/KtClassLikeInfo;Z)V 739 <appendix> member <vmtarget> ; # org/jetbrains/kotlin/resolve/lazy/descriptors/LazyClassDescriptor$$Lambda+0x000000080057aed8
instanceKlass  @bci org/jetbrains/kotlin/resolve/lazy/descriptors/LazyClassDescriptor <init> (Lorg/jetbrains/kotlin/resolve/lazy/LazyClassContext;Lorg/jetbrains/kotlin/descriptors/DeclarationDescriptor;Lorg/jetbrains/kotlin/name/Name;Lorg/jetbrains/kotlin/resolve/lazy/data/KtClassLikeInfo;Z)V 722 <appendix> member <vmtarget> ; # org/jetbrains/kotlin/resolve/lazy/descriptors/LazyClassDescriptor$$Lambda+0x000000080057ac80
instanceKlass  @bci org/jetbrains/kotlin/resolve/lazy/descriptors/LazyClassDescriptor <init> (Lorg/jetbrains/kotlin/resolve/lazy/LazyClassContext;Lorg/jetbrains/kotlin/descriptors/DeclarationDescriptor;Lorg/jetbrains/kotlin/name/Name;Lorg/jetbrains/kotlin/resolve/lazy/data/KtClassLikeInfo;Z)V 705 <appendix> member <vmtarget> ; # org/jetbrains/kotlin/resolve/lazy/descriptors/LazyClassDescriptor$$Lambda+0x000000080057aa28
instanceKlass  @bci org/jetbrains/kotlin/resolve/lazy/descriptors/LazyClassDescriptor <init> (Lorg/jetbrains/kotlin/resolve/lazy/LazyClassContext;Lorg/jetbrains/kotlin/descriptors/DeclarationDescriptor;Lorg/jetbrains/kotlin/name/Name;Lorg/jetbrains/kotlin/resolve/lazy/data/KtClassLikeInfo;Z)V 259 <appendix> member <vmtarget> ; # org/jetbrains/kotlin/resolve/lazy/descriptors/LazyClassDescriptor$$Lambda+0x0000000800579130
instanceKlass  @bci org/jetbrains/kotlin/resolve/lazy/descriptors/LazyClassDescriptor$LazyClassTypeConstructor <init> (Lorg/jetbrains/kotlin/resolve/lazy/descriptors/LazyClassDescriptor;)V 32 <appendix> member <vmtarget> ; # org/jetbrains/kotlin/resolve/lazy/descriptors/LazyClassDescriptor$LazyClassTypeConstructor$$Lambda+0x0000000800578ed8
instanceKlass  @bci org/jetbrains/kotlin/resolve/lazy/descriptors/LazyClassDescriptor createScopesHolderForClass (Lorg/jetbrains/kotlin/resolve/lazy/LazyClassContext;Lorg/jetbrains/kotlin/resolve/lazy/declarations/ClassMemberDeclarationProvider;)Lorg/jetbrains/kotlin/descriptors/ScopesHolderForClass; 42 <appendix> member <vmtarget> ; # org/jetbrains/kotlin/resolve/lazy/descriptors/LazyClassDescriptor$$Lambda+0x0000000800578968
instanceKlass org/jetbrains/kotlin/resolve/source/KotlinSourceElement
instanceKlass org/jetbrains/kotlin/resolve/source/PsiSourceElement
instanceKlass org/jetbrains/kotlin/resolve/source/KotlinSourceElementKt
instanceKlass  @bci org/jetbrains/kotlin/resolve/lazy/descriptors/LazyClassDescriptor <clinit> ()V 16 <appendix> argL0 ; # org/jetbrains/kotlin/resolve/lazy/descriptors/LazyClassDescriptor$$Lambda+0x00000008005779e8
instanceKlass org/jetbrains/kotlin/descriptors/ValueClassRepresentation
instanceKlass org/jetbrains/kotlin/resolve/lazy/data/KtClassOrObjectInfo
instanceKlass org/jetbrains/kotlin/resolve/lazy/data/KtClassInfoUtil
instanceKlass org/jetbrains/kotlin/com/google/common/collect/LinkedHashMultimap$ValueSet$1
instanceKlass org/jetbrains/kotlin/com/google/common/collect/AbstractMapBasedMultimap$WrappedCollection$WrappedIterator
instanceKlass org/jetbrains/kotlin/com/google/common/collect/ListMultimap
instanceKlass org/jetbrains/kotlin/resolve/lazy/declarations/AbstractPsiBasedDeclarationProvider$Index
instanceKlass org/jetbrains/kotlin/storage/LockBasedStorageManager$KeyWithComputation
instanceKlass  @bci org/jetbrains/kotlin/resolve/lazy/ResolveSession getPackageFragment (Lorg/jetbrains/kotlin/name/FqName;)Lorg/jetbrains/kotlin/resolve/lazy/descriptors/LazyPackageDescriptor; 34 <appendix> member <vmtarget> ; # org/jetbrains/kotlin/resolve/lazy/ResolveSession$$Lambda+0x0000000800571fb8
instanceKlass org/jetbrains/kotlin/resolve/lazy/declarations/AbstractPsiBasedDeclarationProvider
instanceKlass org/jetbrains/kotlin/parsing/DoNotBindAnything
instanceKlass org/jetbrains/kotlin/parsing/KotlinParsing$4
instanceKlass org/jetbrains/kotlin/kdoc/psi/api/KDoc
instanceKlass org/jetbrains/kotlin/kdoc/psi/api/KDocElement
instanceKlass org/jetbrains/kotlin/com/intellij/psi/PsiDocCommentBase
# instanceKlass java/lang/invoke/LambdaForm$MH+0x000000080056d800
# instanceKlass java/lang/invoke/LambdaForm$MH+0x000000080056d400
# instanceKlass java/lang/invoke/LambdaForm$MH+0x000000080056d000
# instanceKlass java/lang/invoke/LambdaForm$MH+0x000000080056cc00
# instanceKlass java/lang/invoke/LambdaForm$MH+0x000000080056c800
# instanceKlass java/lang/invoke/LambdaForm$MH+0x000000080056c400
# instanceKlass java/lang/invoke/LambdaForm$MH+0x000000080056c000
instanceKlass  @bci java/util/regex/Pattern negate (Ljava/util/regex/Pattern$CharPredicate;)Ljava/util/regex/Pattern$CharPredicate; 1 <appendix> member <vmtarget> ; # java/util/regex/Pattern$$Lambda+0x0000000800178540
instanceKlass  @bci java/util/regex/CharPredicates range (II)Ljava/util/regex/Pattern$CharPredicate; 2 <appendix> member <vmtarget> ; # java/util/regex/CharPredicates$$Lambda+0x0000000800178280
instanceKlass org/jetbrains/kotlin/psi/psiUtil/KtPsiUtilKt
instanceKlass org/jetbrains/kotlin/com/intellij/psi/search/PsiElementProcessor$FindElement
instanceKlass org/jetbrains/kotlin/com/intellij/psi/search/PsiElementProcessor$CollectElements
instanceKlass org/jetbrains/kotlin/com/intellij/psi/search/PsiElementProcessor
instanceKlass org/jetbrains/kotlin/com/intellij/psi/util/PsiTreeUtil
instanceKlass org/jetbrains/kotlin/util/slicedMap/OpenAddressLinearProbingHashTableKt
instanceKlass org/jetbrains/kotlin/util/slicedMap/OpenAddressLinearProbingHashTable$Companion
instanceKlass org/jetbrains/kotlin/com/google/common/collect/Sets
instanceKlass org/jetbrains/kotlin/resolve/FilePreprocessorKt
instanceKlass org/jetbrains/kotlin/psi/KtPsiUtil
instanceKlass org/jetbrains/kotlin/psi/KtSimpleNameExpressionImpl$Companion
instanceKlass org/jetbrains/kotlin/psi/KtExpressionImpl$Companion
instanceKlass org/jetbrains/kotlin/psi/KtNameReferenceExpression$Companion
instanceKlass org/jetbrains/kotlin/com/intellij/psi/impl/source/SourceTreeToPsiMap
instanceKlass org/jetbrains/kotlin/psi/psiUtil/PsiUtilsKt$siblings$1$iterator$1
instanceKlass org/jetbrains/kotlin/psi/psiUtil/PsiUtilsKt$siblings$1
instanceKlass org/jetbrains/kotlin/psi/psiUtil/PsiUtilsKt
instanceKlass org/jetbrains/kotlin/psi/KtDotQualifiedExpression$Companion
instanceKlass org/jetbrains/kotlin/psi/KtStubbedPsiUtil
instanceKlass  @bci org/jetbrains/kotlin/psi/KtExpression <clinit> ()V 7 <appendix> argL0 ; # org/jetbrains/kotlin/psi/KtExpression$$Lambda+0x0000000800565e38
instanceKlass org/jetbrains/kotlin/com/intellij/openapi/application/AccessToken
instanceKlass org/jetbrains/kotlin/com/intellij/openapi/progress/Cancellation
instanceKlass  @bci org/jetbrains/kotlin/com/intellij/util/containers/ConcurrentLongObjectHashMap setTabAt ([Lorg/jetbrains/kotlin/com/intellij/util/containers/ConcurrentLongObjectHashMap$Node;ILorg/jetbrains/kotlin/com/intellij/util/containers/ConcurrentLongObjectHashMap$Node;)V 15 <adapter> ; # java/lang/invoke/LambdaForm$MH+0x0000000800561400
instanceKlass org/jetbrains/kotlin/com/intellij/openapi/progress/WrappedProgressIndicator
instanceKlass  @bci org/jetbrains/kotlin/com/intellij/openapi/progress/impl/CoreProgressManager registerIndicatorAndRun (Lorg/jetbrains/kotlin/com/intellij/openapi/progress/ProgressIndicator;Ljava/lang/Thread;Lorg/jetbrains/kotlin/com/intellij/openapi/progress/ProgressIndicator;Lorg/jetbrains/kotlin/com/intellij/openapi/util/ThrowableComputable;)Ljava/lang/Object; 60 <appendix> argL0 ; # org/jetbrains/kotlin/com/intellij/openapi/progress/impl/CoreProgressManager$$Lambda+0x0000000800564b48
instanceKlass  @bci org/jetbrains/kotlin/com/intellij/util/containers/ConcurrentIntObjectHashMap compareAndSwapLong (Ljava/lang/Object;JJJ)Z 8 <adapter> ; # java/lang/invoke/LambdaForm$MH+0x0000000800561000
instanceKlass  @bci org/jetbrains/kotlin/com/intellij/util/containers/ConcurrentIntObjectHashMap casTabAt ([Lorg/jetbrains/kotlin/com/intellij/util/containers/ConcurrentIntObjectHashMap$Node;ILorg/jetbrains/kotlin/com/intellij/util/containers/ConcurrentIntObjectHashMap$Node;Lorg/jetbrains/kotlin/com/intellij/util/containers/ConcurrentIntObjectHashMap$Node;)Z 16 <adapter> ; # java/lang/invoke/LambdaForm$MH+0x0000000800560c00
instanceKlass  @bci org/jetbrains/kotlin/com/intellij/util/containers/ConcurrentIntObjectHashMap tabAt ([Lorg/jetbrains/kotlin/com/intellij/util/containers/ConcurrentIntObjectHashMap$Node;I)Lorg/jetbrains/kotlin/com/intellij/util/containers/ConcurrentIntObjectHashMap$Node; 14 <adapter> ; # java/lang/invoke/LambdaForm$MH+0x0000000800560800
instanceKlass  @bci org/jetbrains/kotlin/com/intellij/util/containers/ConcurrentIntObjectHashMap compareAndSwapInt (Ljava/lang/Object;JII)Z 8 <adapter> ; # java/lang/invoke/LambdaForm$MH+0x0000000800560400
instanceKlass org/jetbrains/kotlin/com/intellij/openapi/progress/impl/NonCancelableIndicator
instanceKlass org/jetbrains/kotlin/com/intellij/openapi/progress/StandardProgressIndicator
instanceKlass  @bci org/jetbrains/kotlin/com/intellij/openapi/progress/impl/CoreProgressManager executeNonCancelableSection (Ljava/lang/Runnable;)V 10 <appendix> member <vmtarget> ; # org/jetbrains/kotlin/com/intellij/openapi/progress/impl/CoreProgressManager$$Lambda+0x0000000800564000
instanceKlass org/jetbrains/kotlin/com/intellij/openapi/util/ThrowableComputable
instanceKlass  @bci org/jetbrains/kotlin/com/intellij/psi/impl/source/tree/LazyParseableElement setChildren (Lorg/jetbrains/kotlin/com/intellij/psi/impl/source/tree/TreeElement;)V 13 <appendix> member <vmtarget> ; # org/jetbrains/kotlin/com/intellij/psi/impl/source/tree/LazyParseableElement$$Lambda+0x000000080055f9e0
instanceKlass org/jetbrains/kotlin/com/intellij/psi/tree/ILeafElementType
instanceKlass org/jetbrains/kotlin/com/intellij/psi/tree/ICustomParsingType
instanceKlass org/jetbrains/kotlin/com/intellij/lang/WhitespacesAndCommentsBinder$RecursiveBinder
instanceKlass org/jetbrains/kotlin/com/intellij/lang/impl/PsiBuilderImpl$RelativeTokenTextView
instanceKlass org/jetbrains/kotlin/parsing/PrecedingCommentsBinder
instanceKlass org/jetbrains/kotlin/parsing/KotlinParsing$PropertyComponentKind$Collector
instanceKlass org/jetbrains/kotlin/parsing/AbstractKotlinParsing$OptionalMarker
instanceKlass org/jetbrains/kotlin/it/unimi/dsi/fastutil/ints/IntArrays$ArrayHashStrategy
instanceKlass org/jetbrains/kotlin/it/unimi/dsi/fastutil/ints/IntArrays$Segment
instanceKlass org/jetbrains/kotlin/it/unimi/dsi/fastutil/ints/IntArrays
instanceKlass org/jetbrains/kotlin/parsing/PrecedingDocCommentsBinder
instanceKlass org/jetbrains/kotlin/parsing/KotlinParsing$ModifierDetector
instanceKlass org/jetbrains/kotlin/com/intellij/lang/WhitespacesBinders$2
instanceKlass org/jetbrains/kotlin/com/intellij/lang/WhitespacesBinders$1
instanceKlass org/jetbrains/kotlin/com/intellij/lang/WhitespacesBinders
instanceKlass org/jetbrains/kotlin/parsing/TrailingCommentsBinder
instanceKlass  @bci org/jetbrains/kotlin/com/intellij/psi/impl/file/PsiPackageImpl createCachedDirectories (Z)Lorg/jetbrains/kotlin/com/intellij/psi/util/CachedValue; 9 <appendix> form vmentry <vmtarget> ; # java/lang/invoke/LambdaForm$DMH+0x0000000800560000
instanceKlass  @bci org/jetbrains/kotlin/com/intellij/lang/impl/MarkerProduction findMarkerAtLexeme (I)I 10 <appendix> member <vmtarget> ; # org/jetbrains/kotlin/com/intellij/lang/impl/MarkerProduction$$Lambda+0x000000080055c0f0
instanceKlass java/util/function/IntUnaryOperator
instanceKlass org/jetbrains/kotlin/it/unimi/dsi/fastutil/Arrays
instanceKlass org/jetbrains/kotlin/com/intellij/util/text/CharSequenceSubSequence
instanceKlass org/jetbrains/kotlin/com/google/common/collect/ImmutableCollection$Builder
instanceKlass java/util/AbstractMap$SimpleImmutableEntry
instanceKlass org/jetbrains/kotlin/com/google/common/collect/ImmutableMap$Builder
instanceKlass org/jetbrains/kotlin/parsing/AbstractTokenStreamPredicate
instanceKlass org/jetbrains/kotlin/parsing/AbstractTokenStreamPattern
instanceKlass org/jetbrains/kotlin/parsing/TokenStreamPattern
instanceKlass org/jetbrains/kotlin/parsing/Consumer
instanceKlass org/jetbrains/kotlin/parsing/TokenStreamPredicate
instanceKlass org/jetbrains/kotlin/com/intellij/lang/WhitespacesAndCommentsBinder
instanceKlass org/jetbrains/kotlin/parsing/AbstractKotlinParsing
instanceKlass org/jetbrains/kotlin/com/intellij/lang/impl/PsiBuilderAdapter
instanceKlass org/jetbrains/kotlin/parsing/SemanticWhitespaceAwarePsiBuilder
instanceKlass org/jetbrains/kotlin/parsing/KotlinParser
instanceKlass org/jetbrains/kotlin/lexer/_JetLexer$State
instanceKlass org/jetbrains/kotlin/com/intellij/util/text/ImmutableText$InnerLeaf
instanceKlass org/jetbrains/kotlin/com/intellij/util/text/ImmutableText$CompositeNode
instanceKlass org/jetbrains/kotlin/com/intellij/lang/impl/TokenSequence$Builder
instanceKlass org/jetbrains/kotlin/com/intellij/lang/impl/TokenSequence
instanceKlass org/jetbrains/kotlin/com/intellij/lexer/TokenList
instanceKlass org/jetbrains/kotlin/com/intellij/lang/impl/PsiBuilderImpl$Token
instanceKlass org/jetbrains/kotlin/com/intellij/lang/LighterLazyParseableNode
instanceKlass org/jetbrains/kotlin/it/unimi/dsi/fastutil/ints/IntListIterator
instanceKlass org/jetbrains/kotlin/it/unimi/dsi/fastutil/ints/IntBidirectionalIterator
instanceKlass org/jetbrains/kotlin/it/unimi/dsi/fastutil/ints/IntStack
instanceKlass org/jetbrains/kotlin/it/unimi/dsi/fastutil/ints/IntList
instanceKlass org/jetbrains/kotlin/it/unimi/dsi/fastutil/ints/IntSpliterator
instanceKlass org/jetbrains/kotlin/it/unimi/dsi/fastutil/ints/IntIterator
instanceKlass java/util/PrimitiveIterator$OfInt
instanceKlass java/util/PrimitiveIterator
instanceKlass java/util/BitSet
instanceKlass org/jetbrains/kotlin/com/intellij/util/containers/IntStack
instanceKlass org/jetbrains/kotlin/it/unimi/dsi/fastutil/objects/ObjectArrays$ArrayHashStrategy
instanceKlass org/jetbrains/kotlin/it/unimi/dsi/fastutil/objects/ObjectArrays
instanceKlass  @bci org/jetbrains/kotlin/it/unimi/dsi/fastutil/objects/ObjectArrayList <clinit> ()V 26 <appendix> argL0 ; # org/jetbrains/kotlin/it/unimi/dsi/fastutil/objects/ObjectArrayList$$Lambda+0x000000080054b3b0
instanceKlass  @bci org/jetbrains/kotlin/it/unimi/dsi/fastutil/objects/ObjectArrayList <clinit> ()V 21 <appendix> argL0 ; # org/jetbrains/kotlin/it/unimi/dsi/fastutil/objects/ObjectArrayList$$Lambda+0x000000080054b150
instanceKlass  @bci org/jetbrains/kotlin/it/unimi/dsi/fastutil/objects/ObjectArrayList <clinit> ()V 16 <appendix> argL0 ; # org/jetbrains/kotlin/it/unimi/dsi/fastutil/objects/ObjectArrayList$$Lambda+0x000000080054af00
instanceKlass org/jetbrains/kotlin/it/unimi/dsi/fastutil/objects/ObjectListIterator
instanceKlass org/jetbrains/kotlin/it/unimi/dsi/fastutil/objects/ObjectBidirectionalIterator
instanceKlass org/jetbrains/kotlin/it/unimi/dsi/fastutil/BidirectionalIterator
instanceKlass org/jetbrains/kotlin/it/unimi/dsi/fastutil/objects/ObjectList
instanceKlass org/jetbrains/kotlin/com/intellij/psi/text/BlockSupport
instanceKlass org/jetbrains/kotlin/com/intellij/psi/impl/source/tree/SharedImplUtil
instanceKlass org/jetbrains/kotlin/lexer/_JetLexer
instanceKlass org/jetbrains/kotlin/com/intellij/lexer/FlexLexer
instanceKlass org/jetbrains/kotlin/com/intellij/lexer/LexerPosition
instanceKlass org/jetbrains/kotlin/com/intellij/lang/WhitespacesAndCommentsBinder$TokenTextGetter
instanceKlass org/jetbrains/kotlin/com/intellij/lang/PsiBuilder$Marker
instanceKlass org/jetbrains/kotlin/com/intellij/lang/SyntaxTreeBuilder$Marker
instanceKlass org/jetbrains/kotlin/com/intellij/lang/impl/PsiBuilderImpl$ProductionMarker
instanceKlass org/jetbrains/kotlin/com/intellij/lang/impl/PsiBuilderImpl$Node
instanceKlass org/jetbrains/kotlin/com/intellij/util/diff/ShallowNodeComparator
instanceKlass org/jetbrains/kotlin/com/intellij/util/diff/DiffTreeChangeBuilder
instanceKlass org/jetbrains/kotlin/com/intellij/lang/LighterASTNode
instanceKlass org/jetbrains/kotlin/com/intellij/openapi/util/UnprotectedUserDataHolder
instanceKlass  @bci org/jetbrains/kotlin/com/intellij/psi/impl/source/tree/LazyParseableElement ensureParsed ()V 135 <appendix> member <vmtarget> ; # org/jetbrains/kotlin/com/intellij/psi/impl/source/tree/LazyParseableElement$$Lambda+0x0000000800544488
instanceKlass org/jetbrains/kotlin/com/intellij/util/ThrowableRunnable
instanceKlass org/jetbrains/kotlin/com/intellij/psi/impl/source/tree/TreeUtil
instanceKlass org/jetbrains/kotlin/com/intellij/psi/impl/DebugUtil
instanceKlass  @bci org/jetbrains/kotlin/com/intellij/psi/impl/source/tree/LazyParseableElement <init> (Lorg/jetbrains/kotlin/com/intellij/psi/tree/IElementType;Ljava/lang/CharSequence;)V 57 <appendix> member <vmtarget> ; # org/jetbrains/kotlin/com/intellij/psi/impl/source/tree/LazyParseableElement$$Lambda+0x0000000800542cc0
instanceKlass  @bci org/jetbrains/kotlin/com/intellij/psi/impl/source/tree/LazyParseableElement <clinit> ()V 24 <appendix> argL0 ; # org/jetbrains/kotlin/com/intellij/psi/impl/source/tree/LazyParseableElement$$Lambda+0x00000008005423f8
instanceKlass org/jetbrains/kotlin/com/intellij/lang/LighterAST
instanceKlass  @bci org/jetbrains/kotlin/com/intellij/util/AstLoadingFilter <clinit> ()V 18 <appendix> argL0 ; # org/jetbrains/kotlin/com/intellij/util/AstLoadingFilter$$Lambda+0x0000000800540d10
instanceKlass org/jetbrains/kotlin/com/intellij/util/AstLoadingFilter
instanceKlass org/jetbrains/kotlin/util/slicedMap/Slices$SliceBuilder
instanceKlass org/jetbrains/kotlin/util/slicedMap/SetSlice$Companion
instanceKlass org/jetbrains/kotlin/util/slicedMap/RewritePolicy$1
instanceKlass org/jetbrains/kotlin/resolve/BindingContext$1
instanceKlass kotlin/jvm/internal/Ref$ObjectRef
instanceKlass javaslang/collection/HashArrayMappedTrieModule$AbstractNode
instanceKlass javaslang/collection/HashArrayMappedTrie
instanceKlass javaslang/collection/Set
instanceKlass javaslang/collection/Seq
instanceKlass javaslang/collection/Iterator
instanceKlass javaslang/collection/HashMap
instanceKlass javaslang/collection/Map
instanceKlass javaslang/collection/Traversable
instanceKlass javaslang/collection/Foldable
instanceKlass javaslang/Value
instanceKlass javaslang/Function1
instanceKlass javaslang/\u03bb
instanceKlass org/jetbrains/kotlin/resolve/calls/smartcasts/DataFlowInfoImpl$Companion
instanceKlass org/jetbrains/kotlin/resolve/calls/smartcasts/DataFlowInfoImpl
instanceKlass org/jetbrains/kotlin/resolve/calls/smartcasts/DataFlowInfoFactory
instanceKlass org/jetbrains/kotlin/resolve/calls/smartcasts/DataFlowInfo$Companion
instanceKlass org/jetbrains/kotlin/library/metadata/impl/KlibResolvedModuleDescriptorsFactoryImpl$Companion
instanceKlass org/jetbrains/kotlin/library/metadata/impl/KlibResolvedModuleDescriptorsFactoryImpl
instanceKlass org/jetbrains/kotlin/library/metadata/KlibResolvedModuleDescriptorsFactory
instanceKlass org/jetbrains/kotlin/library/metadata/impl/KlibMetadataModuleDescriptorFactoryImpl
instanceKlass org/jetbrains/kotlin/library/metadata/KlibMetadataModuleDescriptorFactory
instanceKlass org/jetbrains/kotlin/library/metadata/impl/KlibMetadataDeserializedPackageFragmentsFactoryImpl
instanceKlass org/jetbrains/kotlin/library/metadata/KlibMetadataDeserializedPackageFragmentsFactory
instanceKlass org/jetbrains/kotlin/library/metadata/impl/KlibModuleDescriptorFactoryImpl
instanceKlass org/jetbrains/kotlin/library/metadata/KlibModuleDescriptorFactory
instanceKlass org/jetbrains/kotlin/library/metadata/NullFlexibleTypeDeserializer
instanceKlass org/jetbrains/kotlin/library/metadata/KlibMetadataFactories
instanceKlass org/jetbrains/kotlin/cli/jvm/compiler/TopDownAnalyzerFacadeForJVMKt
instanceKlass org/jetbrains/kotlin/load/kotlin/incremental/IncrementalPackagePartProvider
instanceKlass org/jetbrains/kotlin/cli/jvm/config/ClassicFrontendSpecificJvmConfigurationKeys
instanceKlass org/jetbrains/kotlin/resolve/CodeAnalyzerInitializer$Companion
# instanceKlass java/lang/invoke/LambdaForm$MH+0x0000000800539000
# instanceKlass java/lang/invoke/LambdaForm$MH+0x0000000800538c00
# instanceKlass java/lang/invoke/LambdaForm$MH+0x0000000800538800
# instanceKlass java/lang/invoke/LambdaForm$MH+0x0000000800538400
# instanceKlass java/lang/invoke/LambdaForm$MH+0x0000000800538000
# instanceKlass java/lang/invoke/LambdaForm$MH+0x0000000800533c00
# instanceKlass java/lang/invoke/LambdaForm$MH+0x0000000800533800
# instanceKlass java/lang/invoke/LambdaForm$MH+0x0000000800533400
# instanceKlass java/lang/invoke/LambdaForm$MH+0x0000000800533000
# instanceKlass java/lang/invoke/LambdaForm$MH+0x0000000800532c00
# instanceKlass java/lang/invoke/LambdaForm$MH+0x0000000800532800
# instanceKlass java/lang/invoke/LambdaForm$MH+0x0000000800532400
instanceKlass org/jetbrains/kotlin/resolve/calls/inference/ConstraintSystemBuilderImpl$Companion
instanceKlass org/jetbrains/kotlin/resolve/calls/inference/ConstraintSystemBuilderImpl
instanceKlass org/jetbrains/kotlin/resolve/calls/results/FlatSignatureForResolvedCallKt
# instanceKlass java/lang/invoke/LambdaForm$MH+0x0000000800532000
# instanceKlass java/lang/invoke/LambdaForm$MH+0x0000000800531c00
# instanceKlass java/lang/invoke/LambdaForm$MH+0x0000000800531800
# instanceKlass java/lang/invoke/LambdaForm$MH+0x0000000800531400
# instanceKlass java/lang/invoke/LambdaForm$MH+0x0000000800531000
# instanceKlass java/lang/invoke/LambdaForm$MH+0x0000000800530c00
# instanceKlass java/lang/invoke/LambdaForm$MH+0x0000000800530800
# instanceKlass java/lang/invoke/LambdaForm$MH+0x0000000800530400
# instanceKlass java/lang/invoke/LambdaForm$MH+0x0000000800530000
# instanceKlass java/lang/invoke/LambdaForm$MH+0x000000080052fc00
# instanceKlass java/lang/invoke/LambdaForm$MH+0x000000080052f800
# instanceKlass java/lang/invoke/LambdaForm$MH+0x000000080052f400
# instanceKlass java/lang/invoke/LambdaForm$MH+0x000000080052f000
# instanceKlass java/lang/invoke/LambdaForm$MH+0x000000080052ec00
# instanceKlass java/lang/invoke/LambdaForm$MH+0x000000080052e800
# instanceKlass java/lang/invoke/LambdaForm$MH+0x000000080052e400
# instanceKlass java/lang/invoke/LambdaForm$MH+0x000000080052e000
# instanceKlass java/lang/invoke/LambdaForm$MH+0x000000080052dc00
# instanceKlass java/lang/invoke/LambdaForm$MH+0x000000080052d800
# instanceKlass java/lang/invoke/LambdaForm$MH+0x000000080052d400
# instanceKlass java/lang/invoke/LambdaForm$MH+0x000000080052d000
# instanceKlass java/lang/invoke/LambdaForm$MH+0x000000080052cc00
# instanceKlass java/lang/invoke/LambdaForm$MH+0x000000080052c800
# instanceKlass java/lang/invoke/LambdaForm$MH+0x000000080052c400
# instanceKlass java/lang/invoke/LambdaForm$MH+0x000000080052c000
# instanceKlass java/lang/invoke/LambdaForm$MH+0x000000080052bc00
# instanceKlass java/lang/invoke/LambdaForm$MH+0x000000080052b800
# instanceKlass java/lang/invoke/LambdaForm$MH+0x000000080052b400
# instanceKlass java/lang/invoke/LambdaForm$MH+0x000000080052b000
# instanceKlass java/lang/invoke/LambdaForm$MH+0x000000080052ac00
# instanceKlass java/lang/invoke/LambdaForm$MH+0x000000080052a800
# instanceKlass java/lang/invoke/LambdaForm$MH+0x000000080052a400
# instanceKlass java/lang/invoke/LambdaForm$MH+0x000000080052a000
# instanceKlass java/lang/invoke/LambdaForm$MH+0x0000000800529c00
# instanceKlass java/lang/invoke/LambdaForm$MH+0x0000000800529800
# instanceKlass java/lang/invoke/LambdaForm$MH+0x0000000800529400
# instanceKlass java/lang/invoke/LambdaForm$MH+0x0000000800529000
# instanceKlass java/lang/invoke/LambdaForm$MH+0x0000000800528c00
# instanceKlass java/lang/invoke/LambdaForm$MH+0x0000000800528800
# instanceKlass java/lang/invoke/LambdaForm$MH+0x0000000800528400
# instanceKlass java/lang/invoke/LambdaForm$MH+0x0000000800528000
# instanceKlass java/lang/invoke/LambdaForm$MH+0x0000000800527c00
# instanceKlass java/lang/invoke/LambdaForm$MH+0x0000000800527800
# instanceKlass java/lang/invoke/LambdaForm$MH+0x0000000800527400
# instanceKlass java/lang/invoke/LambdaForm$MH+0x0000000800527000
# instanceKlass java/lang/invoke/LambdaForm$MH+0x0000000800526c00
# instanceKlass java/lang/invoke/LambdaForm$MH+0x0000000800526800
# instanceKlass java/lang/invoke/LambdaForm$MH+0x0000000800526400
# instanceKlass java/lang/invoke/LambdaForm$MH+0x0000000800526000
# instanceKlass java/lang/invoke/LambdaForm$MH+0x0000000800525c00
# instanceKlass java/lang/invoke/LambdaForm$MH+0x0000000800525800
# instanceKlass java/lang/invoke/LambdaForm$MH+0x0000000800525400
# instanceKlass java/lang/invoke/LambdaForm$MH+0x0000000800525000
# instanceKlass java/lang/invoke/LambdaForm$MH+0x0000000800524c00
instanceKlass org/jetbrains/kotlin/resolve/calls/CallExpressionResolver$Companion
# instanceKlass java/lang/invoke/LambdaForm$MH+0x0000000800524800
# instanceKlass java/lang/invoke/LambdaForm$MH+0x0000000800524400
# instanceKlass java/lang/invoke/LambdaForm$MH+0x0000000800524000
# instanceKlass java/lang/invoke/LambdaForm$MH+0x0000000800523c00
# instanceKlass java/lang/invoke/LambdaForm$MH+0x0000000800523800
# instanceKlass java/lang/invoke/LambdaForm$MH+0x0000000800523400
# instanceKlass java/lang/invoke/LambdaForm$MH+0x0000000800523000
# instanceKlass java/lang/invoke/LambdaForm$MH+0x0000000800522c00
# instanceKlass java/lang/invoke/LambdaForm$MH+0x0000000800522800
# instanceKlass java/lang/invoke/LambdaForm$MH+0x0000000800522400
# instanceKlass java/lang/invoke/LambdaForm$MH+0x0000000800522000
# instanceKlass java/lang/invoke/LambdaForm$MH+0x0000000800521c00
# instanceKlass java/lang/invoke/LambdaForm$MH+0x0000000800521800
# instanceKlass java/lang/invoke/LambdaForm$MH+0x0000000800521400
# instanceKlass java/lang/invoke/LambdaForm$MH+0x0000000800521000
# instanceKlass java/lang/invoke/LambdaForm$MH+0x0000000800520c00
# instanceKlass java/lang/invoke/LambdaForm$MH+0x0000000800520800
# instanceKlass java/lang/invoke/LambdaForm$MH+0x0000000800520400
# instanceKlass java/lang/invoke/LambdaForm$MH+0x0000000800520000
# instanceKlass java/lang/invoke/LambdaForm$MH+0x000000080051bc00
# instanceKlass java/lang/invoke/LambdaForm$MH+0x000000080051b800
# instanceKlass java/lang/invoke/LambdaForm$MH+0x000000080051b400
# instanceKlass java/lang/invoke/LambdaForm$MH+0x000000080051b000
# instanceKlass java/lang/invoke/LambdaForm$MH+0x000000080051ac00
# instanceKlass java/lang/invoke/LambdaForm$MH+0x000000080051a800
# instanceKlass java/lang/invoke/LambdaForm$MH+0x000000080051a400
# instanceKlass java/lang/invoke/LambdaForm$MH+0x000000080051a000
# instanceKlass java/lang/invoke/LambdaForm$MH+0x0000000800519c00
instanceKlass org/jetbrains/kotlin/builtins/jvm/JvmBuiltInsPackageFragmentProvider$Companion
instanceKlass org/jetbrains/kotlin/resolve/jvm/TopPackageNamesProvider
instanceKlass org/jetbrains/kotlin/serialization/deserialization/JvmEnumEntriesDeserializationSupport
instanceKlass org/jetbrains/kotlin/metadata/jvm/JvmProtoBuf$JvmFieldSignatureOrBuilder
instanceKlass org/jetbrains/kotlin/metadata/jvm/JvmProtoBuf$JvmPropertySignatureOrBuilder
instanceKlass org/jetbrains/kotlin/metadata/jvm/JvmProtoBuf$JvmMethodSignatureOrBuilder
instanceKlass org/jetbrains/kotlin/metadata/jvm/JvmProtoBuf
instanceKlass org/jetbrains/kotlin/metadata/jvm/deserialization/JvmProtoBufUtil
instanceKlass org/jetbrains/kotlin/load/kotlin/JavaFlexibleTypeDeserializer
# instanceKlass java/lang/invoke/LambdaForm$MH+0x0000000800519800
# instanceKlass java/lang/invoke/LambdaForm$MH+0x0000000800519400
# instanceKlass java/lang/invoke/LambdaForm$MH+0x0000000800519000
# instanceKlass java/lang/invoke/LambdaForm$MH+0x0000000800518c00
# instanceKlass java/lang/invoke/LambdaForm$MH+0x0000000800518800
# instanceKlass java/lang/invoke/LambdaForm$MH+0x0000000800518400
# instanceKlass java/lang/invoke/LambdaForm$MH+0x0000000800518000
# instanceKlass java/lang/invoke/LambdaForm$MH+0x0000000800517c00
# instanceKlass java/lang/invoke/LambdaForm$MH+0x0000000800517800
# instanceKlass java/lang/invoke/LambdaForm$MH+0x0000000800517400
# instanceKlass java/lang/invoke/LambdaForm$MH+0x0000000800517000
# instanceKlass java/lang/invoke/LambdaForm$MH+0x0000000800516c00
# instanceKlass java/lang/invoke/LambdaForm$MH+0x0000000800516800
# instanceKlass java/lang/invoke/LambdaForm$BMH+0x0000000800516400
# instanceKlass java/lang/invoke/LambdaForm$DMH+0x0000000800516000
# instanceKlass java/lang/invoke/LambdaForm$DMH+0x0000000800515c00
instanceKlass org/jetbrains/kotlin/load/kotlin/DeserializationComponentsForJava$Companion
# instanceKlass java/lang/invoke/LambdaForm$MH+0x0000000800515800
# instanceKlass java/lang/invoke/LambdaForm$MH+0x0000000800515400
# instanceKlass java/lang/invoke/LambdaForm$MH+0x0000000800515000
# instanceKlass java/lang/invoke/LambdaForm$MH+0x0000000800514c00
instanceKlass org/jetbrains/kotlin/load/kotlin/AbstractBinaryClassAnnotationLoader$Companion
instanceKlass org/jetbrains/kotlin/types/TypeParameterErasureOptions
instanceKlass org/jetbrains/kotlin/types/TypeParameterUpperBoundEraser$Companion
instanceKlass org/jetbrains/kotlin/types/TypeParameterUpperBoundEraser
instanceKlass org/jetbrains/kotlin/types/ErasureProjectionComputer
instanceKlass org/jetbrains/kotlin/load/java/lazy/types/JavaTypeResolver
instanceKlass kotlin/InitializedLazyImpl
instanceKlass org/jetbrains/kotlin/load/java/lazy/TypeParameterResolver$EMPTY
instanceKlass org/jetbrains/kotlin/load/java/lazy/TypeParameterResolver
# instanceKlass java/lang/invoke/LambdaForm$MH+0x0000000800514800
# instanceKlass java/lang/invoke/LambdaForm$MH+0x0000000800514400
# instanceKlass java/lang/invoke/LambdaForm$DMH+0x0000000800514000
# instanceKlass java/lang/invoke/LambdaForm$MH+0x0000000800513c00
# instanceKlass java/lang/invoke/LambdaForm$DMH+0x0000000800513800
# instanceKlass java/lang/invoke/LambdaForm$MH+0x0000000800513400
# instanceKlass java/lang/invoke/LambdaForm$MH+0x0000000800513000
# instanceKlass java/lang/invoke/LambdaForm$MH+0x0000000800512c00
# instanceKlass java/lang/invoke/LambdaForm$MH+0x0000000800512800
# instanceKlass java/lang/invoke/LambdaForm$MH+0x0000000800512400
# instanceKlass java/lang/invoke/LambdaForm$MH+0x0000000800512000
# instanceKlass java/lang/invoke/LambdaForm$MH+0x0000000800511c00
# instanceKlass java/lang/invoke/LambdaForm$MH+0x0000000800511800
# instanceKlass java/lang/invoke/LambdaForm$MH+0x0000000800511400
# instanceKlass java/lang/invoke/LambdaForm$MH+0x0000000800511000
# instanceKlass java/lang/invoke/LambdaForm$MH+0x0000000800510c00
# instanceKlass java/lang/invoke/LambdaForm$MH+0x0000000800510800
# instanceKlass java/lang/invoke/LambdaForm$MH+0x0000000800510400
# instanceKlass java/lang/invoke/LambdaForm$MH+0x0000000800510000
# instanceKlass java/lang/invoke/LambdaForm$MH+0x000000080050fc00
# instanceKlass java/lang/invoke/LambdaForm$MH+0x000000080050f800
# instanceKlass java/lang/invoke/LambdaForm$MH+0x000000080050f400
# instanceKlass java/lang/invoke/LambdaForm$MH+0x000000080050f000
# instanceKlass java/lang/invoke/LambdaForm$MH+0x000000080050ec00
# instanceKlass java/lang/invoke/LambdaForm$MH+0x000000080050e800
# instanceKlass java/lang/invoke/LambdaForm$MH+0x000000080050e400
# instanceKlass java/lang/invoke/LambdaForm$MH+0x000000080050e000
# instanceKlass java/lang/invoke/LambdaForm$BMH+0x000000080050dc00
# instanceKlass java/lang/invoke/LambdaForm$DMH+0x000000080050d800
# instanceKlass java/lang/invoke/LambdaForm$DMH+0x000000080050d400
instanceKlass org/jetbrains/kotlin/load/java/components/TraceBasedErrorReporter$Companion
instanceKlass org/jetbrains/kotlin/load/kotlin/header/KotlinClassHeader$Kind$Companion
instanceKlass org/jetbrains/kotlin/load/kotlin/DeserializedDescriptorResolver$Companion
# instanceKlass java/lang/invoke/LambdaForm$MH+0x000000080050d000
# instanceKlass java/lang/invoke/LambdaForm$MH+0x000000080050cc00
# instanceKlass java/lang/invoke/LambdaForm$MH+0x000000080050c800
# instanceKlass java/lang/invoke/LambdaForm$MH+0x000000080050c400
# instanceKlass java/lang/invoke/LambdaForm$MH+0x000000080050c000
# instanceKlass java/lang/invoke/LambdaForm$MH+0x000000080050bc00
# instanceKlass java/lang/invoke/LambdaForm$MH+0x000000080050b800
# instanceKlass java/lang/invoke/LambdaForm$MH+0x000000080050b400
# instanceKlass java/lang/invoke/LambdaForm$MH+0x000000080050b000
# instanceKlass java/lang/invoke/LambdaForm$MH+0x000000080050ac00
# instanceKlass java/lang/invoke/LambdaForm$MH+0x000000080050a800
# instanceKlass java/lang/invoke/LambdaForm$MH+0x000000080050a400
# instanceKlass java/lang/invoke/LambdaForm$MH+0x000000080050a000
# instanceKlass java/lang/invoke/LambdaForm$MH+0x0000000800509c00
# instanceKlass java/lang/invoke/LambdaForm$MH+0x0000000800509800
# instanceKlass java/lang/invoke/LambdaForm$MH+0x0000000800509400
# instanceKlass java/lang/invoke/LambdaForm$MH+0x0000000800509000
# instanceKlass java/lang/invoke/LambdaForm$MH+0x0000000800508c00
# instanceKlass java/lang/invoke/LambdaForm$BMH+0x0000000800508800
# instanceKlass java/lang/invoke/LambdaForm$DMH+0x0000000800508400
# instanceKlass java/lang/invoke/LambdaForm$DMH+0x0000000800508000
# instanceKlass java/lang/invoke/LambdaForm$MH+0x0000000800503c00
instanceKlass org/jetbrains/kotlin/util/slicedMap/Slices$2
instanceKlass org/jetbrains/kotlin/util/slicedMap/Slices$1
instanceKlass org/jetbrains/kotlin/util/slicedMap/RewritePolicy
instanceKlass org/jetbrains/kotlin/util/slicedMap/Slices
instanceKlass org/jetbrains/kotlin/load/java/components/FilesByFacadeFqNameIndexer$Companion
instanceKlass org/jetbrains/kotlin/com/intellij/util/SmartFMap
instanceKlass org/jetbrains/kotlin/resolve/ObservableBindingTrace
# instanceKlass java/lang/invoke/LambdaForm$MH+0x0000000800503800
# instanceKlass java/lang/invoke/LambdaForm$MH+0x0000000800503400
# instanceKlass java/lang/invoke/LambdaForm$MH+0x0000000800503000
# instanceKlass java/lang/invoke/LambdaForm$MH+0x0000000800502c00
# instanceKlass java/lang/invoke/LambdaForm$MH+0x0000000800502800
# instanceKlass java/lang/invoke/LambdaForm$MH+0x0000000800502400
# instanceKlass java/lang/invoke/LambdaForm$MH+0x0000000800502000
# instanceKlass java/lang/invoke/LambdaForm$MH+0x0000000800501c00
# instanceKlass java/lang/invoke/LambdaForm$MH+0x0000000800501800
# instanceKlass java/lang/invoke/LambdaForm$MH+0x0000000800501400
# instanceKlass java/lang/invoke/LambdaForm$MH+0x0000000800501000
# instanceKlass java/lang/invoke/LambdaForm$MH+0x0000000800500c00
# instanceKlass java/lang/invoke/LambdaForm$MH+0x0000000800500800
# instanceKlass java/lang/invoke/LambdaForm$MH+0x0000000800500400
# instanceKlass java/lang/invoke/LambdaForm$MH+0x0000000800500000
# instanceKlass java/lang/invoke/LambdaForm$MH+0x00000008004ffc00
# instanceKlass java/lang/invoke/LambdaForm$BMH+0x00000008004ff800
# instanceKlass java/lang/invoke/LambdaForm$DMH+0x00000008004ff400
# instanceKlass java/lang/invoke/LambdaForm$DMH+0x00000008004ff000
# instanceKlass java/lang/invoke/LambdaForm$MH+0x00000008004fec00
# instanceKlass java/lang/invoke/LambdaForm$MH+0x00000008004fe800
# instanceKlass java/lang/invoke/LambdaForm$MH+0x00000008004fe400
# instanceKlass java/lang/invoke/LambdaForm$MH+0x00000008004fe000
# instanceKlass java/lang/invoke/LambdaForm$MH+0x00000008004fdc00
instanceKlass org/jetbrains/kotlin/resolve/ShadowedExtensionChecker
instanceKlass org/jetbrains/kotlin/descriptors/EffectiveVisibility
instanceKlass org/jetbrains/kotlin/resolve/ExposedVisibilityChecker
# instanceKlass java/lang/invoke/LambdaForm$MH+0x00000008004fd800
# instanceKlass java/lang/invoke/LambdaForm$MH+0x00000008004fd400
# instanceKlass java/lang/invoke/LambdaForm$MH+0x00000008004fd000
# instanceKlass java/lang/invoke/LambdaForm$MH+0x00000008004fcc00
# instanceKlass java/lang/invoke/LambdaForm$MH+0x00000008004fc800
# instanceKlass java/lang/invoke/LambdaForm$MH+0x00000008004fc400
# instanceKlass java/lang/invoke/LambdaForm$MH+0x00000008004fc000
# instanceKlass java/lang/invoke/LambdaForm$MH+0x00000008004fbc00
instanceKlass org/jetbrains/kotlin/resolve/DeclarationsChecker$Companion
# instanceKlass java/lang/invoke/LambdaForm$MH+0x00000008004fb800
# instanceKlass java/lang/invoke/LambdaForm$MH+0x00000008004fb400
# instanceKlass java/lang/invoke/LambdaForm$MH+0x00000008004fb000
# instanceKlass java/lang/invoke/LambdaForm$MH+0x00000008004fac00
# instanceKlass java/lang/invoke/LambdaForm$MH+0x00000008004fa800
# instanceKlass java/lang/invoke/LambdaForm$MH+0x00000008004fa400
# instanceKlass java/lang/invoke/LambdaForm$MH+0x00000008004fa000
instanceKlass org/jetbrains/kotlin/resolve/VarianceCheckerCore$Companion
instanceKlass org/jetbrains/kotlin/resolve/VarianceCheckerCore
instanceKlass org/jetbrains/kotlin/idea/MainFunctionDetector$Companion
# instanceKlass java/lang/invoke/LambdaForm$MH+0x00000008004f9c00
# instanceKlass java/lang/invoke/LambdaForm$MH+0x00000008004f9800
# instanceKlass java/lang/invoke/LambdaForm$MH+0x00000008004f9400
# instanceKlass java/lang/invoke/LambdaForm$MH+0x00000008004f9000
# instanceKlass java/lang/invoke/LambdaForm$MH+0x00000008004f8c00
# instanceKlass java/lang/invoke/LambdaForm$MH+0x00000008004f8800
# instanceKlass java/lang/invoke/LambdaForm$MH+0x00000008004f8400
# instanceKlass java/lang/invoke/LambdaForm$MH+0x00000008004f8000
# instanceKlass java/lang/invoke/LambdaForm$MH+0x00000008004f7c00
# instanceKlass java/lang/invoke/LambdaForm$MH+0x00000008004f7800
instanceKlass org/jetbrains/kotlin/resolve/OverrideResolver$Companion
instanceKlass org/jetbrains/kotlin/load/java/AbstractAnnotationTypeQualifierResolver$Companion
# instanceKlass java/lang/invoke/LambdaForm$MH+0x00000008004f7400
# instanceKlass java/lang/invoke/LambdaForm$MH+0x00000008004f7000
# instanceKlass java/lang/invoke/LambdaForm$MH+0x00000008004f6c00
# instanceKlass java/lang/invoke/LambdaForm$MH+0x00000008004f6800
# instanceKlass java/lang/invoke/LambdaForm$MH+0x00000008004f6400
# instanceKlass java/lang/invoke/LambdaForm$MH+0x00000008004f6000
# instanceKlass java/lang/invoke/LambdaForm$MH+0x00000008004f5c00
# instanceKlass java/lang/invoke/LambdaForm$MH+0x00000008004f5800
# instanceKlass java/lang/invoke/LambdaForm$MH+0x00000008004f5400
# instanceKlass java/lang/invoke/LambdaForm$MH+0x00000008004f5000
# instanceKlass java/lang/invoke/LambdaForm$MH+0x00000008004f4c00
# instanceKlass java/lang/invoke/LambdaForm$MH+0x00000008004f4800
# instanceKlass java/lang/invoke/LambdaForm$MH+0x00000008004f4400
# instanceKlass java/lang/invoke/LambdaForm$MH+0x00000008004f4000
instanceKlass org/jetbrains/kotlin/resolve/lazy/FileScopeFactory$DefaultImportImpl
instanceKlass org/jetbrains/kotlin/util/collectionUtils/ScopeUtilsKt
instanceKlass org/jetbrains/kotlin/builtins/jvm/CloneableClassScope$Companion
instanceKlass org/jetbrains/kotlin/descriptors/TypeParameterUtilsKt
instanceKlass org/jetbrains/kotlin/incremental/UtilsKt
instanceKlass org/jetbrains/kotlin/serialization/deserialization/descriptors/DeserializedClassDescriptor$EnumEntryClassDescriptors
instanceKlass org/jetbrains/kotlin/builtins/functions/FunctionTypeKindExtractor$Companion
instanceKlass org/jetbrains/kotlin/builtins/functions/FunctionTypeKindExtractor
instanceKlass org/jetbrains/kotlin/serialization/deserialization/descriptors/DeserializedAnnotations
instanceKlass org/jetbrains/kotlin/descriptors/impl/AbstractTypeParameterDescriptor$2
instanceKlass org/jetbrains/kotlin/descriptors/impl/AbstractTypeParameterDescriptor$1
instanceKlass org/jetbrains/kotlin/descriptors/SupertypeLoopChecker$EMPTY
instanceKlass org/jetbrains/kotlin/descriptors/ScopesHolderForClass$Companion
instanceKlass org/jetbrains/kotlin/descriptors/ScopesHolderForClass
instanceKlass org/jetbrains/kotlin/serialization/deserialization/ProtoEnumFlagsUtilsKt$WhenMappings
instanceKlass org/jetbrains/kotlin/serialization/deserialization/ProtoEnumFlagsUtilsKt
instanceKlass org/jetbrains/kotlin/serialization/deserialization/ProtoEnumFlags$WhenMappings
instanceKlass org/jetbrains/kotlin/metadata/ProtoBuf$MemberKind$1
instanceKlass org/jetbrains/kotlin/metadata/ProtoBuf$Class$Kind$1
instanceKlass org/jetbrains/kotlin/metadata/ProtoBuf$Modality$1
instanceKlass org/jetbrains/kotlin/metadata/ProtoBuf$Visibility$1
instanceKlass org/jetbrains/kotlin/metadata/deserialization/Flags$FlagField
instanceKlass org/jetbrains/kotlin/metadata/deserialization/Flags
instanceKlass org/jetbrains/kotlin/serialization/deserialization/ProtoEnumFlags
instanceKlass org/jetbrains/kotlin/descriptors/DeserializedDescriptor
instanceKlass org/jetbrains/kotlin/serialization/deserialization/ClassDeserializer$ClassKey
instanceKlass org/jetbrains/kotlin/resolve/scopes/ChainedMemberScope$Companion
instanceKlass org/jetbrains/kotlin/resolve/scopes/ChainedMemberScope
instanceKlass org/jetbrains/kotlin/descriptors/PackageFragmentProviderKt
instanceKlass org/jetbrains/kotlin/descriptors/impl/CompositePackageFragmentProvider
instanceKlass org/jetbrains/kotlin/resolve/scopes/MemberScope$Companion
instanceKlass org/jetbrains/kotlin/resolve/scopes/DescriptorKindFilter$Companion$MaskToName
instanceKlass org/jetbrains/kotlin/resolve/scopes/DescriptorKindFilter$Companion
instanceKlass org/jetbrains/kotlin/resolve/scopes/DescriptorKindFilter
instanceKlass org/jetbrains/kotlin/resolve/scopes/AbstractScopeAdapter
instanceKlass org/jetbrains/kotlin/resolve/PlatformDependentAnalyzerServices$DefaultImportsKey
# instanceKlass java/lang/invoke/LambdaForm$MH+0x00000008004e1400
# instanceKlass java/lang/invoke/LambdaForm$MH+0x00000008004e1000
# instanceKlass java/lang/invoke/LambdaForm$MH+0x00000008004e0c00
# instanceKlass java/lang/invoke/LambdaForm$MH+0x00000008004e0800
# instanceKlass java/lang/invoke/LambdaForm$MH+0x00000008004e0400
# instanceKlass java/lang/invoke/LambdaForm$MH+0x00000008004e0000
# instanceKlass java/lang/invoke/LambdaForm$MH+0x00000008004dfc00
# instanceKlass java/lang/invoke/LambdaForm$MH+0x00000008004df800
# instanceKlass java/lang/invoke/LambdaForm$MH+0x00000008004df400
# instanceKlass java/lang/invoke/LambdaForm$MH+0x00000008004df000
# instanceKlass java/lang/invoke/LambdaForm$MH+0x00000008004dec00
# instanceKlass java/lang/invoke/LambdaForm$MH+0x00000008004de800
# instanceKlass java/lang/invoke/LambdaForm$MH+0x00000008004de400
# instanceKlass java/lang/invoke/LambdaForm$MH+0x00000008004de000
# instanceKlass java/lang/invoke/LambdaForm$MH+0x00000008004ddc00
# instanceKlass java/lang/invoke/LambdaForm$MH+0x00000008004dd800
# instanceKlass java/lang/invoke/LambdaForm$MH+0x00000008004dd400
# instanceKlass java/lang/invoke/LambdaForm$MH+0x00000008004dd000
# instanceKlass java/lang/invoke/LambdaForm$MH+0x00000008004dcc00
# instanceKlass java/lang/invoke/LambdaForm$MH+0x00000008004dc800
# instanceKlass java/lang/invoke/LambdaForm$MH+0x00000008004dc400
# instanceKlass java/lang/invoke/LambdaForm$MH+0x00000008004dc000
# instanceKlass java/lang/invoke/LambdaForm$MH+0x00000008004dbc00
# instanceKlass java/lang/invoke/LambdaForm$MH+0x00000008004db800
# instanceKlass java/lang/invoke/LambdaForm$MH+0x00000008004db400
# instanceKlass java/lang/invoke/LambdaForm$MH+0x00000008004db000
# instanceKlass java/lang/invoke/LambdaForm$MH+0x00000008004dac00
# instanceKlass java/lang/invoke/LambdaForm$MH+0x00000008004da800
# instanceKlass java/lang/invoke/LambdaForm$MH+0x00000008004da400
# instanceKlass java/lang/invoke/LambdaForm$MH+0x00000008004da000
# instanceKlass java/lang/invoke/LambdaForm$MH+0x00000008004d9c00
# instanceKlass java/lang/invoke/LambdaForm$BMH+0x00000008004d9800
# instanceKlass java/lang/invoke/LambdaForm$DMH+0x00000008004d9400
# instanceKlass java/lang/invoke/LambdaForm$DMH+0x00000008004d9000
# instanceKlass java/lang/invoke/LambdaForm$MH+0x00000008004d8c00
# instanceKlass java/lang/invoke/LambdaForm$MH+0x00000008004d8800
# instanceKlass java/lang/invoke/LambdaForm$MH+0x00000008004d8400
# instanceKlass java/lang/invoke/LambdaForm$MH+0x00000008004d8000
# instanceKlass java/lang/invoke/LambdaForm$MH+0x00000008004d7c00
# instanceKlass java/lang/invoke/LambdaForm$MH+0x00000008004d7800
# instanceKlass java/lang/invoke/LambdaForm$MH+0x00000008004d7400
# instanceKlass java/lang/invoke/LambdaForm$MH+0x00000008004d7000
# instanceKlass java/lang/invoke/LambdaForm$MH+0x00000008004d6c00
# instanceKlass java/lang/invoke/LambdaForm$MH+0x00000008004d6800
# instanceKlass java/lang/invoke/LambdaForm$MH+0x00000008004d6400
# instanceKlass java/lang/invoke/LambdaForm$MH+0x00000008004d6000
# instanceKlass java/lang/invoke/LambdaForm$MH+0x00000008004d5c00
# instanceKlass java/lang/invoke/LambdaForm$MH+0x00000008004d5800
# instanceKlass java/lang/invoke/LambdaForm$MH+0x00000008004d5400
# instanceKlass java/lang/invoke/LambdaForm$MH+0x00000008004d5000
# instanceKlass java/lang/invoke/LambdaForm$MH+0x00000008004d4c00
# instanceKlass java/lang/invoke/LambdaForm$MH+0x00000008004d4800
# instanceKlass java/lang/invoke/LambdaForm$MH+0x00000008004d4400
# instanceKlass java/lang/invoke/LambdaForm$MH+0x00000008004d4000
# instanceKlass java/lang/invoke/LambdaForm$MH+0x00000008004d3c00
# instanceKlass java/lang/invoke/LambdaForm$MH+0x00000008004d3800
# instanceKlass java/lang/invoke/LambdaForm$MH+0x00000008004d3400
# instanceKlass java/lang/invoke/LambdaForm$MH+0x00000008004d3000
# instanceKlass java/lang/invoke/LambdaForm$MH+0x00000008004d2c00
# instanceKlass java/lang/invoke/LambdaForm$MH+0x00000008004d2800
# instanceKlass java/lang/invoke/LambdaForm$MH+0x00000008004d2400
# instanceKlass java/lang/invoke/LambdaForm$MH+0x00000008004d2000
# instanceKlass java/lang/invoke/LambdaForm$MH+0x00000008004d1c00
# instanceKlass java/lang/invoke/LambdaForm$MH+0x00000008004d1800
instanceKlass org/jetbrains/kotlin/resolve/VariableTypeAndInitializerResolver$Companion
# instanceKlass java/lang/invoke/LambdaForm$MH+0x00000008004d1400
# instanceKlass java/lang/invoke/LambdaForm$MH+0x00000008004d1000
# instanceKlass java/lang/invoke/LambdaForm$MH+0x00000008004d0c00
# instanceKlass java/lang/invoke/LambdaForm$MH+0x00000008004d0800
# instanceKlass java/lang/invoke/LambdaForm$MH+0x00000008004d0400
# instanceKlass java/lang/invoke/LambdaForm$MH+0x00000008004d0000
# instanceKlass java/lang/invoke/LambdaForm$MH+0x00000008004cdc00
# instanceKlass java/lang/invoke/LambdaForm$MH+0x00000008004cd800
# instanceKlass java/lang/invoke/LambdaForm$MH+0x00000008004cd400
# instanceKlass java/lang/invoke/LambdaForm$MH+0x00000008004cd000
instanceKlass org/jetbrains/kotlin/resolve/checkers/ResolutionWithStubTypesChecker
instanceKlass org/jetbrains/kotlin/types/checker/SimpleClassicTypeSystemContext
instanceKlass org/jetbrains/kotlin/resolve/checkers/PassingProgressionAsCollectionCallChecker
instanceKlass org/jetbrains/kotlin/resolve/calls/checkers/CallCheckerWithAdditionalResolve
# instanceKlass java/lang/invoke/LambdaForm$MH+0x00000008004ccc00
# instanceKlass java/lang/invoke/LambdaForm$MH+0x00000008004cc800
# instanceKlass java/lang/invoke/LambdaForm$DMH+0x00000008004cc400
# instanceKlass java/lang/invoke/LambdaForm$MH+0x00000008004cc000
# instanceKlass java/lang/invoke/LambdaForm$DMH+0x00000008004cbc00
# instanceKlass java/lang/invoke/LambdaForm$MH+0x00000008004cb800
# instanceKlass java/lang/invoke/LambdaForm$DMH+0x00000008004cb400
# instanceKlass java/lang/invoke/LambdaForm$MH+0x00000008004cb000
# instanceKlass java/lang/invoke/LambdaForm$DMH+0x00000008004cac00
# instanceKlass java/lang/invoke/LambdaForm$MH+0x00000008004ca800
# instanceKlass java/lang/invoke/LambdaForm$DMH+0x00000008004ca400
# instanceKlass java/lang/invoke/LambdaForm$MH+0x00000008004ca000
# instanceKlass java/lang/invoke/LambdaForm$MH+0x00000008004c9c00
# instanceKlass java/lang/invoke/LambdaForm$MH+0x00000008004c9800
# instanceKlass java/lang/invoke/LambdaForm$MH+0x00000008004c9400
# instanceKlass java/lang/invoke/LambdaForm$MH+0x00000008004c9000
# instanceKlass java/lang/invoke/LambdaForm$MH+0x00000008004c8c00
# instanceKlass java/lang/invoke/LambdaForm$MH+0x00000008004c8800
# instanceKlass java/lang/invoke/LambdaForm$MH+0x00000008004c8400
# instanceKlass java/lang/invoke/LambdaForm$MH+0x00000008004c8000
# instanceKlass java/lang/invoke/LambdaForm$MH+0x00000008004c7c00
# instanceKlass java/lang/invoke/LambdaForm$MH+0x00000008004c7800
# instanceKlass java/lang/invoke/LambdaForm$MH+0x00000008004c7400
# instanceKlass java/lang/invoke/LambdaForm$MH+0x00000008004c7000
# instanceKlass java/lang/invoke/LambdaForm$MH+0x00000008004c6c00
# instanceKlass java/lang/invoke/LambdaForm$MH+0x00000008004c6800
# instanceKlass java/lang/invoke/LambdaForm$MH+0x00000008004c6400
# instanceKlass java/lang/invoke/LambdaForm$MH+0x00000008004c6000
# instanceKlass java/lang/invoke/LambdaForm$BMH+0x00000008004c5c00
# instanceKlass java/lang/invoke/LambdaForm$DMH+0x00000008004c5800
# instanceKlass java/lang/invoke/LambdaForm$DMH+0x00000008004c5400
# instanceKlass java/lang/invoke/LambdaForm$MH+0x00000008004c5000
# instanceKlass java/lang/invoke/LambdaForm$MH+0x00000008004c4c00
# instanceKlass java/lang/invoke/LambdaForm$MH+0x00000008004c4800
# instanceKlass java/lang/invoke/LambdaForm$MH+0x00000008004c4400
# instanceKlass java/lang/invoke/LambdaForm$MH+0x00000008004c4000
# instanceKlass java/lang/invoke/LambdaForm$MH+0x00000008004c3c00
instanceKlass  @bci org/jetbrains/kotlin/resolve/calls/CallResolver computeTasksAndResolveCall (Lorg/jetbrains/kotlin/resolve/calls/context/BasicCallResolutionContext;Lorg/jetbrains/kotlin/name/Name;Lorg/jetbrains/kotlin/resolve/calls/tasks/TracingStrategy;Lorg/jetbrains/kotlin/resolve/calls/tower/NewResolutionOldInference$ResolutionKind;)Lorg/jetbrains/kotlin/resolve/calls/results/OverloadResolutionResults; 46 <appendix> form vmentry <vmtarget> ; # java/lang/invoke/LambdaForm$DMH+0x00000008004c3800
instanceKlass org/jetbrains/kotlin/resolve/calls/components/NewOverloadingConflictResolver$Companion
# instanceKlass java/lang/invoke/LambdaForm$MH+0x00000008004c3400
# instanceKlass java/lang/invoke/LambdaForm$MH+0x00000008004c3000
# instanceKlass java/lang/invoke/LambdaForm$MH+0x00000008004c2c00
# instanceKlass java/lang/invoke/LambdaForm$MH+0x00000008004c2800
# instanceKlass java/lang/invoke/LambdaForm$MH+0x00000008004c2400
instanceKlass org/jetbrains/kotlin/resolve/calls/inference/components/KotlinConstraintSystemCompleter$Companion
# instanceKlass java/lang/invoke/LambdaForm$MH+0x00000008004c2000
# instanceKlass java/lang/invoke/LambdaForm$MH+0x00000008004c1c00
# instanceKlass java/lang/invoke/LambdaForm$MH+0x00000008004c1800
instanceKlass org/jetbrains/kotlin/resolve/calls/inference/components/PostponedArgumentInputTypesResolver$Companion
# instanceKlass java/lang/invoke/LambdaForm$MH+0x00000008004c1400
# instanceKlass java/lang/invoke/LambdaForm$MH+0x00000008004c1000
# instanceKlass java/lang/invoke/LambdaForm$DMH+0x00000008004c0c00
# instanceKlass java/lang/invoke/LambdaForm$MH+0x00000008004c0800
# instanceKlass java/lang/invoke/LambdaForm$DMH+0x00000008004c0400
# instanceKlass java/lang/invoke/LambdaForm$MH+0x00000008004c0000
# instanceKlass java/lang/invoke/LambdaForm$DMH+0x00000008004bfc00
# instanceKlass java/lang/invoke/LambdaForm$MH+0x00000008004bf800
# instanceKlass java/lang/invoke/LambdaForm$DMH+0x00000008004bf400
# instanceKlass java/lang/invoke/LambdaForm$MH+0x00000008004bf000
# instanceKlass java/lang/invoke/LambdaForm$MH+0x00000008004bec00
# instanceKlass java/lang/invoke/LambdaForm$MH+0x00000008004be800
# instanceKlass java/lang/invoke/LambdaForm$MH+0x00000008004be400
# instanceKlass java/lang/invoke/LambdaForm$MH+0x00000008004be000
# instanceKlass java/lang/invoke/LambdaForm$MH+0x00000008004bdc00
# instanceKlass java/lang/invoke/LambdaForm$MH+0x00000008004bd800
# instanceKlass java/lang/invoke/LambdaForm$MH+0x00000008004bd400
# instanceKlass java/lang/invoke/LambdaForm$MH+0x00000008004bd000
# instanceKlass java/lang/invoke/LambdaForm$MH+0x00000008004bcc00
# instanceKlass java/lang/invoke/LambdaForm$MH+0x00000008004bc800
# instanceKlass java/lang/invoke/LambdaForm$MH+0x00000008004bc400
instanceKlass java/lang/invoke/LambdaFormEditor$1
# instanceKlass java/lang/invoke/LambdaForm$MH+0x00000008004bc000
# instanceKlass java/lang/invoke/LambdaForm$BMH+0x00000008004bbc00
# instanceKlass java/lang/invoke/LambdaForm$DMH+0x00000008004bb800
# instanceKlass java/lang/invoke/LambdaForm$DMH+0x00000008004bb400
instanceKlass org/jetbrains/kotlin/resolve/calls/tower/KotlinToResolvedCallTransformer$Companion
# instanceKlass java/lang/invoke/LambdaForm$MH+0x00000008004bb000
# instanceKlass java/lang/invoke/LambdaForm$MH+0x00000008004bac00
# instanceKlass java/lang/invoke/LambdaForm$DMH+0x00000008004ba800
# instanceKlass java/lang/invoke/LambdaForm$MH+0x00000008004ba400
# instanceKlass java/lang/invoke/LambdaForm$DMH+0x00000008004ba000
# instanceKlass java/lang/invoke/LambdaForm$MH+0x00000008004b9c00
# instanceKlass java/lang/invoke/LambdaForm$MH+0x00000008004b9800
# instanceKlass java/lang/invoke/LambdaForm$MH+0x00000008004b9400
# instanceKlass java/lang/invoke/LambdaForm$MH+0x00000008004b9000
# instanceKlass java/lang/invoke/LambdaForm$MH+0x00000008004b8c00
# instanceKlass java/lang/invoke/LambdaForm$MH+0x00000008004b8800
# instanceKlass java/lang/invoke/LambdaForm$MH+0x00000008004b8400
# instanceKlass java/lang/invoke/LambdaForm$MH+0x00000008004b8000
# instanceKlass java/lang/invoke/LambdaForm$MH+0x00000008004b3c00
# instanceKlass java/lang/invoke/LambdaForm$MH+0x00000008004b3800
# instanceKlass java/lang/invoke/LambdaForm$MH+0x00000008004b3400
# instanceKlass java/lang/invoke/LambdaForm$BMH+0x00000008004b3000
# instanceKlass java/lang/invoke/LambdaForm$DMH+0x00000008004b2c00
# instanceKlass java/lang/invoke/LambdaForm$DMH+0x00000008004b2800
instanceKlass org/jetbrains/kotlin/resolve/calls/results/OverloadingConflictResolver$SpecificityComparisonWithNumerics$1
instanceKlass org/jetbrains/kotlin/resolve/calls/results/SpecificityComparisonCallbacks
instanceKlass org/jetbrains/kotlin/resolve/calls/results/OverloadingConflictResolver$resolvedCallHashingStrategy$1
# instanceKlass java/lang/invoke/LambdaForm$MH+0x00000008004b2400
# instanceKlass java/lang/invoke/LambdaForm$MH+0x00000008004b2000
# instanceKlass java/lang/invoke/LambdaForm$MH+0x00000008004b1c00
# instanceKlass java/lang/invoke/LambdaForm$MH+0x00000008004b1800
# instanceKlass java/lang/invoke/LambdaForm$MH+0x00000008004b1400
# instanceKlass java/lang/invoke/LambdaForm$MH+0x00000008004b1000
# instanceKlass java/lang/invoke/LambdaForm$MH+0x00000008004b0c00
# instanceKlass java/lang/invoke/LambdaForm$MH+0x00000008004b0800
# instanceKlass java/lang/invoke/LambdaForm$MH+0x00000008004b0400
# instanceKlass java/lang/invoke/LambdaForm$DMH+0x00000008004b0000
instanceKlass org/jetbrains/kotlin/resolve/calls/components/CallableReferenceOverloadConflictResolver$Companion
# instanceKlass java/lang/invoke/LambdaForm$MH+0x00000008004aec00
# instanceKlass java/lang/invoke/LambdaForm$MH+0x00000008004ae800
# instanceKlass java/lang/invoke/LambdaForm$MH+0x00000008004ae400
instanceKlass org/jetbrains/kotlin/resolve/calls/inference/components/TrivialConstraintTypeInferenceOracle$Companion
instanceKlass org/jetbrains/kotlin/types/AbstractTypeApproximator$Companion
# instanceKlass java/lang/invoke/LambdaForm$MH+0x00000008004ae000
# instanceKlass java/lang/invoke/LambdaForm$MH+0x00000008004adc00
# instanceKlass java/lang/invoke/LambdaForm$MH+0x00000008004ad800
# instanceKlass java/lang/invoke/LambdaForm$MH+0x00000008004ad400
# instanceKlass java/lang/invoke/LambdaForm$MH+0x00000008004ad000
# instanceKlass java/lang/invoke/LambdaForm$MH+0x00000008004acc00
# instanceKlass java/lang/invoke/LambdaForm$MH+0x00000008004ac800
# instanceKlass java/lang/invoke/LambdaForm$MH+0x00000008004ac400
# instanceKlass java/lang/invoke/LambdaForm$MH+0x00000008004ac000
# instanceKlass java/lang/invoke/LambdaForm$MH+0x00000008004abc00
# instanceKlass java/lang/invoke/LambdaForm$MH+0x00000008004ab800
# instanceKlass java/lang/invoke/LambdaForm$MH+0x00000008004ab400
instanceKlass org/jetbrains/kotlin/types/expressions/DoubleColonExpressionResolver$Companion
# instanceKlass java/lang/invoke/LambdaForm$MH+0x00000008004ab000
# instanceKlass java/lang/invoke/LambdaForm$MH+0x00000008004aac00
# instanceKlass java/lang/invoke/LambdaForm$MH+0x00000008004aa800
# instanceKlass java/lang/invoke/LambdaForm$MH+0x00000008004aa400
# instanceKlass java/lang/invoke/LambdaForm$MH+0x00000008004aa000
# instanceKlass java/lang/invoke/LambdaForm$MH+0x00000008004a9c00
# instanceKlass java/lang/invoke/LambdaForm$MH+0x00000008004a9800
# instanceKlass java/lang/invoke/LambdaForm$MH+0x00000008004a9400
# instanceKlass java/lang/invoke/LambdaForm$MH+0x00000008004a9000
# instanceKlass java/lang/invoke/LambdaForm$MH+0x00000008004a8c00
# instanceKlass java/lang/invoke/LambdaForm$MH+0x00000008004a8800
# instanceKlass java/lang/invoke/LambdaForm$DMH+0x00000008004a8400
instanceKlass org/jetbrains/kotlin/resolve/calls/smartcasts/SmartCastManager$Companion
# instanceKlass java/lang/invoke/LambdaForm$MH+0x00000008004a8000
# instanceKlass java/lang/invoke/LambdaForm$MH+0x00000008004a7c00
# instanceKlass java/lang/invoke/LambdaForm$MH+0x00000008004a7800
# instanceKlass java/lang/invoke/LambdaForm$MH+0x00000008004a7400
# instanceKlass java/lang/invoke/LambdaForm$MH+0x00000008004a7000
# instanceKlass java/lang/invoke/LambdaForm$MH+0x00000008004a6c00
# instanceKlass java/lang/invoke/LambdaForm$MH+0x00000008004a6800
# instanceKlass java/lang/invoke/LambdaForm$MH+0x00000008004a6400
instanceKlass  @bci org/jetbrains/kotlin/resolve/DescriptorResolver inferReturnTypeFromExpressionBody (Lorg/jetbrains/kotlin/resolve/BindingTrace;Lorg/jetbrains/kotlin/resolve/scopes/LexicalScope;Lorg/jetbrains/kotlin/resolve/calls/smartcasts/DataFlowInfo;Lorg/jetbrains/kotlin/psi/KtDeclarationWithBody;Lorg/jetbrains/kotlin/descriptors/FunctionDescriptor;Lorg/jetbrains/kotlin/resolve/calls/components/InferenceSession;)Lorg/jetbrains/kotlin/types/KotlinType; 62 <appendix> form vmentry <vmtarget> ; # java/lang/invoke/LambdaForm$DMH+0x00000008004a6000
# instanceKlass java/lang/invoke/LambdaForm$MH+0x00000008004a5c00
# instanceKlass java/lang/invoke/LambdaForm$MH+0x00000008004a5800
# instanceKlass java/lang/invoke/LambdaForm$MH+0x00000008004a5400
# instanceKlass java/lang/invoke/LambdaForm$MH+0x00000008004a5000
instanceKlass org/jetbrains/kotlin/resolve/StatementFilter$Companion
# instanceKlass java/lang/invoke/LambdaForm$MH+0x00000008004a4c00
# instanceKlass java/lang/invoke/LambdaForm$MH+0x00000008004a4800
# instanceKlass java/lang/invoke/LambdaForm$MH+0x00000008004a4400
instanceKlass org/jetbrains/kotlin/resolve/AnnotationChecker$Companion
# instanceKlass java/lang/invoke/LambdaForm$MH+0x00000008004a4000
# instanceKlass java/lang/invoke/LambdaForm$MH+0x00000008004a3c00
# instanceKlass java/lang/invoke/LambdaForm$DMH+0x00000008004a3800
# instanceKlass java/lang/invoke/LambdaForm$MH+0x00000008004a3400
# instanceKlass java/lang/invoke/LambdaForm$DMH+0x00000008004a3000
# instanceKlass java/lang/invoke/LambdaForm$MH+0x00000008004a2c00
# instanceKlass java/lang/invoke/LambdaForm$MH+0x00000008004a2800
# instanceKlass java/lang/invoke/LambdaForm$MH+0x00000008004a2400
# instanceKlass java/lang/invoke/LambdaForm$MH+0x00000008004a2000
# instanceKlass java/lang/invoke/LambdaForm$MH+0x00000008004a1c00
# instanceKlass java/lang/invoke/LambdaForm$MH+0x00000008004a1800
# instanceKlass java/lang/invoke/LambdaForm$MH+0x00000008004a1400
# instanceKlass java/lang/invoke/LambdaForm$MH+0x00000008004a1000
# instanceKlass java/lang/invoke/LambdaForm$MH+0x00000008004a0c00
# instanceKlass java/lang/invoke/LambdaForm$DMH+0x00000008004a0800
# instanceKlass java/lang/invoke/LambdaForm$DMH+0x00000008004a0400
instanceKlass org/jetbrains/kotlin/resolve/TypeResolver$Companion
instanceKlass org/jetbrains/kotlin/resolve/QualifiedExpressionResolver$Companion
# instanceKlass java/lang/invoke/LambdaForm$MH+0x00000008004a0000
# instanceKlass java/lang/invoke/LambdaForm$MH+0x000000080049bc00
# instanceKlass java/lang/invoke/LambdaForm$MH+0x000000080049b800
# instanceKlass java/lang/invoke/LambdaForm$MH+0x000000080049b400
# instanceKlass java/lang/invoke/LambdaForm$MH+0x000000080049b000
instanceKlass org/jetbrains/kotlin/resolve/constants/evaluate/ConstantExpressionEvaluator$Companion$ExperimentalityDiagnostic1
instanceKlass org/jetbrains/kotlin/resolve/constants/evaluate/ConstantExpressionEvaluator$Companion
# instanceKlass java/lang/invoke/LambdaForm$MH+0x000000080049ac00
# instanceKlass java/lang/invoke/LambdaForm$MH+0x000000080049a800
instanceKlass org/jetbrains/kotlin/util/CounterWithExclude$Companion
instanceKlass org/jetbrains/kotlin/util/ReenterableCounter$Companion
instanceKlass org/jetbrains/kotlin/container/MethodBinding
instanceKlass  @bci org/jetbrains/kotlin/resolve/lazy/ResolveSession <init> (Lorg/jetbrains/kotlin/com/intellij/openapi/project/Project;Lorg/jetbrains/kotlin/context/GlobalContext;Lorg/jetbrains/kotlin/descriptors/ModuleDescriptor;Lorg/jetbrains/kotlin/resolve/lazy/declarations/DeclarationProviderFactory;Lorg/jetbrains/kotlin/resolve/BindingTrace;Lorg/jetbrains/kotlin/types/checker/NewKotlinTypeChecker;)V 166 <appendix> member <vmtarget> ; # org/jetbrains/kotlin/resolve/lazy/ResolveSession$$Lambda+0x00000008004970d8
instanceKlass  @bci org/jetbrains/kotlin/resolve/lazy/ResolveSession <init> (Lorg/jetbrains/kotlin/com/intellij/openapi/project/Project;Lorg/jetbrains/kotlin/context/GlobalContext;Lorg/jetbrains/kotlin/descriptors/ModuleDescriptor;Lorg/jetbrains/kotlin/resolve/lazy/declarations/DeclarationProviderFactory;Lorg/jetbrains/kotlin/resolve/BindingTrace;Lorg/jetbrains/kotlin/types/checker/NewKotlinTypeChecker;)V 147 <appendix> member <vmtarget> ; # org/jetbrains/kotlin/resolve/lazy/ResolveSession$$Lambda+0x0000000800496e80
instanceKlass org/jetbrains/kotlin/resolve/lazy/descriptors/LazyAnnotations
instanceKlass org/jetbrains/kotlin/resolve/lazy/ResolveSession$1
instanceKlass org/jetbrains/kotlin/storage/LockBasedLazyResolveStorageManager$LockProtectedContext
instanceKlass org/jetbrains/kotlin/storage/LockBasedLazyResolveStorageManager$LockProtectedTrace
instanceKlass org/jetbrains/kotlin/storage/LockBasedLazyResolveStorageManager
# instanceKlass java/lang/invoke/LambdaForm$MH+0x000000080049a400
# instanceKlass java/lang/invoke/LambdaForm$MH+0x000000080049a000
# instanceKlass java/lang/invoke/LambdaForm$MH+0x0000000800499c00
# instanceKlass java/lang/invoke/LambdaForm$MH+0x0000000800499800
# instanceKlass java/lang/invoke/LambdaForm$MH+0x0000000800499400
# instanceKlass java/lang/invoke/LambdaForm$MH+0x0000000800499000
# instanceKlass java/lang/invoke/LambdaForm$MH+0x0000000800498c00
# instanceKlass java/lang/invoke/LambdaForm$DMH+0x0000000800498800
instanceKlass org/jetbrains/kotlin/resolve/checkers/OptInNames
instanceKlass org/jetbrains/kotlin/resolve/checkers/OptInUsageChecker$OptInFactoryBasedReporter
instanceKlass org/jetbrains/kotlin/resolve/checkers/OptInUsageChecker$OptInDiagnosticReporter
instanceKlass org/jetbrains/kotlin/resolve/checkers/OptInUsageChecker$Companion
# instanceKlass java/lang/invoke/LambdaForm$MH+0x0000000800498400
# instanceKlass java/lang/invoke/LambdaForm$MH+0x0000000800498000
# instanceKlass java/lang/invoke/LambdaForm$MH+0x0000000800493c00
# instanceKlass java/lang/invoke/LambdaForm$MH+0x0000000800493800
# instanceKlass java/lang/invoke/LambdaForm$MH+0x0000000800493400
instanceKlass  @bci org/jetbrains/kotlin/resolve/calls/CallResolver computeTasksFromCandidatesAndResolvedCall (Lorg/jetbrains/kotlin/resolve/calls/context/BasicCallResolutionContext;Ljava/util/Collection;Lorg/jetbrains/kotlin/resolve/calls/tasks/TracingStrategy;)Lorg/jetbrains/kotlin/resolve/calls/results/OverloadResolutionResults; 34 <appendix> form vmentry <vmtarget> ; # java/lang/invoke/LambdaForm$DMH+0x0000000800493000
instanceKlass org/jetbrains/kotlin/resolve/checkers/ExpectedActualDeclarationChecker$Companion
instanceKlass org/jetbrains/kotlin/resolve/jvm/checkers/InlinePlatformCompatibilityChecker$Companion
instanceKlass org/jetbrains/kotlin/resolve/LanguageVersionSettingsProvider$Companion
instanceKlass org/jetbrains/kotlin/resolve/LanguageVersionSettingsProvider
instanceKlass org/jetbrains/kotlin/synthetic/SyntheticScopeProviderExtension
instanceKlass org/jetbrains/kotlin/resolve/scopes/SyntheticScope$Default
instanceKlass org/jetbrains/kotlin/resolve/scopes/SyntheticScope
# instanceKlass java/lang/invoke/LambdaForm$MH+0x0000000800492c00
instanceKlass java/lang/invoke/MethodHandleImpl$ArrayAccessor
instanceKlass java/lang/invoke/MethodHandleImpl$LoopClauses
instanceKlass java/lang/invoke/MethodHandleImpl$CasesHolder
# instanceKlass java/lang/invoke/LambdaForm$MH+0x0000000800492800
# instanceKlass java/lang/invoke/LambdaForm$DMH+0x0000000800492400
# instanceKlass java/lang/invoke/LambdaForm$MH+0x0000000800492000
# instanceKlass java/lang/invoke/LambdaForm$MH+0x0000000800491c00
# instanceKlass java/lang/invoke/LambdaForm$MH+0x0000000800491800
# instanceKlass java/lang/invoke/LambdaForm$MH+0x0000000800491400
# instanceKlass java/lang/invoke/LambdaForm$MH+0x0000000800491000
# instanceKlass java/lang/invoke/LambdaForm$MH+0x0000000800490c00
# instanceKlass java/lang/invoke/LambdaForm$MH+0x0000000800490800
# instanceKlass java/lang/invoke/LambdaForm$MH+0x0000000800490400
# instanceKlass java/lang/invoke/LambdaForm$DMH+0x0000000800490000
instanceKlass org/jetbrains/kotlin/resolve/deprecation/DeprecationResolver$Companion
instanceKlass org/jetbrains/kotlin/container/IterableDescriptor
instanceKlass  @bci jdk/internal/reflect/DirectConstructorHandleAccessor invokeImpl ([Ljava/lang/Object;)Ljava/lang/Object; 88 <adapter> ; # java/lang/invoke/LambdaForm$MH+0x000000080048dc00
# instanceKlass java/lang/invoke/LambdaForm$MH+0x000000080048d800
# instanceKlass java/lang/invoke/LambdaForm$MH+0x000000080048d400
# instanceKlass java/lang/invoke/LambdaForm$MH+0x000000080048d000
instanceKlass org/jetbrains/kotlin/builtins/ReflectionTypes$ClassLookup
instanceKlass org/jetbrains/kotlin/builtins/ReflectionTypes$Companion
# instanceKlass java/lang/invoke/LambdaForm$MH+0x000000080048cc00
# instanceKlass java/lang/invoke/LambdaForm$MH+0x000000080048c800
instanceKlass org/jetbrains/kotlin/resolve/jvm/checkers/JavaNullabilityChecker$Companion
# instanceKlass java/lang/invoke/LambdaForm$MH+0x000000080048c400
# instanceKlass java/lang/invoke/LambdaForm$MH+0x000000080048c000
instanceKlass org/jetbrains/kotlin/container/ConstructorBinding
instanceKlass org/jetbrains/kotlin/container/ResolveKt
instanceKlass org/jetbrains/kotlin/container/SingletonDescriptor$WhenMappings
instanceKlass org/jetbrains/kotlin/load/kotlin/MemberSignature
instanceKlass org/jetbrains/kotlin/load/kotlin/AbstractBinaryClassAnnotationLoader$AnnotationsContainer
instanceKlass org/jetbrains/kotlin/serialization/deserialization/ProtoContainer
instanceKlass org/jetbrains/kotlin/load/java/typeEnhancement/JavaTypeEnhancement
instanceKlass org/jetbrains/kotlin/load/java/typeEnhancement/NullabilityQualifierWithMigrationStatus
instanceKlass org/jetbrains/kotlin/load/java/JavaTypeQualifiersByElementType
instanceKlass org/jetbrains/kotlin/serialization/deserialization/ClassData
instanceKlass org/jetbrains/kotlin/load/kotlin/KotlinJvmBinaryClass
instanceKlass org/jetbrains/kotlin/load/java/typeEnhancement/SignatureEnhancement
instanceKlass org/jetbrains/kotlin/load/kotlin/DeserializedDescriptorResolver
instanceKlass org/jetbrains/kotlin/load/java/lazy/JavaResolverComponents
instanceKlass org/jetbrains/kotlin/resolve/inline/ReasonableInlineRule
instanceKlass org/jetbrains/kotlin/resolve/AnalyzerExtensions
instanceKlass org/jetbrains/kotlin/resolve/ControlFlowAnalyzer
instanceKlass org/jetbrains/kotlin/resolve/scopes/optimization/OptimizingOptions$Default
instanceKlass org/jetbrains/kotlin/resolve/scopes/optimization/OptimizingOptions
instanceKlass org/jetbrains/kotlin/resolve/lazy/FileScopeFactory$DummyContainerDescriptor
instanceKlass org/jetbrains/kotlin/resolve/lazy/FileScopeFactory$DefaultImportResolvers
instanceKlass org/jetbrains/kotlin/resolve/lazy/ImportResolutionComponents
instanceKlass org/jetbrains/kotlin/resolve/lazy/FileScopeFactory
instanceKlass org/jetbrains/kotlin/resolve/lazy/FileScopeProviderImpl
instanceKlass org/jetbrains/kotlin/resolve/lazy/FileScopes
instanceKlass org/jetbrains/kotlin/resolve/lazy/ImportForceResolver
instanceKlass org/jetbrains/kotlin/com/intellij/psi/PsiPlainTextFile
instanceKlass org/jetbrains/kotlin/com/intellij/psi/PsiErrorElement
instanceKlass org/jetbrains/kotlin/com/intellij/psi/templateLanguages/OuterLanguageElement
instanceKlass org/jetbrains/kotlin/resolve/calls/context/CallPosition
instanceKlass org/jetbrains/kotlin/resolve/calls/context/TemporaryTraceAndCache
instanceKlass org/jetbrains/kotlin/resolve/checkers/PlatformDiagnosticSuppressor$Default
instanceKlass org/jetbrains/kotlin/resolve/ModifiersChecker$ModifiersCheckingProcedure
instanceKlass org/jetbrains/kotlin/resolve/DeclarationsChecker
instanceKlass org/jetbrains/kotlin/types/expressions/FakeCallResolver$RealExpression
instanceKlass org/jetbrains/kotlin/resolve/calls/results/ResolutionResultsHandler
instanceKlass org/jetbrains/kotlin/resolve/calls/tower/ImplicitsExtensionsResolutionFilter$Default
instanceKlass org/jetbrains/kotlin/resolve/calls/inference/components/TypeVariableDependencyInformationProvider
instanceKlass org/jetbrains/kotlin/resolve/calls/inference/components/VariableFixationFinder$VariableForFixation
instanceKlass org/jetbrains/kotlin/resolve/calls/inference/model/VariableWithConstraints
instanceKlass org/jetbrains/kotlin/resolve/calls/inference/components/ConstraintSystemCompletionContext
instanceKlass org/jetbrains/kotlin/resolve/calls/inference/components/VariableFixationFinder$Context
instanceKlass org/jetbrains/kotlin/resolve/calls/inference/components/ResultTypeResolver$Context
instanceKlass org/jetbrains/kotlin/resolve/calls/inference/components/PostponedArgumentInputTypesResolver
instanceKlass org/jetbrains/kotlin/resolve/calls/inference/components/VariableFixationFinder
instanceKlass org/jetbrains/kotlin/resolve/calls/components/PostponedArgumentsAnalyzer$SubstitutorAndStubsForLambdaAnalysis
instanceKlass org/jetbrains/kotlin/resolve/calls/components/ReturnArgumentsAnalysisResult
instanceKlass org/jetbrains/kotlin/resolve/calls/components/PostponedArgumentsAnalyzerContext
instanceKlass org/jetbrains/kotlin/resolve/calls/model/KotlinDiagnosticsHolder$SimpleHolder
instanceKlass org/jetbrains/kotlin/resolve/calls/tower/CandidateFactory
instanceKlass org/jetbrains/kotlin/resolve/calls/tower/TowerData
instanceKlass org/jetbrains/kotlin/resolve/calls/tower/TowerResolver$ResultCollector
instanceKlass org/jetbrains/kotlin/resolve/calls/tower/ScopeTowerProcessor
instanceKlass org/jetbrains/kotlin/resolve/calls/inference/model/ConstraintStorage
instanceKlass org/jetbrains/kotlin/resolve/calls/components/KotlinCallCompleter
instanceKlass org/jetbrains/kotlin/resolve/calls/tower/TowerResolver
instanceKlass org/jetbrains/kotlin/resolve/scopes/receivers/ReceiverValueWithSmartCastInfo
instanceKlass org/jetbrains/kotlin/resolve/calls/inference/components/NewTypeSubstitutor
instanceKlass org/jetbrains/kotlin/resolve/calls/tower/NewAbstractResolvedCall
instanceKlass org/jetbrains/kotlin/resolve/calls/components/AdditionalDiagnosticReporter
instanceKlass org/jetbrains/kotlin/resolve/calls/tower/PSIKotlinCallArgument
instanceKlass org/jetbrains/kotlin/resolve/calls/tower/KotlinResolutionCallbacksImpl
instanceKlass org/jetbrains/kotlin/resolve/calls/inference/components/ResultTypeResolver
instanceKlass org/jetbrains/kotlin/resolve/calls/inference/components/KotlinConstraintSystemCompleter
instanceKlass org/jetbrains/kotlin/resolve/calls/components/PostponedArgumentsAnalyzer
instanceKlass org/jetbrains/kotlin/resolve/calls/tower/ImplicitsExtensionsResolutionFilter
instanceKlass org/jetbrains/kotlin/resolve/calls/KotlinCallResolver
instanceKlass org/jetbrains/kotlin/resolve/calls/tower/KotlinToResolvedCallTransformer
instanceKlass org/jetbrains/kotlin/resolve/calls/model/ResolvedAtom
instanceKlass org/jetbrains/kotlin/resolve/calls/model/ResolvedCallableReferenceAtom
instanceKlass org/jetbrains/kotlin/resolve/calls/inference/ConstraintSystemBuilder
instanceKlass org/jetbrains/kotlin/resolve/calls/inference/ConstraintSystemOperation
instanceKlass org/jetbrains/kotlin/resolve/calls/results/OverloadingConflictResolver
instanceKlass org/jetbrains/kotlin/types/TypeApproximatorConfiguration
instanceKlass org/jetbrains/kotlin/resolve/calls/inference/model/Constraint
instanceKlass org/jetbrains/kotlin/resolve/calls/inference/components/ConstraintIncorporator$Context
instanceKlass org/jetbrains/kotlin/resolve/calls/inference/components/TrivialConstraintTypeInferenceOracle
instanceKlass org/jetbrains/kotlin/resolve/calls/inference/components/ConstraintInjector$Context
instanceKlass org/jetbrains/kotlin/resolve/calls/inference/components/ConstraintIncorporator
instanceKlass org/jetbrains/kotlin/resolve/calls/components/TypeArgumentsToParametersMapper$TypeArgumentsMapping
instanceKlass org/jetbrains/kotlin/resolve/calls/components/ArgumentsToParametersMapper$ArgumentMapping
instanceKlass org/jetbrains/kotlin/resolve/calls/components/CallableReferenceArgumentResolver
instanceKlass org/jetbrains/kotlin/resolve/calls/components/TypeArgumentsToParametersMapper
instanceKlass org/jetbrains/kotlin/resolve/calls/components/ArgumentsToParametersMapper
instanceKlass org/jetbrains/kotlin/resolve/calls/CandidateResolver$ValueArgumentsCheckingResult
instanceKlass org/jetbrains/kotlin/resolve/calls/model/MutableResolvedCall
instanceKlass org/jetbrains/kotlin/resolve/calls/CandidateResolver
instanceKlass org/jetbrains/kotlin/resolve/calls/results/OverloadResolutionResultsImpl
instanceKlass org/jetbrains/kotlin/resolve/calls/inference/ConstraintSystem$Builder
instanceKlass org/jetbrains/kotlin/types/expressions/ClassLiteralChecker
instanceKlass org/jetbrains/kotlin/resolve/calls/smartcasts/SmartCastResult
instanceKlass org/jetbrains/kotlin/com/intellij/openapi/util/Ref
instanceKlass org/jetbrains/kotlin/resolve/calls/smartcasts/SmartCastManager
instanceKlass org/jetbrains/kotlin/types/expressions/DoubleColonExpressionResolver$ResolutionResultsAndTraceCommitCallback
instanceKlass org/jetbrains/kotlin/types/expressions/DoubleColonLHS
instanceKlass org/jetbrains/kotlin/resolve/constants/CompileTimeConstant
instanceKlass org/jetbrains/kotlin/types/FunctionPlaceholders
instanceKlass org/jetbrains/kotlin/resolve/calls/inference/BuilderInferenceSupport
instanceKlass org/jetbrains/kotlin/resolve/calls/ArgumentTypeResolver
instanceKlass org/jetbrains/kotlin/resolve/calls/tower/NewResolutionOldInference
instanceKlass org/jetbrains/kotlin/resolve/calls/tower/PSICallResolver
instanceKlass org/jetbrains/kotlin/resolve/calls/CallCompleter
instanceKlass org/jetbrains/kotlin/resolve/scopes/receivers/ExpressionReceiver
instanceKlass org/jetbrains/kotlin/resolve/calls/tasks/OldResolutionCandidate
instanceKlass org/jetbrains/kotlin/resolve/calls/GenericCandidateResolver
instanceKlass org/jetbrains/kotlin/resolve/calls/tower/NewResolutionOldInference$ResolutionKind
instanceKlass org/jetbrains/kotlin/resolve/DelegatingBindingTrace
instanceKlass org/jetbrains/kotlin/resolve/calls/model/MutableDataFlowInfoForArguments
instanceKlass org/jetbrains/kotlin/resolve/calls/model/DataFlowInfoForArguments
instanceKlass org/jetbrains/kotlin/resolve/calls/tasks/TracingStrategy
instanceKlass org/jetbrains/kotlin/builtins/PlatformSpecificCastChecker$Default
instanceKlass org/jetbrains/kotlin/resolve/calls/smartcasts/ConditionalDataFlowInfo
instanceKlass org/jetbrains/kotlin/resolve/calls/checkers/RttiExpressionChecker
instanceKlass kotlin/reflect/jvm/internal/pcollections/ConsPStack$Itr
instanceKlass org/jetbrains/kotlin/resolve/LocalVariableResolver
instanceKlass org/jetbrains/kotlin/types/expressions/ValueParameterResolver
instanceKlass org/jetbrains/kotlin/types/expressions/LocalClassifierAnalyzer
instanceKlass org/jetbrains/kotlin/resolve/calls/CallExpressionResolver
instanceKlass org/jetbrains/kotlin/types/expressions/DataFlowAnalyzer
instanceKlass org/jetbrains/kotlin/contracts/parsing/ContractParsingServices
instanceKlass org/jetbrains/kotlin/types/expressions/FakeCallResolver
instanceKlass org/jetbrains/kotlin/resolve/calls/model/KotlinCallComponents
instanceKlass org/jetbrains/kotlin/resolve/MissingSupertypesResolver
instanceKlass org/jetbrains/kotlin/resolve/DeclarationsCheckerBuilder
instanceKlass org/jetbrains/kotlin/types/expressions/DoubleColonExpressionResolver
instanceKlass org/jetbrains/kotlin/types/expressions/ForLoopConventionsChecker
instanceKlass org/jetbrains/kotlin/resolve/CollectionLiteralResolver
instanceKlass org/jetbrains/kotlin/types/expressions/ControlStructureTypingUtils
instanceKlass org/jetbrains/kotlin/builtins/PlatformSpecificCastChecker
instanceKlass org/jetbrains/kotlin/contracts/EffectSystem
instanceKlass org/jetbrains/kotlin/resolve/calls/tower/KotlinResolutionCallbacksImpl$LambdaInfo
instanceKlass org/jetbrains/kotlin/types/expressions/KotlinTypeInfo
instanceKlass org/jetbrains/kotlin/resolve/StatementFilter
instanceKlass org/jetbrains/kotlin/resolve/AnnotationChecker
instanceKlass org/jetbrains/kotlin/types/expressions/ExpressionTypingComponents
instanceKlass org/jetbrains/kotlin/types/expressions/ExpressionTypingInternals
instanceKlass org/jetbrains/kotlin/types/expressions/ExpressionTypingFacade
instanceKlass org/jetbrains/kotlin/resolve/DelegatedPropertyResolver
instanceKlass org/jetbrains/kotlin/resolve/scopes/LexicalScopeStorage
instanceKlass org/jetbrains/kotlin/resolve/DeclarationSignatureAnonymousTypeTransformer
instanceKlass org/jetbrains/kotlin/types/AbstractTypeApproximator
instanceKlass org/jetbrains/kotlin/resolve/ModifiersChecker
instanceKlass org/jetbrains/kotlin/types/expressions/DestructuringDeclarationResolver
instanceKlass org/jetbrains/kotlin/resolve/OverloadChecker
instanceKlass org/jetbrains/kotlin/types/expressions/ExpressionTypingServices
instanceKlass org/jetbrains/kotlin/resolve/VariableTypeAndInitializerResolver
instanceKlass org/jetbrains/kotlin/resolve/scopes/LocalRedeclarationChecker
instanceKlass org/jetbrains/kotlin/types/SubtypingRepresentatives
instanceKlass org/jetbrains/kotlin/resolve/scopes/ImportingScope
instanceKlass org/jetbrains/kotlin/resolve/scopes/receivers/Qualifier
instanceKlass org/jetbrains/kotlin/resolve/scopes/receivers/QualifierReceiver
instanceKlass org/jetbrains/kotlin/resolve/scopes/receivers/DetailedReceiver
instanceKlass org/jetbrains/kotlin/incremental/KotlinLookupLocation
instanceKlass org/jetbrains/kotlin/resolve/QualifiedExpressionResolver$QualifiedExpressionResolveResult
instanceKlass org/jetbrains/kotlin/resolve/QualifiedExpressionResolver$QualifierPart
instanceKlass org/jetbrains/kotlin/descriptors/TypeAliasDescriptor
instanceKlass org/jetbrains/kotlin/mpp/TypeAliasSymbolMarker
instanceKlass org/jetbrains/kotlin/resolve/QualifiedExpressionResolver$TypeQualifierResolutionResult
instanceKlass org/jetbrains/kotlin/resolve/PossiblyBareType
instanceKlass org/jetbrains/kotlin/resolve/TypeResolutionContext
instanceKlass org/jetbrains/kotlin/resolve/calls/tasks/DynamicCallableDescriptors
instanceKlass org/jetbrains/kotlin/resolve/ModuleStructureOracle$SingleModule
instanceKlass org/jetbrains/kotlin/resolve/sam/SamWithReceiverResolver
instanceKlass org/jetbrains/kotlin/resolve/deprecation/DeprecationResolver$DeprecationInfo
instanceKlass org/jetbrains/kotlin/psi/Call
instanceKlass org/jetbrains/kotlin/cfg/ControlFlowInformationProvider
instanceKlass org/jetbrains/kotlin/idea/MainFunctionDetector
instanceKlass org/jetbrains/kotlin/load/java/AbstractAnnotationTypeQualifierResolver
instanceKlass org/jetbrains/kotlin/resolve/jvm/modules/JavaModuleResolver$AccessError
instanceKlass org/jetbrains/kotlin/resolve/jvm/modules/JavaModule$Explicit
instanceKlass org/jetbrains/kotlin/resolve/jvm/modules/JavaModule
instanceKlass org/jetbrains/kotlin/load/java/descriptors/JavaClassDescriptor
instanceKlass org/jetbrains/kotlin/mpp/MppJavaImplicitActualizatorMarker
instanceKlass org/jetbrains/kotlin/builtins/jvm/JvmBuiltIns$Settings
instanceKlass org/jetbrains/kotlin/load/java/sources/JavaSourceElement
instanceKlass org/jetbrains/kotlin/descriptors/SimpleFunctionDescriptor
instanceKlass org/jetbrains/kotlin/mpp/SimpleFunctionSymbolMarker
instanceKlass org/jetbrains/kotlin/load/java/structure/JavaPackage
instanceKlass org/jetbrains/kotlin/load/java/JavaClassFinder$Request
instanceKlass org/jetbrains/kotlin/load/java/lazy/LazyJavaResolverContext
instanceKlass org/jetbrains/kotlin/load/java/components/SignaturePropagator$PropagatedSignature
instanceKlass org/jetbrains/kotlin/load/java/structure/JavaMethod
instanceKlass org/jetbrains/kotlin/load/java/structure/JavaField
instanceKlass org/jetbrains/kotlin/load/java/structure/JavaMember
instanceKlass org/jetbrains/kotlin/load/kotlin/AbstractBinaryClassAnnotationLoader
instanceKlass org/jetbrains/kotlin/load/kotlin/JavaClassDataFinder
instanceKlass org/jetbrains/kotlin/load/java/lazy/LazyJavaPackageFragmentProvider
instanceKlass org/jetbrains/kotlin/load/kotlin/KotlinClassFinder$Result
instanceKlass org/jetbrains/kotlin/resolve/lazy/data/KtClassLikeInfo
instanceKlass org/jetbrains/kotlin/com/intellij/openapi/module/Module
instanceKlass org/jetbrains/kotlin/resolve/calls/model/ResolvedValueArgument
instanceKlass org/jetbrains/kotlin/resolve/calls/results/OverloadResolutionResults
instanceKlass org/jetbrains/kotlin/resolve/scopes/LexicalScope
instanceKlass org/jetbrains/kotlin/resolve/scopes/HierarchicalScope
instanceKlass org/jetbrains/kotlin/resolve/constants/evaluate/ConstantExpressionEvaluator
instanceKlass org/jetbrains/kotlin/resolve/calls/CallResolver
instanceKlass org/jetbrains/kotlin/resolve/TopDownAnalysisContext
instanceKlass org/jetbrains/kotlin/resolve/BodiesResolveContext
instanceKlass org/jetbrains/kotlin/resolve/calls/smartcasts/DataFlowInfo
instanceKlass org/jetbrains/kotlin/resolve/FilePreprocessor
instanceKlass org/jetbrains/kotlin/resolve/QualifiedExpressionResolver
instanceKlass org/jetbrains/kotlin/resolve/BodyResolver
instanceKlass org/jetbrains/kotlin/resolve/VarianceChecker
instanceKlass org/jetbrains/kotlin/resolve/OverloadResolver
instanceKlass org/jetbrains/kotlin/resolve/OverrideResolver
instanceKlass org/jetbrains/kotlin/resolve/DeclarationResolver
instanceKlass org/jetbrains/kotlin/container/SetterInfo
instanceKlass org/jetbrains/kotlin/javax/inject/Inject
instanceKlass org/jetbrains/kotlin/resolve/FunctionDescriptorResolver
instanceKlass org/jetbrains/kotlin/resolve/lazy/DeclarationScopeProviderImpl
instanceKlass org/jetbrains/kotlin/descriptors/ClassDescriptorWithResolutionScopes
instanceKlass org/jetbrains/kotlin/resolve/calls/components/InferenceSession
instanceKlass org/jetbrains/kotlin/resolve/lazy/LazyDeclarationResolver
instanceKlass org/jetbrains/kotlin/resolve/lazy/FileScopeProvider
instanceKlass org/jetbrains/kotlin/resolve/DescriptorResolver
instanceKlass org/jetbrains/kotlin/resolve/TypeResolver
instanceKlass org/jetbrains/kotlin/resolve/lazy/LazyEntity
instanceKlass org/jetbrains/kotlin/resolve/lazy/DeclarationScopeProvider
instanceKlass org/jetbrains/kotlin/resolve/lazy/descriptors/LazyAnnotationsContext
instanceKlass org/jetbrains/kotlin/storage/LazyResolveStorageManager
instanceKlass org/jetbrains/kotlin/incremental/components/Position
instanceKlass org/jetbrains/kotlin/resolve/calls/inference/model/OnlyInputTypeConstraintPosition
instanceKlass org/jetbrains/kotlin/resolve/calls/inference/model/ConstraintPosition
instanceKlass org/jetbrains/kotlin/resolve/calls/model/PostponedAtomWithRevisableExpectedType
instanceKlass org/jetbrains/kotlin/resolve/calls/model/PostponedResolvedAtomMarker
instanceKlass org/jetbrains/kotlin/types/model/ObsoleteTypeKind
instanceKlass org/jetbrains/kotlin/resolve/checkers/EmptyIntersectionTypeInfo
instanceKlass org/jetbrains/kotlin/types/TypeCheckerState$SupertypesPolicy
instanceKlass org/jetbrains/kotlin/types/model/DynamicTypeMarker
instanceKlass org/jetbrains/kotlin/builtins/functions/FunctionTypeKind
instanceKlass org/jetbrains/kotlin/types/model/TypeVariableMarker
instanceKlass org/jetbrains/kotlin/types/model/TypeVariableTypeConstructorMarker
instanceKlass org/jetbrains/kotlin/types/model/StubTypeMarker
instanceKlass org/jetbrains/kotlin/types/model/CapturedTypeConstructorMarker
instanceKlass org/jetbrains/kotlin/types/model/CapturedTypeMarker
instanceKlass org/jetbrains/kotlin/types/model/FlexibleTypeMarker
instanceKlass org/jetbrains/kotlin/types/model/DefinitelyNotNullTypeMarker
instanceKlass org/jetbrains/kotlin/resolve/checkers/OptInUsageChecker$OptInReporterMultiplexer
instanceKlass org/jetbrains/kotlin/resolve/calls/components/candidate/ResolutionCandidate
instanceKlass org/jetbrains/kotlin/resolve/calls/tower/Candidate
instanceKlass org/jetbrains/kotlin/resolve/calls/model/KotlinDiagnosticsHolder
instanceKlass org/jetbrains/kotlin/resolve/calls/components/KotlinResolutionCallbacks
instanceKlass org/jetbrains/kotlin/resolve/calls/model/SimpleKotlinCallArgument
instanceKlass org/jetbrains/kotlin/resolve/calls/model/ReceiverKotlinCallArgument
instanceKlass org/jetbrains/kotlin/resolve/calls/model/KotlinCall
instanceKlass org/jetbrains/kotlin/resolve/calls/results/SimpleConstraintSystem
instanceKlass org/jetbrains/kotlin/resolve/calls/inference/components/ConstraintInjector
instanceKlass org/jetbrains/kotlin/resolve/calls/tower/ImplicitScopeTower
instanceKlass org/jetbrains/kotlin/resolve/calls/model/CallableReferenceKotlinCallArgument
instanceKlass org/jetbrains/kotlin/resolve/calls/model/PostponableKotlinCallArgument
instanceKlass org/jetbrains/kotlin/resolve/calls/model/KotlinCallArgument
instanceKlass org/jetbrains/kotlin/resolve/calls/model/CallableReferenceResolutionAtom
instanceKlass org/jetbrains/kotlin/resolve/calls/model/ResolutionAtom
instanceKlass org/jetbrains/kotlin/types/TypeCheckerState
instanceKlass org/jetbrains/kotlin/resolve/ModuleStructureOracle
instanceKlass org/jetbrains/kotlin/descriptors/ValueParameterDescriptor
instanceKlass org/jetbrains/kotlin/mpp/ValueParameterSymbolMarker
instanceKlass org/jetbrains/kotlin/resolve/deprecation/DeprecationResolver
instanceKlass org/jetbrains/kotlin/builtins/ReflectionTypes
instanceKlass org/jetbrains/kotlin/resolve/calls/smartcasts/DataFlowValue
instanceKlass org/jetbrains/kotlin/resolve/UpperBoundViolatedReporter
instanceKlass org/jetbrains/kotlin/types/TypeSubstitutor
instanceKlass org/jetbrains/kotlin/types/model/TypeSubstitutorMarker
instanceKlass org/jetbrains/kotlin/descriptors/TypeParameterDescriptor
instanceKlass org/jetbrains/kotlin/types/model/TypeParameterMarker
instanceKlass org/jetbrains/kotlin/mpp/TypeParameterSymbolMarker
instanceKlass java/lang/reflect/WildcardType
instanceKlass sun/reflect/generics/tree/MethodTypeSignature
instanceKlass sun/reflect/generics/tree/VoidDescriptor
instanceKlass sun/reflect/generics/tree/Wildcard
instanceKlass sun/reflect/generics/tree/BottomSignature
instanceKlass org/jetbrains/kotlin/diagnostics/DiagnosticSink$DiagnosticsCallback
instanceKlass org/jetbrains/kotlin/com/intellij/util/xmlb/annotations/Transient
instanceKlass java/lang/Deprecated
instanceKlass org/jetbrains/kotlin/com/intellij/util/messages/ListenerDescriptor
instanceKlass kotlin/ReplaceWith
instanceKlass kotlin/Deprecated
instanceKlass org/jetbrains/kotlin/cfg/ControlFlowInformationProviderImpl$Factory
instanceKlass org/jetbrains/kotlin/cfg/ControlFlowInformationProvider$Factory
instanceKlass org/jetbrains/kotlin/idea/MainFunctionDetector$Factory$Ordinary
instanceKlass org/jetbrains/kotlin/idea/MainFunctionDetector$Factory
instanceKlass org/jetbrains/kotlin/resolve/lazy/BasicAbsentDescriptorHandler
instanceKlass org/jetbrains/kotlin/resolve/lazy/CompilerLocalDescriptorResolver
instanceKlass org/jetbrains/kotlin/resolve/lazy/LocalDescriptorResolver
instanceKlass org/jetbrains/kotlin/resolve/BodyResolveCache$ThrowException
instanceKlass org/jetbrains/kotlin/resolve/BodyResolveCache
instanceKlass org/jetbrains/kotlin/resolve/jvm/JvmDiagnosticComponents
instanceKlass org/jetbrains/kotlin/platform/PlatformSpecificDiagnosticComponents
instanceKlass org/jetbrains/kotlin/load/java/components/FilesByFacadeFqNameIndexer
instanceKlass org/jetbrains/kotlin/resolve/FilePreprocessorExtension
instanceKlass org/jetbrains/kotlin/resolve/jvm/modules/JavaModuleResolver$SERVICE
instanceKlass org/jetbrains/kotlin/load/java/lazy/JavaResolverSettings$Companion$create$1
instanceKlass org/jetbrains/kotlin/load/java/lazy/JavaResolverSettings$Companion
instanceKlass org/jetbrains/kotlin/load/java/lazy/JavaResolverSettings
instanceKlass org/jetbrains/kotlin/load/java/JavaClassesTracker$Default
instanceKlass org/jetbrains/kotlin/load/java/JavaClassesTracker
instanceKlass org/jetbrains/kotlin/resolve/jvm/multiplatform/OptionalAnnotationPackageFragmentProvider
instanceKlass org/jetbrains/kotlin/serialization/deserialization/AbstractDeserializedPackageFragmentProvider
instanceKlass org/jetbrains/kotlin/load/java/components/JavaSourceElementFactoryImpl
instanceKlass org/jetbrains/kotlin/load/java/sources/JavaSourceElementFactory
instanceKlass org/jetbrains/kotlin/load/java/components/AbstractJavaResolverCache
instanceKlass org/jetbrains/kotlin/load/java/components/JavaResolverCache
instanceKlass org/jetbrains/kotlin/load/java/AbstractJavaClassFinder
instanceKlass org/jetbrains/kotlin/load/java/JavaClassFinder
instanceKlass org/jetbrains/kotlin/resolve/jvm/CompositeSyntheticJavaPartsProvider
instanceKlass org/jetbrains/kotlin/resolve/jvm/SyntheticJavaPartsProvider$Companion
instanceKlass org/jetbrains/kotlin/resolve/jvm/SyntheticJavaPartsProvider
instanceKlass org/jetbrains/kotlin/load/java/components/JavaDeprecationSettings
instanceKlass org/jetbrains/kotlin/resolve/deprecation/DeprecationSettings
instanceKlass org/jetbrains/kotlin/resolve/TypeResolver$TypeTransformerForTests
instanceKlass org/jetbrains/kotlin/load/java/components/TraceBasedErrorReporter
instanceKlass org/jetbrains/kotlin/load/java/components/SignaturePropagatorImpl
instanceKlass org/jetbrains/kotlin/load/java/components/SignaturePropagator
instanceKlass org/jetbrains/kotlin/load/java/components/JavaPropertyInitializerEvaluatorImpl
instanceKlass org/jetbrains/kotlin/load/java/components/JavaPropertyInitializerEvaluator
instanceKlass org/jetbrains/kotlin/load/kotlin/DeserializationComponentsForJava
instanceKlass org/jetbrains/kotlin/resolve/jvm/JavaDescriptorResolver
instanceKlass org/jetbrains/kotlin/load/kotlin/VirtualFileFinder$SERVICE
instanceKlass org/jetbrains/kotlin/load/kotlin/VirtualFileFinder
instanceKlass org/jetbrains/kotlin/load/kotlin/KotlinClassFinder
instanceKlass org/jetbrains/kotlin/serialization/deserialization/KotlinMetadataFinder
instanceKlass org/jetbrains/kotlin/load/kotlin/VirtualFileFinderFactory$SERVICE
instanceKlass org/jetbrains/kotlin/resolve/AnnotationResolver
instanceKlass org/jetbrains/kotlin/resolve/LazyTopDownAnalyzer
instanceKlass org/jetbrains/kotlin/resolve/lazy/ResolveSession
instanceKlass org/jetbrains/kotlin/resolve/lazy/LazyClassContext
instanceKlass org/jetbrains/kotlin/resolve/lazy/KotlinCodeAnalyzer
instanceKlass org/jetbrains/kotlin/resolve/lazy/TopLevelDescriptorProvider
instanceKlass org/jetbrains/kotlin/util/ProgressManagerBasedCancellationChecker
instanceKlass org/jetbrains/kotlin/util/CancellationChecker
instanceKlass org/jetbrains/kotlin/resolve/calls/inference/components/ClassicConstraintSystemUtilContext
instanceKlass org/jetbrains/kotlin/resolve/calls/inference/components/ConstraintSystemUtilContext
instanceKlass org/jetbrains/kotlin/resolve/calls/components/ClassicTypeSystemContextForCS
instanceKlass org/jetbrains/kotlin/types/model/TypeSystemInferenceExtensionContextDelegate
instanceKlass org/jetbrains/kotlin/types/checker/ClassicTypeSystemContext
instanceKlass org/jetbrains/kotlin/types/model/TypeSystemInferenceExtensionContext
instanceKlass org/jetbrains/kotlin/types/model/TypeSystemCommonSuperTypesContext
instanceKlass org/jetbrains/kotlin/types/model/TypeSystemTypeFactoryContext
instanceKlass org/jetbrains/kotlin/types/model/TypeCheckerProviderContext
instanceKlass org/jetbrains/kotlin/types/model/TypeSystemBuiltInsContext
instanceKlass org/jetbrains/kotlin/types/TypeSystemCommonBackendContext
instanceKlass org/jetbrains/kotlin/types/model/TypeSystemContext
instanceKlass org/jetbrains/kotlin/types/model/TypeSystemOptimizationContext
instanceKlass org/jetbrains/kotlin/resolve/calls/components/BuiltInsProvider
instanceKlass org/jetbrains/kotlin/contracts/ContractDeserializerImpl
instanceKlass org/jetbrains/kotlin/resolve/checkers/OptInUsageChecker$ClassifierUsage
instanceKlass org/jetbrains/kotlin/resolve/checkers/OptInUsageChecker$Overrides
instanceKlass org/jetbrains/kotlin/resolve/checkers/OptInUsageChecker
instanceKlass org/jetbrains/kotlin/resolve/calls/smartcasts/DataFlowValueFactoryImpl
instanceKlass org/jetbrains/kotlin/resolve/calls/smartcasts/DataFlowValueFactory
instanceKlass org/jetbrains/kotlin/resolve/calls/tower/KotlinResolutionStatelessCallbacksImpl
instanceKlass org/jetbrains/kotlin/resolve/calls/components/KotlinResolutionStatelessCallbacks
instanceKlass org/jetbrains/kotlin/resolve/SupertypeLoopCheckerImpl
instanceKlass org/jetbrains/kotlin/parcelize/ParcelizeAnnotationChecker
instanceKlass org/jetbrains/kotlin/parcelize/ParcelizeDeclarationChecker$Companion
instanceKlass org/jetbrains/kotlin/parcelize/ParcelizeDeclarationChecker
instanceKlass org/jetbrains/kotlin/platform/jvm/JvmPlatformKt
instanceKlass org/jetbrains/kotlin/resolve/jvm/checkers/RepeatableAnnotationChecker
instanceKlass org/jetbrains/kotlin/resolve/checkers/ExpectedActualDeclarationChecker
instanceKlass org/jetbrains/kotlin/resolve/checkers/OptInMarkerDeclarationAnnotationChecker
instanceKlass org/jetbrains/kotlin/resolve/jvm/checkers/JvmSerializableLambdaAnnotationChecker
instanceKlass org/jetbrains/kotlin/resolve/jvm/multiplatform/JavaActualAnnotationArgumentExtractor
instanceKlass org/jetbrains/kotlin/resolve/checkers/ExpectedActualDeclarationChecker$ActualAnnotationArgumentExtractor
instanceKlass org/jetbrains/kotlin/types/expressions/GenericArrayClassLiteralSupport$Enabled
instanceKlass org/jetbrains/kotlin/types/expressions/GenericArrayClassLiteralSupport
instanceKlass org/jetbrains/kotlin/types/expressions/FunctionWithBigAritySupport$LanguageVersionDependent
instanceKlass org/jetbrains/kotlin/types/expressions/FunctionWithBigAritySupport
instanceKlass org/jetbrains/kotlin/resolve/jvm/JvmPlatformAnnotationFeaturesSupport
instanceKlass org/jetbrains/kotlin/resolve/PlatformAnnotationFeaturesSupport
instanceKlass org/jetbrains/kotlin/resolve/jvm/checkers/JvmRecordApplicabilityChecker
instanceKlass org/jetbrains/kotlin/resolve/jvm/JvmAdditionalClassPartsProvider
instanceKlass org/jetbrains/kotlin/resolve/AdditionalClassPartsProvider
instanceKlass org/jetbrains/kotlin/load/java/sam/JvmSamConversionOracle
instanceKlass org/jetbrains/kotlin/resolve/sam/SamConversionOracle
instanceKlass org/jetbrains/kotlin/resolve/jvm/JvmPlatformOverloadsSpecificityComparator
instanceKlass org/jetbrains/kotlin/resolve/calls/results/PlatformOverloadsSpecificityComparator
instanceKlass org/jetbrains/kotlin/resolve/jvm/JvmTypeSpecificityComparator
instanceKlass org/jetbrains/kotlin/resolve/jvm/checkers/JvmModuleAccessibilityChecker$ClassifierUsage
instanceKlass org/jetbrains/kotlin/resolve/jvm/checkers/JvmModuleAccessibilityChecker
instanceKlass org/jetbrains/kotlin/resolve/jvm/checkers/InlinePlatformCompatibilityChecker
instanceKlass org/jetbrains/kotlin/resolve/jvm/checkers/JvmDefaultChecker
instanceKlass org/jetbrains/kotlin/resolve/jvm/checkers/InterfaceDefaultMethodCallChecker
instanceKlass org/jetbrains/kotlin/synthetic/JavaSyntheticScopes
instanceKlass org/jetbrains/kotlin/resolve/scopes/SyntheticScopes
instanceKlass org/jetbrains/kotlin/resolve/calls/checkers/AbstractReflectionApiCallChecker
instanceKlass org/jetbrains/kotlin/resolve/jvm/checkers/JvmStaticChecker
instanceKlass org/jetbrains/kotlin/resolve/jvm/checkers/JavaNullabilityChecker
instanceKlass org/jetbrains/kotlin/container/SingletonDescriptor
instanceKlass org/jetbrains/kotlin/resolve/UpperBoundChecker
instanceKlass org/jetbrains/kotlin/frontend/di/InjectionKt
instanceKlass org/jetbrains/kotlin/types/WrappedTypeFactory
instanceKlass sun/reflect/generics/reflectiveObjects/LazyReflectiveObjectGenerator
instanceKlass sun/reflect/generics/tree/TypeVariableSignature
instanceKlass sun/reflect/generics/reflectiveObjects/ParameterizedTypeImpl
instanceKlass java/lang/reflect/ParameterizedType
# instanceKlass java/lang/invoke/LambdaForm$MH+0x0000000800434000
instanceKlass org/jetbrains/kotlin/resolve/checkers/ClassifierUsageCheckerContext
instanceKlass org/jetbrains/kotlin/resolve/calls/context/ResolutionContext
instanceKlass java/lang/annotation/Documented
instanceKlass kotlin/annotation/MustBeDocumented
instanceKlass kotlin/jvm/JvmStatic
instanceKlass org/jetbrains/kotlin/resolve/calls/checkers/CallCheckerContext
instanceKlass org/jetbrains/kotlin/resolve/calls/model/ResolvedCall
instanceKlass org/jetbrains/kotlin/descriptors/annotations/AnnotationDescriptor
instanceKlass org/jetbrains/kotlin/types/model/AnnotationMarker
instanceKlass org/jetbrains/kotlin/container/ConstructorInfo
instanceKlass  @bci org/jetbrains/kotlin/com/intellij/util/containers/MultiMap putValue (Ljava/lang/Object;Ljava/lang/Object;)V 6 <appendix> member <vmtarget> ; # org/jetbrains/kotlin/com/intellij/util/containers/MultiMap$$Lambda+0x0000000800430830
instanceKlass kotlin/annotation/Retention
instanceKlass org/jetbrains/kotlin/container/DefaultImplementation
instanceKlass sun/reflect/generics/tree/ClassSignature
instanceKlass sun/reflect/generics/tree/Signature
instanceKlass sun/reflect/generics/tree/FormalTypeParameter
instanceKlass sun/reflect/generics/repository/AbstractRepository
instanceKlass jdk/internal/vm/annotation/IntrinsicCandidate
instanceKlass org/jetbrains/kotlin/resolve/checkers/DeclarationCheckerContext
instanceKlass org/jetbrains/kotlin/resolve/checkers/CheckerContext
instanceKlass org/jetbrains/kotlin/container/ClassInfo
instanceKlass org/jetbrains/kotlin/container/ClassTraversalCache
instanceKlass org/jetbrains/kotlin/container/CacheKt
instanceKlass org/jetbrains/kotlin/container/DynamicComponentDescriptor
instanceKlass org/jetbrains/kotlin/container/ComponentResolveContext
instanceKlass org/jetbrains/kotlin/container/ValueResolveContext
instanceKlass org/jetbrains/kotlin/container/InstanceComponentDescriptor
instanceKlass org/jetbrains/kotlin/container/ComponentDescriptor
instanceKlass org/jetbrains/kotlin/container/ValueDescriptor
instanceKlass org/jetbrains/kotlin/container/ContainerKt
instanceKlass org/jetbrains/kotlin/resolve/checkers/PlatformDiagnosticSuppressor
instanceKlass org/jetbrains/kotlin/resolve/lazy/AbsentDescriptorHandler
instanceKlass org/jetbrains/kotlin/types/DynamicTypesSettings
instanceKlass org/jetbrains/kotlin/resolve/calls/results/TypeSpecificityComparator$NONE
instanceKlass org/jetbrains/kotlin/resolve/calls/results/TypeSpecificityComparator
instanceKlass org/jetbrains/kotlin/resolve/checkers/OptionalExpectationUsageChecker
instanceKlass org/jetbrains/kotlin/resolve/checkers/MissingDependencyClassChecker$ClassifierUsage
instanceKlass org/jetbrains/kotlin/resolve/checkers/ApiVersionClassifierUsageChecker
instanceKlass org/jetbrains/kotlin/resolve/checkers/DeprecatedClassifierUsageChecker
instanceKlass org/jetbrains/kotlin/resolve/calls/checkers/EnumEntriesUnsupportedChecker
instanceKlass org/jetbrains/kotlin/resolve/calls/checkers/CustomEnumEntriesMigrationCallChecker
instanceKlass org/jetbrains/kotlin/resolve/calls/checkers/CompanionIncorrectlyUnboundedWhenUsedAsLHSCallChecker
instanceKlass org/jetbrains/kotlin/resolve/calls/checkers/IncorrectCapturedApproximationCallChecker
instanceKlass org/jetbrains/kotlin/resolve/calls/checkers/BuilderInferenceAssignmentChecker
instanceKlass org/jetbrains/kotlin/resolve/calls/checkers/UnsupportedUntilOperatorChecker
instanceKlass org/jetbrains/kotlin/resolve/calls/checkers/EqualityCallChecker
instanceKlass org/jetbrains/kotlin/resolve/calls/checkers/ResolutionToPrivateConstructorOfSealedClassChecker
instanceKlass org/jetbrains/kotlin/resolve/calls/checkers/CompanionInParenthesesLHSCallChecker
instanceKlass org/jetbrains/kotlin/resolve/calls/checkers/EnumEntryVsCompanionPriorityCallChecker
instanceKlass org/jetbrains/kotlin/utils/StringsKt
instanceKlass org/jetbrains/kotlin/resolve/calls/checkers/NewSchemeOfIntegerOperatorResolutionChecker
instanceKlass org/jetbrains/kotlin/resolve/calls/checkers/SelfCallInNestedObjectConstructorChecker
instanceKlass org/jetbrains/kotlin/resolve/calls/checkers/VarargWrongExecutionOrderChecker
instanceKlass org/jetbrains/kotlin/resolve/calls/checkers/ReferencingToUnderscoreNamedParameterOfCatchBlockChecker
instanceKlass org/jetbrains/kotlin/resolve/checkers/NullableExtensionOperatorWithSafeCallChecker
instanceKlass org/jetbrains/kotlin/resolve/calls/checkers/FunInterfaceConstructorReferenceChecker
instanceKlass org/jetbrains/kotlin/resolve/calls/checkers/UnitConversionCallChecker
instanceKlass org/jetbrains/kotlin/resolve/calls/checkers/SuspendConversionCallChecker
instanceKlass org/jetbrains/kotlin/resolve/calls/checkers/AbstractClassInstantiationChecker
instanceKlass org/jetbrains/kotlin/resolve/checkers/MissingDependencySupertypeChecker$ForCalls
instanceKlass org/jetbrains/kotlin/resolve/calls/checkers/ReifiedTypeParameterSubstitutionChecker
instanceKlass org/jetbrains/kotlin/resolve/calls/checkers/ContractNotAllowedCallChecker
instanceKlass org/jetbrains/kotlin/resolve/calls/checkers/NamedFunAsExpressionChecker
instanceKlass org/jetbrains/kotlin/resolve/calls/checkers/NullableVarargArgumentCallChecker
instanceKlass org/jetbrains/kotlin/resolve/calls/checkers/ResultTypeWithNullableOperatorsChecker
instanceKlass org/jetbrains/kotlin/resolve/calls/checkers/UselessElvisCallChecker
instanceKlass org/jetbrains/kotlin/resolve/calls/checkers/LambdaWithSuspendModifierCallChecker
instanceKlass org/jetbrains/kotlin/resolve/checkers/PrimitiveNumericComparisonCallChecker
instanceKlass org/jetbrains/kotlin/resolve/calls/checkers/ImplicitNothingAsTypeParameterCallChecker
instanceKlass org/jetbrains/kotlin/resolve/calls/checkers/AssigningNamedArgumentToVarargChecker
instanceKlass org/jetbrains/kotlin/resolve/calls/checkers/UnderscoreUsageChecker
instanceKlass org/jetbrains/kotlin/resolve/calls/checkers/CallableReferenceCompatibilityChecker
instanceKlass org/jetbrains/kotlin/resolve/checkers/MissingDependencyClassChecker
instanceKlass org/jetbrains/kotlin/resolve/calls/checkers/DslScopeViolationCallChecker
instanceKlass org/jetbrains/kotlin/resolve/calls/checkers/BuilderFunctionsCallChecker
instanceKlass org/jetbrains/kotlin/resolve/calls/checkers/CoroutineSuspendCallChecker
instanceKlass org/jetbrains/kotlin/resolve/calls/checkers/ApiVersionCallChecker
instanceKlass org/jetbrains/kotlin/resolve/calls/checkers/ProtectedConstructorCallChecker
instanceKlass org/jetbrains/kotlin/resolve/calls/checkers/ConstructorHeaderCallChecker
instanceKlass org/jetbrains/kotlin/resolve/calls/checkers/OperatorCallChecker$Companion
instanceKlass org/jetbrains/kotlin/resolve/calls/checkers/OperatorCallChecker
instanceKlass org/jetbrains/kotlin/resolve/calls/checkers/InfixCallChecker
instanceKlass org/jetbrains/kotlin/resolve/calls/checkers/CallReturnsArrayOfNothingChecker
instanceKlass org/jetbrains/kotlin/resolve/calls/checkers/DeprecatedCallChecker
instanceKlass org/jetbrains/kotlin/resolve/checkers/TrailingCommaCallChecker
instanceKlass org/jetbrains/kotlin/resolve/calls/checkers/SafeCallChecker
instanceKlass org/jetbrains/kotlin/resolve/calls/checkers/SynchronizedByValueChecker
instanceKlass org/jetbrains/kotlin/resolve/calls/checkers/InlineCheckerWrapper
instanceKlass org/jetbrains/kotlin/resolve/calls/checkers/CapturingInClosureChecker
instanceKlass org/jetbrains/kotlin/resolve/checkers/StubForBuilderInferenceParameterTypeChecker
instanceKlass org/jetbrains/kotlin/resolve/checkers/ActualTypealiasToSpecialAnnotationChecker
instanceKlass org/jetbrains/kotlin/resolve/checkers/VolatileAnnotationChecker
instanceKlass org/jetbrains/kotlin/resolve/checkers/EnumEntriesRedeclarationChecker
instanceKlass org/jetbrains/kotlin/resolve/checkers/DataObjectContentChecker
instanceKlass org/jetbrains/kotlin/resolve/calls/checkers/UnsupportedUntilRangeDeclarationChecker
instanceKlass org/jetbrains/kotlin/resolve/checkers/CyclicAnnotationsChecker
instanceKlass org/jetbrains/kotlin/resolve/checkers/ValueParameterUsageInDefaultArgumentChecker
instanceKlass org/jetbrains/kotlin/resolve/checkers/SubtypingBetweenContextReceiversChecker
instanceKlass org/jetbrains/kotlin/resolve/checkers/ContextualDeclarationChecker
instanceKlass org/jetbrains/kotlin/resolve/checkers/EnumCompanionInEnumConstructorCallChecker
instanceKlass org/jetbrains/kotlin/resolve/checkers/SuspendFunctionAsSupertypeChecker
instanceKlass org/jetbrains/kotlin/resolve/checkers/SealedInterfaceAllowedChecker
instanceKlass org/jetbrains/kotlin/resolve/checkers/SealedInheritorInSameModuleChecker
instanceKlass org/jetbrains/kotlin/resolve/checkers/SealedInheritorInSamePackageChecker
instanceKlass org/jetbrains/kotlin/resolve/checkers/PrivateInlineFunctionsReturningAnonymousObjectsChecker
instanceKlass org/jetbrains/kotlin/resolve/checkers/ContractDescriptionBlockChecker
instanceKlass org/jetbrains/kotlin/resolve/checkers/DeprecatedSinceKotlinAnnotationChecker
instanceKlass org/jetbrains/kotlin/resolve/checkers/DeprecationInheritanceChecker
instanceKlass org/jetbrains/kotlin/resolve/checkers/FunInterfaceDeclarationChecker
instanceKlass org/jetbrains/kotlin/resolve/checkers/MissingDependencySupertypeChecker$ForDeclarations
instanceKlass org/jetbrains/kotlin/resolve/checkers/TrailingCommaDeclarationChecker
instanceKlass org/jetbrains/kotlin/resolve/checkers/TailrecFunctionChecker
instanceKlass org/jetbrains/kotlin/resolve/checkers/ExplicitApiDeclarationChecker$Companion
instanceKlass org/jetbrains/kotlin/resolve/checkers/ExplicitApiDeclarationChecker
instanceKlass org/jetbrains/kotlin/resolve/checkers/LocalVariableTypeParametersChecker
instanceKlass org/jetbrains/kotlin/resolve/checkers/ResultClassInReturnTypeChecker
instanceKlass org/jetbrains/kotlin/resolve/checkers/ReservedMembersAndConstructsForValueClass$Companion
instanceKlass org/jetbrains/kotlin/resolve/checkers/ReservedMembersAndConstructsForValueClass
instanceKlass org/jetbrains/kotlin/resolve/checkers/AnnotationClassTargetAndRetentionChecker
instanceKlass org/jetbrains/kotlin/resolve/checkers/InnerClassInsideValueClass
instanceKlass org/jetbrains/kotlin/resolve/checkers/PropertiesWithBackingFieldsInsideValueClass
instanceKlass org/jetbrains/kotlin/resolve/checkers/MultiFieldValueClassAnnotationsChecker
instanceKlass org/jetbrains/kotlin/resolve/checkers/ValueClassDeclarationChecker
instanceKlass org/jetbrains/kotlin/util/OperatorNameConventions
instanceKlass org/jetbrains/kotlin/resolve/checkers/SuspendLimitationsChecker
instanceKlass org/jetbrains/kotlin/resolve/checkers/KClassWithIncorrectTypeArgumentChecker
instanceKlass org/jetbrains/kotlin/resolve/checkers/DelegationChecker
instanceKlass org/jetbrains/kotlin/resolve/checkers/DynamicReceiverChecker
instanceKlass org/jetbrains/kotlin/resolve/checkers/ReifiedTypeParameterAnnotationChecker
instanceKlass org/jetbrains/kotlin/resolve/RequireKotlinConstants
instanceKlass org/jetbrains/kotlin/resolve/AnnotationsKt
instanceKlass org/jetbrains/kotlin/resolve/checkers/KotlinVersionStringAnnotationValueChecker
instanceKlass org/jetbrains/kotlin/resolve/checkers/InfixModifierChecker
instanceKlass org/jetbrains/kotlin/resolve/checkers/InlineParameterChecker
instanceKlass org/jetbrains/kotlin/resolve/checkers/UnderscoreChecker
instanceKlass org/jetbrains/kotlin/resolve/checkers/ConstModifierChecker
instanceKlass org/jetbrains/kotlin/resolve/checkers/DataClassDeclarationChecker
instanceKlass org/jetbrains/kotlin/resolve/checkers/ExpectActualClassifiersAreInBetaChecker
instanceKlass org/jetbrains/kotlin/resolve/checkers/ActualClassifierMustHasTheSameMembersAsNonFinalExpectClassifierChecker
instanceKlass org/jetbrains/kotlin/resolve/checkers/ExpectActualInTheSameModuleChecker
instanceKlass org/jetbrains/kotlin/resolve/PlatformConfiguratorBaseKt
instanceKlass org/jetbrains/kotlin/container/ComponentRegistry
instanceKlass org/jetbrains/kotlin/container/ComponentStorage
instanceKlass org/jetbrains/kotlin/container/ValueResolver
instanceKlass org/jetbrains/kotlin/container/StorageComponentContainer
instanceKlass org/jetbrains/kotlin/container/ComponentProvider
instanceKlass org/jetbrains/kotlin/container/ComponentContainer
instanceKlass org/jetbrains/kotlin/container/DslKt
instanceKlass org/jetbrains/kotlin/resolve/jvm/JvmDeclarationReturnTypeSanitizer
instanceKlass org/jetbrains/kotlin/resolve/DeclarationReturnTypeSanitizer
instanceKlass org/jetbrains/kotlin/resolve/jvm/JvmOverridesBackwardCompatibilityHelper
instanceKlass org/jetbrains/kotlin/resolve/OverridesBackwardCompatibilityHelper
instanceKlass org/jetbrains/kotlin/resolve/jvm/JvmDelegationFilter
instanceKlass org/jetbrains/kotlin/resolve/lazy/DelegationFilter
instanceKlass org/jetbrains/kotlin/resolve/jvm/JvmOverloadFilter
instanceKlass org/jetbrains/kotlin/resolve/OverloadFilter
instanceKlass org/jetbrains/kotlin/resolve/jvm/checkers/JvmSimpleNameBacktickChecker
instanceKlass org/jetbrains/kotlin/resolve/IdentifierChecker
instanceKlass org/jetbrains/kotlin/resolve/sam/SamConversionResolver$Empty
instanceKlass org/jetbrains/kotlin/container/PlatformExtensionsClashResolver
instanceKlass org/jetbrains/kotlin/resolve/jvm/checkers/SynchronizedAnnotationOnLambdaChecker
instanceKlass org/jetbrains/kotlin/resolve/jvm/checkers/ExplicitMetadataChecker
instanceKlass org/jetbrains/kotlin/name/JvmNames
instanceKlass org/jetbrains/kotlin/resolve/jvm/checkers/FileClassAnnotationsChecker
instanceKlass org/jetbrains/kotlin/resolve/AdditionalAnnotationChecker
instanceKlass org/jetbrains/kotlin/resolve/jvm/checkers/MissingBuiltInDeclarationChecker$ClassifierUsage
instanceKlass org/jetbrains/kotlin/resolve/checkers/BigFunctionTypeAvailabilityChecker
instanceKlass org/jetbrains/kotlin/resolve/checkers/ClassifierUsageChecker
instanceKlass org/jetbrains/kotlin/resolve/jvm/checkers/JvmArrayVariableInLoopAssignmentChecker
instanceKlass org/jetbrains/kotlin/resolve/jvm/checkers/JavaTypeAccessibilityChecker
instanceKlass org/jetbrains/kotlin/resolve/jvm/platform/JavaGenericVarianceViolationTypeChecker
instanceKlass org/jetbrains/kotlin/resolve/jvm/RuntimeAssertionsTypeChecker
instanceKlass org/jetbrains/kotlin/resolve/calls/checkers/AdditionalTypeChecker
# instanceKlass java/lang/invoke/LambdaForm$MH+0x0000000800418000
instanceKlass  @bci org/jetbrains/kotlin/diagnostics/Errors$Initializer initializeFactoryNames (Ljava/lang/Class;)V 9 <appendix> argL0 ; # org/jetbrains/kotlin/diagnostics/Errors$Initializer$$Lambda+0x0000000800413e60
instanceKlass org/jetbrains/kotlin/diagnostics/rendering/DiagnosticFactoryToRendererMap
instanceKlass org/jetbrains/kotlin/diagnostics/rendering/DefaultErrorMessages$Extension
instanceKlass org/jetbrains/kotlin/diagnostics/Errors$Initializer
instanceKlass org/jetbrains/kotlin/com/google/common/collect/Hashing
instanceKlass org/jetbrains/kotlin/com/google/common/math/IntMath$1
instanceKlass org/jetbrains/kotlin/com/google/common/math/MathPreconditions
instanceKlass org/jetbrains/kotlin/com/google/common/math/IntMath
instanceKlass org/jetbrains/kotlin/com/google/common/collect/ImmutableSet$SetBuilderImpl
instanceKlass org/jetbrains/kotlin/diagnostics/DiagnosticFactoryForDeprecation4$Companion
instanceKlass org/jetbrains/kotlin/diagnostics/ClassicPositioningStrategies
instanceKlass org/jetbrains/kotlin/diagnostics/DiagnosticFactoryForDeprecation2$Companion
instanceKlass org/jetbrains/kotlin/diagnostics/DiagnosticFactoryForDeprecation0$Companion
instanceKlass org/jetbrains/kotlin/diagnostics/DiagnosticFactoryForDeprecation1$Companion
instanceKlass org/jetbrains/kotlin/diagnostics/DiagnosticFactoryForDeprecation3$Companion
instanceKlass org/jetbrains/kotlin/diagnostics/DiagnosticFactoryForDeprecation
instanceKlass org/jetbrains/kotlin/diagnostics/ParametrizedDiagnostic
instanceKlass org/jetbrains/kotlin/diagnostics/Diagnostic
instanceKlass org/jetbrains/kotlin/diagnostics/Errors
instanceKlass org/jetbrains/kotlin/resolve/jvm/checkers/JvmSyntheticAssignmentChecker
instanceKlass org/jetbrains/kotlin/resolve/calls/checkers/AssignmentChecker
instanceKlass org/jetbrains/kotlin/resolve/jvm/checkers/JvmPropertyVsFieldAmbiguityCallChecker
instanceKlass org/jetbrains/kotlin/resolve/calls/checkers/LateinitIntrinsicApplicabilityChecker
instanceKlass org/jetbrains/kotlin/resolve/jvm/checkers/UpperBoundViolatedInTypealiasConstructorChecker
instanceKlass org/jetbrains/kotlin/resolve/jvm/checkers/EnumDeclaringClassDeprecationChecker
instanceKlass org/jetbrains/kotlin/resolve/jvm/checkers/SamInterfaceConstructorReferenceCallChecker
instanceKlass org/jetbrains/kotlin/resolve/jvm/checkers/PolymorphicSignatureCallChecker
instanceKlass org/jetbrains/kotlin/resolve/jvm/checkers/InconsistentOperatorFromJavaCallChecker
instanceKlass org/jetbrains/kotlin/resolve/jvm/checkers/ApiVersionIsAtLeastArgumentsChecker
instanceKlass org/jetbrains/kotlin/resolve/jvm/RuntimeAssertionsOnExtensionReceiverCallChecker
instanceKlass org/jetbrains/kotlin/resolve/jvm/checkers/ProtectedSyntheticExtensionCallChecker
instanceKlass org/jetbrains/kotlin/resolve/jvm/checkers/SuperCallWithDefaultArgumentsChecker
instanceKlass org/jetbrains/kotlin/resolve/jvm/checkers/UnsupportedSyntheticCallableReferenceChecker
instanceKlass org/jetbrains/kotlin/resolve/jvm/checkers/ProtectedInSuperClassCompanionCallChecker
instanceKlass org/jetbrains/kotlin/resolve/jvm/checkers/JavaClassOnCompanionChecker
instanceKlass org/jetbrains/kotlin/resolve/jvm/checkers/SuspensionPointInsideMutexLockChecker
instanceKlass org/jetbrains/kotlin/resolve/jvm/checkers/JavaAnnotationCallChecker$Companion
instanceKlass org/jetbrains/kotlin/resolve/jvm/checkers/JavaAnnotationCallChecker
instanceKlass org/jetbrains/kotlin/resolve/jvm/checkers/MissingBuiltInDeclarationChecker
instanceKlass org/jetbrains/kotlin/resolve/calls/checkers/CallChecker
instanceKlass org/jetbrains/kotlin/resolve/jvm/checkers/JavaOverrideWithWrongNullabilityOverrideChecker
instanceKlass org/jetbrains/kotlin/resolve/jvm/checkers/ClassInheritsJavaSealedClassChecker
instanceKlass org/jetbrains/kotlin/resolve/jvm/checkers/FunctionDelegateMemberNameClashChecker
instanceKlass org/jetbrains/kotlin/resolve/jvm/checkers/DefaultCheckerInTailrec
instanceKlass org/jetbrains/kotlin/resolve/jvm/checkers/JvmMultifileClassStateChecker
instanceKlass org/jetbrains/kotlin/resolve/jvm/checkers/BadInheritedJavaSignaturesChecker
instanceKlass org/jetbrains/kotlin/resolve/jvm/checkers/SuspendInFunInterfaceChecker
instanceKlass org/jetbrains/kotlin/resolve/jvm/checkers/JvmAnnotationsTargetNonExistentAccessorChecker$Companion
instanceKlass org/jetbrains/kotlin/resolve/jvm/checkers/JvmAnnotationsTargetNonExistentAccessorChecker
instanceKlass org/jetbrains/kotlin/resolve/jvm/checkers/StrictfpApplicabilityChecker
instanceKlass org/jetbrains/kotlin/resolve/jvm/checkers/JvmInlineApplicabilityChecker
instanceKlass org/jetbrains/kotlin/resolve/jvm/checkers/JvmSyntheticApplicabilityChecker
instanceKlass org/jetbrains/kotlin/resolve/jvm/checkers/TypeParameterBoundIsNotArrayChecker
instanceKlass org/jetbrains/kotlin/resolve/jvm/checkers/JvmFieldApplicabilityChecker
instanceKlass org/jetbrains/kotlin/resolve/jvm/checkers/OverloadsAnnotationChecker
instanceKlass org/jetbrains/kotlin/resolve/jvm/checkers/ExternalFunChecker
instanceKlass org/jetbrains/kotlin/resolve/jvm/checkers/LocalFunInlineChecker
instanceKlass org/jetbrains/kotlin/resolve/jvm/checkers/SynchronizedAnnotationChecker
instanceKlass org/jetbrains/kotlin/resolve/jvm/checkers/JvmNameAnnotationChecker
instanceKlass org/jetbrains/kotlin/resolve/checkers/DeclarationChecker
instanceKlass org/jetbrains/kotlin/resolve/PlatformConfiguratorBase
instanceKlass org/jetbrains/kotlin/resolve/PlatformConfigurator
instanceKlass org/jetbrains/kotlin/resolve/ImportPath$Companion
instanceKlass org/jetbrains/kotlin/resolve/ImportPath
instanceKlass org/jetbrains/kotlin/resolve/PlatformDependentAnalyzerServices
instanceKlass org/jetbrains/kotlin/resolve/SealedClassInheritorsProvider
instanceKlass org/jetbrains/kotlin/resolve/ModuleAnnotationsResolver$Companion
instanceKlass  @bci java/io/IoOverNioFileSystem list0 (Ljava/io/File;)[Ljava/lang/String; 163 <appendix> argL0 ; # java/io/IoOverNioFileSystem$$Lambda+0x000000080016ab58
instanceKlass sun/nio/fs/BasicFileAttributesHolder
instanceKlass sun/nio/fs/WindowsDirectoryStream$WindowsDirectoryIterator
instanceKlass sun/nio/fs/WindowsDirectoryStream
instanceKlass java/nio/file/DirectoryStream
instanceKlass java/io/IoOverNioFileSystem$AcceptAllFilter
instanceKlass java/nio/file/DirectoryStream$Filter
instanceKlass  @bci org/jetbrains/kotlin/com/intellij/openapi/util/NotNullLazyValue createConstantValue (Ljava/lang/Object;)Lorg/jetbrains/kotlin/com/intellij/openapi/util/NotNullLazyValue; 9 <appendix> member <vmtarget> ; # org/jetbrains/kotlin/com/intellij/openapi/util/NotNullLazyValue$$Lambda+0x0000000800407518
instanceKlass org/jetbrains/kotlin/metadata/jvm/deserialization/ModuleMappingKt
instanceKlass org/jetbrains/kotlin/protobuf/UnmodifiableLazyStringList$2
instanceKlass org/jetbrains/kotlin/metadata/jvm/deserialization/PackageParts
instanceKlass org/jetbrains/kotlin/metadata/jvm/JvmModuleProtoBuf$PackagePartsOrBuilder
instanceKlass org/jetbrains/kotlin/load/kotlin/JvmPackagePartProviderBase$ModuleMappingInfo
instanceKlass org/jetbrains/kotlin/metadata/jvm/JvmModuleProtoBuf$ModuleOrBuilder
instanceKlass org/jetbrains/kotlin/metadata/deserialization/VersionSpecificBehaviorKt
instanceKlass kotlin/collections/MapWithDefault
instanceKlass org/jetbrains/kotlin/utils/MetadataHelpersKt
instanceKlass org/jetbrains/kotlin/utils/DeserializationHelpersKt
instanceKlass org/jetbrains/kotlin/load/kotlin/ModuleMappingUtilKt
instanceKlass org/jetbrains/kotlin/metadata/jvm/deserialization/BinaryModuleData
instanceKlass org/jetbrains/kotlin/metadata/jvm/deserialization/JvmMetadataVersion$Companion
instanceKlass org/jetbrains/kotlin/metadata/jvm/deserialization/ModuleMapping$Companion
instanceKlass org/jetbrains/kotlin/metadata/jvm/deserialization/ModuleMapping
instanceKlass org/jetbrains/kotlin/cli/jvm/compiler/JvmPackagePartProviderKt
instanceKlass  @bci org/jetbrains/kotlin/com/intellij/psi/search/GlobalSearchScope$UnionScope contains (Lorg/jetbrains/kotlin/com/intellij/openapi/vfs/VirtualFile;)Z 14 <appendix> member <vmtarget> ; # org/jetbrains/kotlin/com/intellij/psi/search/GlobalSearchScope$UnionScope$$Lambda+0x00000008003ff510
instanceKlass org/jetbrains/kotlin/resolve/CompilerDeserializationConfiguration
instanceKlass org/jetbrains/kotlin/load/kotlin/JvmPackagePartProviderBase$Companion
instanceKlass org/jetbrains/kotlin/load/kotlin/JvmPackagePartProviderBase
instanceKlass org/jetbrains/kotlin/load/kotlin/PackageAndMetadataPartProvider
instanceKlass org/jetbrains/kotlin/serialization/deserialization/MetadataPartProvider
instanceKlass org/jetbrains/kotlin/load/kotlin/PackagePartProvider
instanceKlass  @bci org/jetbrains/kotlin/resolve/lazy/declarations/FileBasedDeclarationProviderFactory <init> (Lorg/jetbrains/kotlin/storage/StorageManager;Ljava/util/Collection;)V 29 <appendix> member <vmtarget> ; # org/jetbrains/kotlin/resolve/lazy/declarations/FileBasedDeclarationProviderFactory$$Lambda+0x00000008003fdc68
instanceKlass org/jetbrains/kotlin/resolve/lazy/declarations/FileBasedDeclarationProviderFactory$Index
instanceKlass  @bci org/jetbrains/kotlin/resolve/lazy/declarations/AbstractDeclarationProviderFactory <init> (Lorg/jetbrains/kotlin/storage/StorageManager;)V 15 <appendix> member <vmtarget> ; # org/jetbrains/kotlin/resolve/lazy/declarations/AbstractDeclarationProviderFactory$$Lambda+0x00000008003fd7d0
instanceKlass  @cpi org/jetbrains/kotlin/resolve/lazy/declarations/AbstractDeclarationProviderFactory 32 form vmentry <vmtarget> ; # java/lang/invoke/LambdaForm$DMH+0x0000000800400000
instanceKlass org/jetbrains/kotlin/resolve/lazy/declarations/ClassMemberDeclarationProvider
instanceKlass org/jetbrains/kotlin/resolve/lazy/declarations/PackageMemberDeclarationProvider
instanceKlass org/jetbrains/kotlin/resolve/lazy/declarations/DeclarationProvider
instanceKlass org/jetbrains/kotlin/resolve/lazy/declarations/AbstractDeclarationProviderFactory
instanceKlass org/jetbrains/kotlin/resolve/lazy/declarations/DeclarationProviderFactory
instanceKlass org/jetbrains/kotlin/config/LanguageFeature$Companion
instanceKlass org/jetbrains/kotlin/frontend/java/di/InjectionKt
instanceKlass org/jetbrains/kotlin/descriptors/impl/ModuleDependenciesImpl
instanceKlass org/jetbrains/kotlin/descriptors/impl/ModuleDependencies
instanceKlass org/jetbrains/kotlin/protobuf/SmallSortedMap$EntryIterator
instanceKlass org/jetbrains/kotlin/protobuf/GeneratedMessageLite$ExtendableMessage$ExtensionWriter
instanceKlass org/jetbrains/kotlin/serialization/deserialization/descriptors/DeserializedMemberScope$OptimizedImplementation
instanceKlass org/jetbrains/kotlin/serialization/deserialization/descriptors/DeserializedMemberScope$Implementation
instanceKlass org/jetbrains/kotlin/serialization/deserialization/MemberDeserializer
instanceKlass org/jetbrains/kotlin/serialization/deserialization/TypeDeserializer
instanceKlass org/jetbrains/kotlin/serialization/deserialization/DeserializationContext
instanceKlass org/jetbrains/kotlin/metadata/deserialization/VersionRequirementTable$Companion
instanceKlass org/jetbrains/kotlin/metadata/deserialization/VersionRequirementTable
instanceKlass org/jetbrains/kotlin/metadata/deserialization/TypeTable
instanceKlass org/jetbrains/kotlin/serialization/deserialization/ClassDeserializer$Companion
instanceKlass org/jetbrains/kotlin/serialization/deserialization/ClassDeserializer
instanceKlass org/jetbrains/kotlin/serialization/deserialization/EnumEntriesDeserializationSupport$Default
instanceKlass org/jetbrains/kotlin/serialization/deserialization/EnumEntriesDeserializationSupport
instanceKlass org/jetbrains/kotlin/resolve/OverridingUtil$1
instanceKlass org/jetbrains/kotlin/load/java/JavaIncompatibilityRulesOverridabilityCondition$Companion
instanceKlass org/jetbrains/kotlin/load/java/JavaIncompatibilityRulesOverridabilityCondition
instanceKlass org/jetbrains/kotlin/load/java/ErasedOverridabilityCondition
instanceKlass org/jetbrains/kotlin/load/java/FieldOverridabilityCondition
instanceKlass org/jetbrains/kotlin/resolve/ExternalOverridabilityCondition
instanceKlass org/jetbrains/kotlin/types/checker/KotlinTypeChecker$TypeConstructorEquality
instanceKlass org/jetbrains/kotlin/resolve/OverridingUtil
instanceKlass org/jetbrains/kotlin/types/AbstractTypePreparator
instanceKlass org/jetbrains/kotlin/types/checker/NewKotlinTypeCheckerImpl
instanceKlass org/jetbrains/kotlin/types/checker/NewKotlinTypeChecker$Companion
instanceKlass org/jetbrains/kotlin/types/checker/NewKotlinTypeChecker
instanceKlass org/jetbrains/kotlin/types/checker/KotlinTypeChecker
instanceKlass org/jetbrains/kotlin/resolve/sam/SamConversionResolverImpl
instanceKlass org/jetbrains/kotlin/resolve/sam/SamConversionResolver
instanceKlass org/jetbrains/kotlin/container/PlatformSpecificExtension
instanceKlass org/jetbrains/kotlin/serialization/deserialization/ContractDeserializer$Companion$DEFAULT$1
instanceKlass org/jetbrains/kotlin/serialization/deserialization/ContractDeserializer$Companion
instanceKlass org/jetbrains/kotlin/serialization/deserialization/ContractDeserializer
instanceKlass org/jetbrains/kotlin/serialization/deserialization/FlexibleTypeDeserializer$ThrowException
instanceKlass org/jetbrains/kotlin/serialization/deserialization/FlexibleTypeDeserializer
instanceKlass org/jetbrains/kotlin/serialization/deserialization/ErrorReporter$1
instanceKlass org/jetbrains/kotlin/serialization/deserialization/ErrorReporter
instanceKlass org/jetbrains/kotlin/serialization/deserialization/LocalClassifierTypeSettings$Default
instanceKlass org/jetbrains/kotlin/serialization/deserialization/LocalClassifierTypeSettings
instanceKlass org/jetbrains/kotlin/resolve/constants/ConstantValue
instanceKlass org/jetbrains/kotlin/serialization/deserialization/AnnotationDeserializer
instanceKlass org/jetbrains/kotlin/serialization/deserialization/AnnotationAndConstantLoaderImpl
instanceKlass org/jetbrains/kotlin/serialization/deserialization/AnnotationAndConstantLoader
instanceKlass org/jetbrains/kotlin/serialization/deserialization/AnnotationLoader
instanceKlass org/jetbrains/kotlin/serialization/deserialization/DeserializedClassDataFinder
instanceKlass org/jetbrains/kotlin/serialization/deserialization/DeserializationConfiguration$Default
instanceKlass org/jetbrains/kotlin/serialization/deserialization/DeserializationConfiguration
instanceKlass org/jetbrains/kotlin/serialization/deserialization/DeserializationComponents
instanceKlass org/jetbrains/kotlin/descriptors/NotFoundClasses
instanceKlass org/jetbrains/kotlin/descriptors/PackageFragmentProviderImpl
instanceKlass org/jetbrains/kotlin/descriptors/PackageFragmentProviderOptimized
instanceKlass org/jetbrains/kotlin/descriptors/PackageFragmentProvider
instanceKlass java/util/LinkedList$ListItr
instanceKlass kotlin/Triple
instanceKlass java/util/LinkedList$Node
instanceKlass org/jetbrains/kotlin/metadata/deserialization/NameResolverImpl$WhenMappings
instanceKlass org/jetbrains/kotlin/protobuf/Utf8
instanceKlass org/jetbrains/kotlin/serialization/deserialization/NameResolverUtilKt
instanceKlass org/jetbrains/kotlin/serialization/deserialization/ProtoBasedClassDataFinder
instanceKlass org/jetbrains/kotlin/serialization/deserialization/ClassDataFinder
instanceKlass org/jetbrains/kotlin/metadata/deserialization/NameResolverImpl
instanceKlass org/jetbrains/kotlin/metadata/deserialization/NameResolver
instanceKlass org/jetbrains/kotlin/metadata/ProtoBuf$Type$Argument$Projection$1
instanceKlass org/jetbrains/kotlin/metadata/ProtoBuf$Type$ArgumentOrBuilder
instanceKlass org/jetbrains/kotlin/metadata/ProtoBuf$Annotation$ArgumentOrBuilder
instanceKlass org/jetbrains/kotlin/protobuf/SmallSortedMap$Entry
instanceKlass org/jetbrains/kotlin/protobuf/FieldSet$1
instanceKlass org/jetbrains/kotlin/protobuf/AbstractMessageLite$Builder
instanceKlass org/jetbrains/kotlin/protobuf/GeneratedMessageLite$1
instanceKlass org/jetbrains/kotlin/metadata/ProtoBuf$QualifiedNameTable$QualifiedName$Kind$1
instanceKlass org/jetbrains/kotlin/metadata/ProtoBuf$QualifiedNameTable$QualifiedNameOrBuilder
instanceKlass org/jetbrains/kotlin/protobuf/WireFormat
instanceKlass org/jetbrains/kotlin/protobuf/CodedOutputStream
instanceKlass org/jetbrains/kotlin/protobuf/CodedInputStream
instanceKlass org/jetbrains/kotlin/metadata/ProtoBuf$QualifiedNameTableOrBuilder
instanceKlass org/jetbrains/kotlin/protobuf/LazyStringList
instanceKlass org/jetbrains/kotlin/protobuf/ProtocolStringList
instanceKlass org/jetbrains/kotlin/metadata/ProtoBuf$StringTableOrBuilder
instanceKlass org/jetbrains/kotlin/metadata/ProtoBuf$PackageFragmentOrBuilder
instanceKlass kotlin/collections/IntIterator
instanceKlass jdk/internal/util/ByteArray
instanceKlass org/jetbrains/kotlin/metadata/builtins/BuiltInsBinaryVersion$Companion
instanceKlass org/jetbrains/kotlin/metadata/deserialization/BinaryVersion$Companion
instanceKlass org/jetbrains/kotlin/metadata/deserialization/BinaryVersion
instanceKlass org/jetbrains/kotlin/metadata/builtins/ReadPackageFragmentKt
instanceKlass org/jetbrains/kotlin/serialization/deserialization/builtins/BuiltInsPackageFragmentImpl$Companion
instanceKlass org/jetbrains/kotlin/builtins/BuiltInsPackageFragment
instanceKlass org/jetbrains/kotlin/protobuf/ExtensionRegistryLite$ObjectIntPair
instanceKlass org/jetbrains/kotlin/metadata/ProtoBuf$TypeParameter$Variance$1
instanceKlass org/jetbrains/kotlin/metadata/ProtoBuf$TypeParameterOrBuilder
instanceKlass org/jetbrains/kotlin/metadata/ProtoBuf$EnumEntryOrBuilder
instanceKlass org/jetbrains/kotlin/metadata/ProtoBuf$Annotation$Argument$Value$Type$1
instanceKlass org/jetbrains/kotlin/protobuf/Internal$EnumLiteMap
instanceKlass org/jetbrains/kotlin/metadata/ProtoBuf$Annotation$Argument$ValueOrBuilder
instanceKlass org/jetbrains/kotlin/metadata/ProtoBuf$ValueParameterOrBuilder
instanceKlass org/jetbrains/kotlin/metadata/ProtoBuf$PropertyOrBuilder
instanceKlass org/jetbrains/kotlin/metadata/ProtoBuf$ContractOrBuilder
instanceKlass org/jetbrains/kotlin/metadata/ProtoBuf$FunctionOrBuilder
instanceKlass org/jetbrains/kotlin/metadata/ProtoBuf$ConstructorOrBuilder
instanceKlass org/jetbrains/kotlin/metadata/ProtoBuf$AnnotationOrBuilder
instanceKlass org/jetbrains/kotlin/metadata/ProtoBuf$TypeOrBuilder
instanceKlass org/jetbrains/kotlin/metadata/ProtoBuf$ClassOrBuilder
instanceKlass org/jetbrains/kotlin/protobuf/Internal$EnumLite
instanceKlass org/jetbrains/kotlin/protobuf/GeneratedMessageLite$ExtensionDescriptor
instanceKlass org/jetbrains/kotlin/protobuf/GeneratedMessageLite$GeneratedExtension
instanceKlass java/lang/Long$LongCache
instanceKlass org/jetbrains/kotlin/metadata/ProtoBuf$VersionRequirementTableOrBuilder
instanceKlass org/jetbrains/kotlin/metadata/ProtoBuf$TypeTableOrBuilder
instanceKlass org/jetbrains/kotlin/protobuf/ByteString$ByteIterator
instanceKlass org/jetbrains/kotlin/protobuf/ByteString
instanceKlass org/jetbrains/kotlin/protobuf/SmallSortedMap$EmptySet$2
instanceKlass org/jetbrains/kotlin/protobuf/SmallSortedMap$EmptySet$1
instanceKlass org/jetbrains/kotlin/protobuf/SmallSortedMap$EmptySet
instanceKlass org/jetbrains/kotlin/protobuf/LazyFieldLite
instanceKlass org/jetbrains/kotlin/protobuf/FieldSet
instanceKlass org/jetbrains/kotlin/protobuf/AbstractParser
instanceKlass org/jetbrains/kotlin/protobuf/MessageLite$Builder
instanceKlass org/jetbrains/kotlin/protobuf/Parser
instanceKlass org/jetbrains/kotlin/protobuf/FieldSet$FieldDescriptorLite
instanceKlass org/jetbrains/kotlin/protobuf/AbstractMessageLite
instanceKlass org/jetbrains/kotlin/metadata/ProtoBuf$PackageOrBuilder
instanceKlass org/jetbrains/kotlin/protobuf/GeneratedMessageLite$ExtendableMessageOrBuilder
instanceKlass org/jetbrains/kotlin/protobuf/MessageLite
instanceKlass org/jetbrains/kotlin/protobuf/MessageLiteOrBuilder
instanceKlass org/jetbrains/kotlin/metadata/builtins/BuiltInsProtoBuf
instanceKlass org/jetbrains/kotlin/protobuf/ExtensionRegistryLite
instanceKlass org/jetbrains/kotlin/serialization/SerializerExtensionProtocol
instanceKlass org/jetbrains/kotlin/storage/LockBasedStorageManager$CacheWithNullableValuesBasedOnMemoizedFunction$1
instanceKlass org/jetbrains/kotlin/types/KotlinTypeFactory
instanceKlass org/jetbrains/kotlin/util/ArrayMap
instanceKlass org/jetbrains/kotlin/util/TypeRegistry
instanceKlass org/jetbrains/kotlin/util/AbstractArrayMapOwner
instanceKlass org/jetbrains/kotlin/descriptors/FieldDescriptor
instanceKlass org/jetbrains/kotlin/descriptors/PropertySetterDescriptor
instanceKlass org/jetbrains/kotlin/descriptors/PropertyGetterDescriptor
instanceKlass org/jetbrains/kotlin/descriptors/PropertyAccessorDescriptor
instanceKlass org/jetbrains/kotlin/descriptors/VariableAccessorDescriptor
instanceKlass org/jetbrains/kotlin/types/error/ErrorPropertyDescriptor
instanceKlass org/jetbrains/kotlin/descriptors/PropertyDescriptor
instanceKlass org/jetbrains/kotlin/mpp/PropertySymbolMarker
instanceKlass org/jetbrains/kotlin/descriptors/VariableDescriptorWithAccessors
instanceKlass org/jetbrains/kotlin/descriptors/VariableDescriptor
instanceKlass kotlin/jvm/internal/StringCompanionObject
instanceKlass org/jetbrains/kotlin/types/error/ErrorTypeConstructor
instanceKlass org/jetbrains/kotlin/types/error/ErrorScope
instanceKlass org/jetbrains/kotlin/cli/common/ModuleVisibilityHelperImpl
instanceKlass org/jetbrains/kotlin/descriptors/DescriptorVisibilities$12
instanceKlass org/jetbrains/kotlin/descriptors/DescriptorVisibilities$11
instanceKlass org/jetbrains/kotlin/descriptors/DescriptorVisibilities$10
instanceKlass org/jetbrains/kotlin/util/ModuleVisibilityHelper
instanceKlass org/jetbrains/kotlin/descriptors/DescriptorVisibility
instanceKlass org/jetbrains/kotlin/descriptors/Visibility
instanceKlass org/jetbrains/kotlin/descriptors/DescriptorVisibilities
instanceKlass org/jetbrains/kotlin/name/SpecialNames
instanceKlass org/jetbrains/kotlin/descriptors/FunctionDescriptor$CopyBuilder
instanceKlass org/jetbrains/kotlin/resolve/scopes/receivers/ReceiverValue
instanceKlass org/jetbrains/kotlin/resolve/scopes/receivers/Receiver
instanceKlass org/jetbrains/kotlin/descriptors/CallableMemberDescriptor$CopyBuilder
instanceKlass org/jetbrains/kotlin/descriptors/ClassConstructorDescriptor
instanceKlass org/jetbrains/kotlin/mpp/ConstructorSymbolMarker
instanceKlass org/jetbrains/kotlin/descriptors/ConstructorDescriptor
instanceKlass java/util/Formatter$Flags
instanceKlass java/util/Formattable
instanceKlass java/util/Formatter$FormatSpecifier
instanceKlass java/util/Formatter$Conversion
instanceKlass java/util/Formatter$FixedString
instanceKlass java/util/Formatter$FormatString
instanceKlass java/util/Formatter
instanceKlass org/jetbrains/kotlin/types/error/ErrorModuleDescriptor
instanceKlass org/jetbrains/kotlin/types/error/ErrorUtils
instanceKlass org/jetbrains/kotlin/types/TypeProjection
instanceKlass org/jetbrains/kotlin/types/model/TypeArgumentMarker
instanceKlass org/jetbrains/kotlin/types/TypeUtils
instanceKlass org/jetbrains/kotlin/descriptors/impl/AbstractClassDescriptor$1$1
instanceKlass org/jetbrains/kotlin/types/AbstractTypeRefiner
instanceKlass org/jetbrains/kotlin/types/checker/KotlinTypeRefinerKt
instanceKlass org/jetbrains/kotlin/resolve/descriptorUtil/DescriptorUtilsKt
instanceKlass org/jetbrains/kotlin/descriptors/FunctionDescriptor
instanceKlass org/jetbrains/kotlin/mpp/FunctionSymbolMarker
instanceKlass org/jetbrains/kotlin/descriptors/CallableMemberDescriptor
instanceKlass org/jetbrains/kotlin/resolve/DescriptorUtils
instanceKlass org/jetbrains/kotlin/resolve/scopes/MemberScopeImpl
instanceKlass org/jetbrains/kotlin/descriptors/SupertypeLoopChecker
instanceKlass org/jetbrains/kotlin/types/ClassifierBasedTypeConstructor
instanceKlass org/jetbrains/kotlin/descriptors/ReceiverParameterDescriptor
instanceKlass org/jetbrains/kotlin/descriptors/ParameterDescriptor
instanceKlass org/jetbrains/kotlin/descriptors/ValueDescriptor
instanceKlass org/jetbrains/kotlin/descriptors/CallableDescriptor
instanceKlass org/jetbrains/kotlin/mpp/CallableSymbolMarker
instanceKlass org/jetbrains/kotlin/descriptors/impl/AbstractClassDescriptor$3
instanceKlass org/jetbrains/kotlin/descriptors/impl/AbstractClassDescriptor$2
instanceKlass org/jetbrains/kotlin/descriptors/impl/AbstractClassDescriptor$1
instanceKlass org/jetbrains/kotlin/descriptors/Modality$Companion
instanceKlass org/jetbrains/kotlin/descriptors/impl/ModuleAwareClassDescriptor$Companion
instanceKlass org/jetbrains/kotlin/types/TypeConstructor
instanceKlass org/jetbrains/kotlin/types/model/TypeConstructorMarker
instanceKlass org/jetbrains/kotlin/resolve/scopes/MemberScope
instanceKlass org/jetbrains/kotlin/resolve/scopes/ResolutionScope
instanceKlass org/jetbrains/kotlin/descriptors/impl/ModuleAwareClassDescriptor
instanceKlass org/jetbrains/kotlin/descriptors/ClassDescriptor
instanceKlass org/jetbrains/kotlin/mpp/RegularClassSymbolMarker
instanceKlass org/jetbrains/kotlin/descriptors/ClassifierDescriptorWithTypeParameters
instanceKlass org/jetbrains/kotlin/mpp/ClassLikeSymbolMarker
instanceKlass org/jetbrains/kotlin/descriptors/Substitutable
instanceKlass org/jetbrains/kotlin/descriptors/MemberDescriptor
instanceKlass org/jetbrains/kotlin/descriptors/DeclarationDescriptorWithVisibility
instanceKlass org/jetbrains/kotlin/descriptors/PackageViewDescriptor
instanceKlass org/jetbrains/kotlin/renderer/KeywordStringsGenerated
instanceKlass org/jetbrains/kotlin/renderer/RenderingUtilsKt
instanceKlass org/jetbrains/kotlin/descriptors/ModuleDescriptor$DefaultImpls
instanceKlass org/jetbrains/kotlin/renderer/DescriptorRendererImpl$RenderDeclarationDescriptorVisitor
instanceKlass org/jetbrains/kotlin/descriptors/DeclarationDescriptorVisitor
instanceKlass org/jetbrains/kotlin/renderer/ClassifierNamePolicy$FULLY_QUALIFIED
instanceKlass org/jetbrains/kotlin/renderer/ClassifierNamePolicy$SHORT
instanceKlass org/jetbrains/kotlin/renderer/ExcludedTypeAnnotations
instanceKlass org/jetbrains/kotlin/renderer/DescriptorRenderer$ValueParametersHandler$DEFAULT
instanceKlass org/jetbrains/kotlin/renderer/DescriptorRenderer$ValueParametersHandler
instanceKlass org/jetbrains/kotlin/renderer/DescriptorRendererModifier$Companion
instanceKlass kotlin/properties/ObservableProperty
instanceKlass kotlin/properties/ReadWriteProperty
instanceKlass kotlin/properties/Delegates
instanceKlass org/jetbrains/kotlin/renderer/ClassifierNamePolicy$SOURCE_CODE_QUALIFIED
instanceKlass org/jetbrains/kotlin/renderer/ClassifierNamePolicy
instanceKlass org/jetbrains/kotlin/renderer/DescriptorRendererOptionsImpl
instanceKlass org/jetbrains/kotlin/renderer/DescriptorRendererOptions
instanceKlass org/jetbrains/kotlin/renderer/DescriptorRenderer$Companion
instanceKlass org/jetbrains/kotlin/renderer/DescriptorRenderer
instanceKlass org/jetbrains/kotlin/descriptors/SourceElement$1
instanceKlass org/jetbrains/kotlin/descriptors/SourceElement
instanceKlass org/jetbrains/kotlin/descriptors/PackageFragmentDescriptor
instanceKlass org/jetbrains/kotlin/descriptors/ClassOrPackageFragmentDescriptor
instanceKlass org/jetbrains/kotlin/builtins/jvm/JavaToKotlinClassMapper
instanceKlass org/jetbrains/kotlin/builtins/PlatformToKotlinClassMapper
instanceKlass org/jetbrains/kotlin/builtins/jvm/JvmBuiltInsCustomizer
instanceKlass org/jetbrains/kotlin/storage/StorageKt
instanceKlass org/jetbrains/kotlin/utils/CollectionsKt
instanceKlass org/jetbrains/kotlin/builtins/StandardNames$FqNames
instanceKlass org/jetbrains/kotlin/builtins/StandardNames
instanceKlass org/jetbrains/kotlin/builtins/jvm/JvmBuiltInClassDescriptorFactory$Companion
instanceKlass org/jetbrains/kotlin/builtins/jvm/JvmBuiltInClassDescriptorFactory
instanceKlass org/jetbrains/kotlin/builtins/functions/BuiltInFictitiousFunctionClassFactory
instanceKlass org/jetbrains/kotlin/descriptors/deserialization/ClassDescriptorFactory
instanceKlass org/jetbrains/kotlin/serialization/deserialization/builtins/BuiltInsResourceLoader
instanceKlass org/jetbrains/kotlin/serialization/deserialization/builtins/BuiltInsLoaderImpl
instanceKlass sun/net/www/protocol/jar/JarFileFactory
instanceKlass sun/net/www/protocol/jar/URLJarFile$URLJarFileCloseController
instanceKlass org/jetbrains/kotlin/builtins/BuiltInsLoader$Companion
instanceKlass org/jetbrains/kotlin/builtins/BuiltInsLoader
instanceKlass org/jetbrains/kotlin/cli/jvm/compiler/TopDownAnalyzerFacadeForJVM$SourceOrBinaryModuleClassResolver
instanceKlass org/jetbrains/kotlin/load/java/lazy/ModuleClassResolver
instanceKlass org/jetbrains/kotlin/modules/TargetId
instanceKlass org/jetbrains/kotlin/modules/TargetIdKt
instanceKlass org/jetbrains/kotlin/incremental/components/EnumWhenTracker$DoNothing
instanceKlass org/jetbrains/kotlin/incremental/components/EnumWhenTracker
instanceKlass org/jetbrains/kotlin/incremental/components/InlineConstTracker$DoNothing
instanceKlass org/jetbrains/kotlin/incremental/components/InlineConstTracker
instanceKlass org/jetbrains/kotlin/incremental/components/ExpectActualTracker$DoNothing
instanceKlass org/jetbrains/kotlin/incremental/components/ExpectActualTracker
instanceKlass org/jetbrains/kotlin/incremental/components/LookupTracker$DO_NOTHING
instanceKlass org/jetbrains/kotlin/incremental/components/LookupTracker
instanceKlass org/jetbrains/kotlin/builtins/KotlinBuiltIns$4
instanceKlass org/jetbrains/kotlin/context/MutableModuleContextImpl
instanceKlass org/jetbrains/kotlin/context/MutableModuleContext
instanceKlass org/jetbrains/kotlin/context/ModuleContext
instanceKlass org/jetbrains/kotlin/descriptors/impl/PackageViewDescriptorFactory$Default
instanceKlass org/jetbrains/kotlin/descriptors/ModuleCapability
instanceKlass org/jetbrains/kotlin/descriptors/impl/PackageViewDescriptorFactory$Companion
instanceKlass org/jetbrains/kotlin/descriptors/impl/PackageViewDescriptorFactory
instanceKlass org/jetbrains/kotlin/descriptors/annotations/Annotations$Companion$EMPTY$1
instanceKlass org/jetbrains/kotlin/descriptors/annotations/Annotations$Companion
instanceKlass org/jetbrains/kotlin/descriptors/annotations/Annotations
instanceKlass org/jetbrains/kotlin/descriptors/annotations/AnnotatedImpl
instanceKlass org/jetbrains/kotlin/builtins/jvm/JvmBuiltIns$WhenMappings
instanceKlass org/jetbrains/kotlin/builtins/KotlinBuiltIns$3
instanceKlass org/jetbrains/kotlin/builtins/KotlinBuiltIns$2
instanceKlass org/jetbrains/kotlin/storage/LockBasedStorageManager$LockBasedLazyValue
instanceKlass org/jetbrains/kotlin/builtins/KotlinBuiltIns$1
instanceKlass org/jetbrains/kotlin/descriptors/deserialization/PlatformDependentDeclarationFilter
instanceKlass org/jetbrains/kotlin/incremental/components/LookupLocation
instanceKlass org/jetbrains/kotlin/types/model/TypeArgumentListMarker
instanceKlass org/jetbrains/kotlin/types/model/SimpleTypeMarker
instanceKlass org/jetbrains/kotlin/types/KotlinType
instanceKlass org/jetbrains/kotlin/descriptors/ModuleDescriptor
instanceKlass org/jetbrains/kotlin/descriptors/deserialization/AdditionalClassPartsProvider
instanceKlass org/jetbrains/kotlin/descriptors/ClassifierDescriptor
instanceKlass org/jetbrains/kotlin/mpp/ClassifierSymbolMarker
instanceKlass org/jetbrains/kotlin/descriptors/DeclarationDescriptorNonRoot
instanceKlass org/jetbrains/kotlin/descriptors/DeclarationDescriptorWithSource
instanceKlass org/jetbrains/kotlin/descriptors/DeclarationDescriptor
instanceKlass org/jetbrains/kotlin/mpp/DeclarationSymbolMarker
instanceKlass org/jetbrains/kotlin/descriptors/annotations/Annotated
instanceKlass org/jetbrains/kotlin/descriptors/ValidateableDescriptor
instanceKlass org/jetbrains/kotlin/descriptors/Named
instanceKlass org/jetbrains/kotlin/builtins/KotlinBuiltIns
instanceKlass  @bci org/jetbrains/kotlin/context/ContextKt GlobalContext (Ljava/lang/String;)Lorg/jetbrains/kotlin/context/GlobalContextImpl; 23 <appendix> argL0 ; # org/jetbrains/kotlin/context/ContextKt$$Lambda+0x000000080039f438
instanceKlass org/jetbrains/kotlin/context/SimpleGlobalContext
instanceKlass org/jetbrains/kotlin/storage/ExceptionTracker
instanceKlass org/jetbrains/kotlin/context/ProjectContextImpl
instanceKlass org/jetbrains/kotlin/context/ProjectContext
instanceKlass org/jetbrains/kotlin/context/GlobalContext
instanceKlass org/jetbrains/kotlin/context/ContextKt
instanceKlass org/jetbrains/kotlin/platform/TargetPlatform
instanceKlass org/jetbrains/kotlin/platform/TargetPlatformKt
instanceKlass org/jetbrains/kotlin/platform/TargetPlatformVersion$NoVersion
instanceKlass org/jetbrains/kotlin/platform/SimplePlatform
instanceKlass org/jetbrains/kotlin/platform/jvm/JvmPlatforms
instanceKlass org/jetbrains/kotlin/resolve/TargetEnvironment$Companion
instanceKlass org/jetbrains/kotlin/resolve/TargetEnvironment
instanceKlass  @bci org/jetbrains/kotlin/resolve/diagnostics/MutableDiagnosticsWithSuppression <init> (Lorg/jetbrains/kotlin/resolve/diagnostics/KotlinSuppressCache;Lorg/jetbrains/kotlin/resolve/diagnostics/Diagnostics;)V 43 <appendix> member <vmtarget> ; # org/jetbrains/kotlin/resolve/diagnostics/MutableDiagnosticsWithSuppression$$Lambda+0x000000080039bee8
instanceKlass org/jetbrains/kotlin/com/intellij/psi/util/CachedValueProvider$Result
instanceKlass org/jetbrains/kotlin/com/intellij/util/CachedValueBase
instanceKlass org/jetbrains/kotlin/resolve/diagnostics/DiagnosticSuppressor$Companion
instanceKlass org/jetbrains/kotlin/resolve/diagnostics/DiagnosticSuppressor
instanceKlass org/jetbrains/kotlin/util/ExtensionProvider$Companion
instanceKlass org/jetbrains/kotlin/util/MappedExtensionProvider
instanceKlass org/jetbrains/kotlin/resolve/diagnostics/KotlinSuppressCache$Companion
instanceKlass org/jetbrains/kotlin/diagnostics/AbstractKotlinSuppressCache$Companion
instanceKlass org/jetbrains/kotlin/resolve/diagnostics/Diagnostics$Companion$EMPTY$1
instanceKlass org/jetbrains/kotlin/resolve/diagnostics/Diagnostics$Companion
instanceKlass org/jetbrains/kotlin/resolve/diagnostics/MutableDiagnosticsWithSuppression
instanceKlass org/jetbrains/kotlin/resolve/diagnostics/Diagnostics
instanceKlass org/jetbrains/kotlin/diagnostics/GenericDiagnostics
instanceKlass org/jetbrains/kotlin/util/slicedMap/WritableSlice
instanceKlass org/jetbrains/kotlin/resolve/BindingTraceContext$1
instanceKlass org/jetbrains/kotlin/resolve/CleanableBindingContext
instanceKlass org/jetbrains/kotlin/util/slicedMap/SlicedMapImpl
instanceKlass org/jetbrains/kotlin/resolve/BindingTraceFilter$Companion
instanceKlass org/jetbrains/kotlin/resolve/BindingTraceFilter
instanceKlass org/jetbrains/kotlin/diagnostics/DiagnosticSink$2
instanceKlass org/jetbrains/kotlin/diagnostics/DiagnosticSink$1
instanceKlass org/jetbrains/kotlin/util/slicedMap/ReadOnlySlice
instanceKlass org/jetbrains/kotlin/util/slicedMap/MutableSlicedMap
instanceKlass org/jetbrains/kotlin/util/slicedMap/SlicedMap
instanceKlass org/jetbrains/kotlin/diagnostics/AbstractKotlinSuppressCache
instanceKlass org/jetbrains/kotlin/resolve/BindingContext
instanceKlass org/jetbrains/kotlin/resolve/BindingTraceContext
instanceKlass org/jetbrains/kotlin/resolve/BindingTrace
instanceKlass org/jetbrains/kotlin/diagnostics/DiagnosticSink
instanceKlass org/jetbrains/kotlin/com/intellij/openapi/vfs/VirtualFileWithId
instanceKlass org/jetbrains/kotlin/com/intellij/openapi/vfs/VirtualFileSet
instanceKlass org/jetbrains/kotlin/com/intellij/openapi/vfs/VirtualFileVisitor
instanceKlass org/jetbrains/kotlin/com/intellij/openapi/vfs/VfsUtilCore
instanceKlass org/jetbrains/kotlin/cli/jvm/compiler/TopDownAnalyzerFacadeForJVM
instanceKlass org/jetbrains/kotlin/psi/KtOperationExpression
instanceKlass org/jetbrains/kotlin/BlockExpressionElementType$Companion
instanceKlass org/jetbrains/kotlin/com/intellij/psi/tree/IReparseableElementTypeBase
instanceKlass org/jetbrains/kotlin/com/intellij/psi/tree/ICompositeElementType
instanceKlass org/jetbrains/kotlin/KtNodeTypes
instanceKlass org/jetbrains/kotlin/com/intellij/lang/PsiParser
instanceKlass org/jetbrains/kotlin/kdoc/lexer/KDocTokens
instanceKlass org/jetbrains/kotlin/lexer/KtTokens
instanceKlass org/jetbrains/kotlin/diagnostics/PositioningStrategy
instanceKlass org/jetbrains/kotlin/diagnostics/PositioningStrategies
instanceKlass org/jetbrains/kotlin/diagnostics/DiagnosticFactory$Companion
instanceKlass org/jetbrains/kotlin/diagnostics/DiagnosticMarker
instanceKlass org/jetbrains/kotlin/diagnostics/UnboundDiagnostic
instanceKlass org/jetbrains/kotlin/diagnostics/DiagnosticFactory
instanceKlass org/jetbrains/kotlin/cli/common/messages/AnalyzerWithCompilerReport$Companion
instanceKlass org/jetbrains/kotlin/cli/common/messages/AnalyzerWithCompilerReport
instanceKlass org/jetbrains/kotlin/analyzer/AbstractAnalyzerWithCompilerReport
instanceKlass org/jetbrains/kotlin/load/kotlin/ModuleVisibilityManager$SERVICE
instanceKlass org/jetbrains/kotlin/cli/jvm/compiler/KotlinToJVMBytecodeCompiler
instanceKlass sun/nio/cs/ThreadLocalCoders$Cache
instanceKlass sun/nio/cs/ThreadLocalCoders
instanceKlass org/jetbrains/kotlin/com/intellij/injected/editor/DocumentWindow
instanceKlass org/jetbrains/kotlin/com/intellij/openapi/editor/impl/FrozenDocument
instanceKlass org/jetbrains/kotlin/com/intellij/openapi/editor/impl/DocumentImpl$1
instanceKlass java/beans/PropertyChangeListener
instanceKlass java/beans/ChangeListenerMap
instanceKlass java/beans/PropertyChangeSupport
instanceKlass org/jetbrains/kotlin/com/intellij/openapi/editor/impl/IntervalTreeImpl$IntervalTreeGuide
instanceKlass org/jetbrains/kotlin/com/intellij/util/WalkingState$TreeGuide
instanceKlass org/jetbrains/kotlin/it/unimi/dsi/fastutil/longs/LongSet
instanceKlass org/jetbrains/kotlin/it/unimi/dsi/fastutil/longs/LongCollection
instanceKlass org/jetbrains/kotlin/it/unimi/dsi/fastutil/longs/LongIterable
instanceKlass org/jetbrains/kotlin/com/intellij/openapi/editor/impl/RedBlackTree$Node
instanceKlass org/jetbrains/kotlin/com/intellij/openapi/editor/ex/PrioritizedDocumentListener$1
instanceKlass org/jetbrains/kotlin/com/intellij/openapi/editor/ex/PrioritizedDocumentListener
instanceKlass org/jetbrains/kotlin/com/intellij/openapi/editor/ex/DocumentEx$1
instanceKlass org/jetbrains/kotlin/com/intellij/util/keyFMap/ArrayBackedFMap
instanceKlass org/jetbrains/kotlin/com/intellij/openapi/fileEditor/impl/LoadTextUtil$ConvertResult
instanceKlass java/lang/reflect/AnnotatedType
instanceKlass java/lang/reflect/TypeVariable
instanceKlass org/jetbrains/kotlin/com/intellij/util/text/ByteArrayCharSequence
instanceKlass org/jetbrains/kotlin/com/intellij/util/BitUtil
instanceKlass org/jetbrains/kotlin/com/intellij/openapi/fileEditor/impl/LoadTextUtil$DetectResult
instanceKlass org/jetbrains/kotlin/com/intellij/openapi/vfs/CharsetToolkit
instanceKlass org/jetbrains/kotlin/com/intellij/openapi/fileEditor/impl/LoadTextUtil
instanceKlass org/jetbrains/kotlin/cli/jvm/compiler/JavaLanguageLevelKt
instanceKlass org/jetbrains/kotlin/config/AppendJavaSourceRootsHandlerKeyKt
instanceKlass org/jetbrains/kotlin/cli/jvm/compiler/CliVirtualFileFinderFactory
instanceKlass org/jetbrains/kotlin/load/kotlin/VirtualFileFinderFactory
instanceKlass org/jetbrains/kotlin/load/kotlin/MetadataFinderFactory
instanceKlass org/jetbrains/kotlin/cli/jvm/modules/CliJavaModuleResolver$Companion
instanceKlass org/jetbrains/kotlin/cli/jvm/modules/CliJavaModuleResolver
instanceKlass org/jetbrains/kotlin/resolve/jvm/modules/JavaModuleResolver
instanceKlass org/jetbrains/kotlin/load/java/JavaModuleAnnotationsProvider
instanceKlass org/jetbrains/kotlin/cli/jvm/index/SingleJavaFileRootsIndex
instanceKlass org/jetbrains/kotlin/cli/jvm/index/JvmDependenciesIndexImpl
instanceKlass java/util/concurrent/locks/ReentrantReadWriteLock$WriteLock
instanceKlass java/util/concurrent/locks/ReentrantReadWriteLock$ReadLock
instanceKlass java/util/concurrent/locks/ReentrantReadWriteLock
instanceKlass java/util/concurrent/locks/ReadWriteLock
instanceKlass org/jetbrains/kotlin/cli/jvm/index/JvmDependenciesDynamicCompoundIndex
instanceKlass org/jetbrains/kotlin/cli/jvm/index/JvmDependenciesIndex
instanceKlass org/jetbrains/kotlin/cli/jvm/compiler/ClasspathRootsResolver$RootsAndModules
instanceKlass kotlin/sequences/TransformingSequence$iterator$1
instanceKlass kotlin/sequences/FilteringSequence$iterator$1
instanceKlass kotlin/jvm/internal/ArrayIterator
instanceKlass kotlin/jvm/internal/ArrayIteratorKt
instanceKlass kotlin/sequences/FlatteningSequence$iterator$1
instanceKlass kotlin/sequences/FlatteningSequence
instanceKlass kotlin/collections/ArraysKt___ArraysKt$asSequence$$inlined$Sequence$1
instanceKlass kotlin/collections/CollectionsKt___CollectionsKt$asSequence$$inlined$Sequence$1
instanceKlass kotlin/sequences/FilteringSequence
instanceKlass kotlin/sequences/TransformingSequence
instanceKlass kotlin/sequences/EmptySequence
instanceKlass kotlin/sequences/DropTakeSequence
instanceKlass org/jetbrains/kotlin/cli/jvm/index/JavaRoot$RootTypes
instanceKlass org/jetbrains/kotlin/cli/jvm/index/JavaRoot
instanceKlass  @bci org/jetbrains/kotlin/com/intellij/util/containers/FactoryMap entrySet ()Ljava/util/Set; 9 <appendix> argL0 ; # org/jetbrains/kotlin/com/intellij/util/containers/FactoryMap$$Lambda+0x000000080033d990
instanceKlass org/jetbrains/kotlin/com/intellij/util/containers/FactoryMap
instanceKlass  @bci org/jetbrains/kotlin/com/intellij/openapi/vfs/impl/jar/CoreJarHandler <init> (Lorg/jetbrains/kotlin/com/intellij/openapi/vfs/impl/jar/CoreJarFileSystem;Ljava/lang/String;)V 40 <appendix> argL0 ; # org/jetbrains/kotlin/com/intellij/openapi/vfs/impl/jar/CoreJarHandler$$Lambda+0x000000080033c9c0
instanceKlass org/jetbrains/kotlin/com/intellij/util/text/CharArrayExternalizable
instanceKlass org/jetbrains/kotlin/com/intellij/util/text/ImmutableCharSequence
instanceKlass org/jetbrains/kotlin/com/intellij/util/text/CharArrayUtil
instanceKlass  @bci org/jetbrains/kotlin/com/intellij/openapi/vfs/impl/ZipHandlerBase buildEntryMapForZipFile (Ljava/util/zip/ZipFile;)Ljava/util/Map; 70 <appendix> member <vmtarget> ; # org/jetbrains/kotlin/com/intellij/openapi/vfs/impl/ZipHandlerBase$$Lambda+0x000000080033bcf0
instanceKlass java/util/zip/ZipFile$ZipEntryIterator
instanceKlass org/jetbrains/kotlin/com/intellij/openapi/vfs/impl/ArchiveHandler$EntryInfo
instanceKlass org/jetbrains/kotlin/com/intellij/util/containers/ShareableKey
instanceKlass org/jetbrains/kotlin/com/intellij/util/containers/hash/LinkedHashMap$Entry
instanceKlass java/util/DualPivotQuicksort
instanceKlass org/jetbrains/kotlin/com/intellij/util/containers/hash/HashUtil
instanceKlass org/jetbrains/kotlin/com/intellij/util/containers/SLRUMap
instanceKlass org/jetbrains/kotlin/com/intellij/openapi/util/io/FileAttributes
instanceKlass org/jetbrains/kotlin/com/intellij/util/io/ResourceHandle
instanceKlass org/jetbrains/kotlin/com/intellij/util/io/FileAccessorCache
instanceKlass org/jetbrains/kotlin/com/intellij/util/containers/hash/EqualityPolicy
instanceKlass org/jetbrains/kotlin/com/intellij/openapi/vfs/impl/AddonlyKeylessHash$KeyValueMapper
instanceKlass org/jetbrains/kotlin/com/intellij/openapi/util/Pair
instanceKlass org/jetbrains/kotlin/cli/jvm/compiler/ClasspathRootsResolver$RootWithPrefix
instanceKlass org/jetbrains/kotlin/cli/jvm/config/JvmModulePathRoot
instanceKlass org/jetbrains/kotlin/cli/jvm/modules/JavaModuleGraph
instanceKlass org/jetbrains/kotlin/cli/jvm/compiler/ClasspathRootsResolver$Companion
instanceKlass org/jetbrains/kotlin/cli/jvm/compiler/ClasspathRootsResolver
instanceKlass org/jetbrains/kotlin/cli/jvm/modules/CliJavaModuleFinder
instanceKlass org/jetbrains/kotlin/resolve/jvm/modules/JavaModuleFinder
instanceKlass kotlin/comparisons/ComparisonsKt__ComparisonsKt
instanceKlass org/jetbrains/kotlin/com/intellij/openapi/util/io/FileUtil$2
instanceKlass org/jetbrains/kotlin/com/intellij/openapi/util/io/FileUtil$1
instanceKlass org/jetbrains/kotlin/com/intellij/util/text/CaseInsensitiveStringHashingStrategy
instanceKlass org/jetbrains/kotlin/com/intellij/openapi/util/io/FileUtilRt$SymlinkResolver
instanceKlass org/jetbrains/kotlin/com/intellij/util/indexing/IndexingDataKeys
instanceKlass org/jetbrains/kotlin/cli/jvm/compiler/KotlinCoreEnvironment$special$$inlined$sortBy$1
instanceKlass org/jetbrains/kotlin/psi/UserDataProperty
instanceKlass kotlin/reflect/jvm/internal/KPropertyImpl$Companion
instanceKlass kotlin/reflect/jvm/internal/KCallableImpl
instanceKlass kotlin/reflect/KMutableProperty$Setter
instanceKlass org/jetbrains/kotlin/resolve/multiplatform/IsCommonSourceKt
instanceKlass org/jetbrains/kotlin/com/intellij/psi/util/PsiUtilCore$NullPsiElement
instanceKlass org/jetbrains/kotlin/com/intellij/psi/util/PsiUtilCore
instanceKlass  @bci org/jetbrains/kotlin/com/intellij/psi/impl/source/FileTrees noStub (Lorg/jetbrains/kotlin/com/intellij/psi/impl/source/tree/FileElement;Lorg/jetbrains/kotlin/com/intellij/psi/impl/source/PsiFileImpl;)Lorg/jetbrains/kotlin/com/intellij/psi/impl/source/FileTrees; 15 <appendix> member <vmtarget> ; # org/jetbrains/kotlin/com/intellij/psi/impl/source/FileTrees$$Lambda+0x000000080032d768
instanceKlass org/jetbrains/kotlin/com/intellij/psi/impl/source/FileTrees
instanceKlass org/jetbrains/kotlin/psi/stubs/KotlinScriptStub
instanceKlass org/jetbrains/kotlin/psi/stubs/KotlinPlaceHolderWithTextStub
instanceKlass org/jetbrains/kotlin/com/intellij/psi/tree/IReparseableLeafElementType
instanceKlass org/jetbrains/kotlin/com/intellij/psi/TokenType
instanceKlass org/jetbrains/kotlin/com/intellij/psi/LiteralTextEscaper
instanceKlass org/jetbrains/kotlin/com/intellij/psi/ContributedReferenceHost
instanceKlass org/jetbrains/kotlin/psi/stubs/KotlinCollectionLiteralExpressionStub
instanceKlass org/jetbrains/kotlin/psi/stubs/KotlinClassLiteralExpressionStub
instanceKlass org/jetbrains/kotlin/psi/KtDoubleColonExpression
instanceKlass org/jetbrains/kotlin/psi/stubs/KotlinConstantExpressionStub
instanceKlass org/jetbrains/kotlin/psi/stubs/elements/KtConstantExpressionElementType$Companion
instanceKlass org/jetbrains/kotlin/psi/stubs/KotlinContextReceiverStub
instanceKlass org/jetbrains/kotlin/psi/LambdaArgument
instanceKlass org/jetbrains/kotlin/psi/stubs/KotlinContractEffectStub
instanceKlass org/jetbrains/kotlin/psi/ValueArgumentName
instanceKlass org/jetbrains/kotlin/psi/stubs/KotlinValueArgumentStub
instanceKlass org/jetbrains/kotlin/psi/ValueArgument
instanceKlass org/jetbrains/kotlin/psi/stubs/KotlinEnumEntrySuperclassReferenceExpressionStub
instanceKlass org/jetbrains/kotlin/psi/KtQualifiedExpression
instanceKlass org/jetbrains/kotlin/psi/stubs/KotlinNameReferenceExpressionStub
instanceKlass org/jetbrains/kotlin/psi/stubs/KotlinTypeProjectionStub
instanceKlass org/jetbrains/kotlin/psi/KtSimpleNameExpression
instanceKlass org/jetbrains/kotlin/psi/KtReferenceExpression
instanceKlass org/jetbrains/kotlin/psi/stubs/impl/KotlinTypeBean
instanceKlass org/jetbrains/kotlin/types/model/KotlinTypeMarker
instanceKlass org/jetbrains/kotlin/psi/stubs/KotlinUserTypeStub
instanceKlass org/jetbrains/kotlin/psi/KtTypeElement
instanceKlass org/jetbrains/kotlin/psi/stubs/KotlinModifierListStub
instanceKlass org/jetbrains/kotlin/psi/stubs/KotlinImportAliasStub
instanceKlass org/jetbrains/kotlin/psi/KtImportInfo$ImportContent
instanceKlass org/jetbrains/kotlin/psi/KtImportInfo
instanceKlass org/jetbrains/kotlin/psi/stubs/KotlinImportDirectiveStub
instanceKlass org/jetbrains/kotlin/psi/KtAnnotationsContainer
instanceKlass org/jetbrains/kotlin/psi/stubs/KotlinAnnotationUseSiteTargetStub
instanceKlass org/jetbrains/kotlin/psi/KtCallElement
instanceKlass org/jetbrains/kotlin/psi/stubs/KotlinAnnotationEntryStub
instanceKlass org/jetbrains/kotlin/psi/stubs/KotlinTypeParameterStub
instanceKlass org/jetbrains/kotlin/psi/stubs/KotlinParameterStub
instanceKlass org/jetbrains/kotlin/psi/stubs/KotlinConstructorStub
instanceKlass org/jetbrains/kotlin/psi/KtAnonymousInitializer
instanceKlass org/jetbrains/kotlin/psi/stubs/KotlinPlaceHolderStub
instanceKlass org/jetbrains/kotlin/psi/stubs/KotlinObjectStub
instanceKlass org/jetbrains/kotlin/psi/stubs/KotlinTypeAliasStub
instanceKlass org/jetbrains/kotlin/psi/stubs/KotlinBackingFieldStub
instanceKlass org/jetbrains/kotlin/psi/stubs/KotlinPropertyAccessorStub
instanceKlass org/jetbrains/kotlin/psi/KtVariableDeclaration
instanceKlass org/jetbrains/kotlin/psi/KtValVarKeywordOwner
instanceKlass org/jetbrains/kotlin/psi/stubs/KotlinPropertyStub
instanceKlass org/jetbrains/kotlin/psi/KtFunction
instanceKlass org/jetbrains/kotlin/psi/KtDeclarationWithBody
instanceKlass org/jetbrains/kotlin/psi/KtCallableDeclaration
instanceKlass org/jetbrains/kotlin/psi/KtDeclarationWithInitializer
instanceKlass org/jetbrains/kotlin/psi/stubs/KotlinFunctionStub
instanceKlass org/jetbrains/kotlin/psi/stubs/KotlinCallableStubBase
instanceKlass  @bci org/jetbrains/kotlin/psi/stubs/elements/KtStubElementType <init> (Ljava/lang/String;Ljava/lang/Class;Ljava/lang/Class;)V 125 <appendix> member <vmtarget> ; # org/jetbrains/kotlin/psi/stubs/elements/KtStubElementType$$Lambda+0x00000008002c2058
instanceKlass org/jetbrains/kotlin/com/intellij/psi/impl/source/SubstrateRef
instanceKlass org/jetbrains/kotlin/psi/stubs/KotlinClassStub
instanceKlass org/jetbrains/kotlin/psi/stubs/KotlinClassOrObjectStub
instanceKlass org/jetbrains/kotlin/psi/stubs/KotlinStubWithFqName
instanceKlass org/jetbrains/kotlin/com/intellij/psi/stubs/NamedStub
instanceKlass org/jetbrains/kotlin/psi/stubs/KotlinClassifierStub
instanceKlass org/jetbrains/kotlin/com/intellij/psi/StubBasedPsiElement
instanceKlass org/jetbrains/kotlin/psi/KtTypeParameterListOwner
instanceKlass org/jetbrains/kotlin/psi/KtPureClassOrObject
instanceKlass org/jetbrains/kotlin/psi/KtClassLikeDeclaration
instanceKlass org/jetbrains/kotlin/psi/KtNamedDeclaration
instanceKlass org/jetbrains/kotlin/psi/KtStatementExpression
instanceKlass org/jetbrains/kotlin/psi/KtNamed
instanceKlass org/jetbrains/kotlin/psi/KtDeclaration
instanceKlass org/jetbrains/kotlin/psi/KtModifierListOwner
instanceKlass org/jetbrains/kotlin/psi/KtExpression
instanceKlass org/jetbrains/kotlin/psi/stubs/elements/KtStubElementTypes
instanceKlass org/jetbrains/kotlin/psi/stubs/elements/KtTokenSets
instanceKlass org/jetbrains/kotlin/com/intellij/psi/tree/TokenSet
instanceKlass org/jetbrains/kotlin/psi/KtFile$Companion
instanceKlass  @bci java/util/Comparator comparing (Ljava/util/function/Function;)Ljava/util/Comparator; 6 <appendix> member <vmtarget> ; # java/util/Comparator$$Lambda+0x000000080015e2b0
instanceKlass  @bci java/lang/invoke/BootstrapMethodInvoker invoke (Ljava/lang/Class;Ljava/lang/invoke/MethodHandle;Ljava/lang/String;Ljava/lang/Object;Ljava/lang/Object;Ljava/lang/Class;)Ljava/lang/Object; 462 <adapter> ; # java/lang/invoke/LambdaForm$MH+0x00000008002ac400
instanceKlass  @bci org/jetbrains/kotlin/com/intellij/psi/impl/source/PsiFileImpl <clinit> ()V 37 <appendix> argL0 ; # org/jetbrains/kotlin/com/intellij/psi/impl/source/PsiFileImpl$$Lambda+0x00000008002a7b18
instanceKlass  @bci org/jetbrains/kotlin/resolve/diagnostics/DiagnosticsElementsCache <init> (Lorg/jetbrains/kotlin/resolve/diagnostics/Diagnostics;Lkotlin/jvm/functions/Function1;)V 16 <bsm> form vmentry <vmtarget> ; # java/lang/invoke/LambdaForm$DMH+0x00000008002ac000
instanceKlass org/jetbrains/kotlin/com/intellij/psi/impl/source/StubbedSpine
instanceKlass org/jetbrains/kotlin/psi/KtDeclarationContainer
instanceKlass org/jetbrains/kotlin/psi/KtAnnotated
instanceKlass org/jetbrains/kotlin/psi/KtElement
instanceKlass org/jetbrains/kotlin/psi/KtPureElement
instanceKlass org/jetbrains/kotlin/com/intellij/psi/PsiModifiableCodeBlock
instanceKlass org/jetbrains/kotlin/com/intellij/psi/PsiClassOwner
instanceKlass org/jetbrains/kotlin/com/intellij/util/keyFMap/PairElementsFMap
instanceKlass  @bci org/jetbrains/kotlin/com/intellij/util/ConcurrencyUtil cacheOrGet (Ljava/util/concurrent/atomic/AtomicReference;Ljava/lang/Object;)Ljava/lang/Object; 40 <appendix> member <vmtarget> ; # org/jetbrains/kotlin/com/intellij/util/ConcurrencyUtil$$Lambda+0x00000008002a3f70
instanceKlass java/util/function/UnaryOperator
instanceKlass org/jetbrains/kotlin/com/intellij/psi/AbstractFileViewProvider$VirtualFileContent
instanceKlass org/jetbrains/kotlin/com/intellij/psi/PsiLock
instanceKlass org/jetbrains/kotlin/com/intellij/psi/PsiLargeBinaryFile
instanceKlass org/jetbrains/kotlin/com/intellij/psi/PsiLargeFile
instanceKlass org/jetbrains/kotlin/com/intellij/psi/PsiBinaryFile
instanceKlass org/jetbrains/kotlin/com/intellij/psi/AbstractFileViewProvider$Content
instanceKlass org/jetbrains/kotlin/com/intellij/util/containers/ContainerUtilRt
instanceKlass org/jetbrains/kotlin/com/intellij/model/ModelBranch
instanceKlass org/jetbrains/kotlin/com/intellij/injected/editor/VirtualFileWindow
instanceKlass kotlin/collections/AbstractIterator$WhenMappings
instanceKlass kotlin/io/FileTreeWalk$WalkState
instanceKlass kotlin/collections/AbstractIterator
instanceKlass kotlin/io/FileTreeWalk
instanceKlass  @bci org/jetbrains/kotlin/com/intellij/openapi/vfs/local/CoreLocalVirtualFile <init> (Lorg/jetbrains/kotlin/com/intellij/openapi/vfs/local/CoreLocalFileSystem;Ljava/io/File;)V 40 <appendix> member <vmtarget> ; # org/jetbrains/kotlin/com/intellij/openapi/vfs/local/CoreLocalVirtualFile$$Lambda+0x000000080029bb60
instanceKlass kotlin/io/FilePathComponents
instanceKlass org/jetbrains/kotlin/extensions/PreprocessedFileCreator
instanceKlass  @bci org/jetbrains/kotlin/com/intellij/openapi/util/KeyedExtensionCollector buildExtensions (Ljava/lang/String;Ljava/lang/Object;)Ljava/util/List; 70 <appendix> member <vmtarget> ; # org/jetbrains/kotlin/com/intellij/openapi/util/KeyedExtensionCollector$$Lambda+0x000000080029b1e0
instanceKlass java/util/AbstractList$Itr
instanceKlass org/jetbrains/kotlin/com/intellij/openapi/util/KeyedExtensionCollector$MyExtensionPointListener
instanceKlass org/jetbrains/kotlin/cli/jvm/compiler/CoreEnvironmentUtilsKt
instanceKlass org/jetbrains/kotlin/resolve/lazy/declarations/DeclarationProviderFactoryService$Companion
instanceKlass org/jetbrains/kotlin/resolve/lazy/declarations/DeclarationProviderFactoryService
instanceKlass org/jetbrains/kotlin/com/intellij/diagnostic/Activity
instanceKlass org/jetbrains/kotlin/com/intellij/diagnostic/StartUpMeasurer
instanceKlass org/jetbrains/kotlin/cli/jvm/compiler/CliModuleAnnotationsResolver
instanceKlass org/jetbrains/kotlin/resolve/ModuleAnnotationsResolver
instanceKlass org/jetbrains/kotlin/resolve/jvm/KotlinJavaPsiFacade$2
instanceKlass org/jetbrains/kotlin/resolve/jvm/KotlinJavaPsiFacade$1
instanceKlass  @bci org/jetbrains/kotlin/resolve/jvm/KotlinJavaPsiFacade <init> (Lorg/jetbrains/kotlin/com/intellij/openapi/project/Project;)V 47 <appendix> member <vmtarget> ; # org/jetbrains/kotlin/resolve/jvm/KotlinJavaPsiFacade$$Lambda+0x0000000800297c80
instanceKlass org/jetbrains/kotlin/com/intellij/psi/PsiModifierList
instanceKlass org/jetbrains/kotlin/resolve/jvm/NotFoundPackagesCachingStrategy$Default
instanceKlass  @bci org/jetbrains/kotlin/com/intellij/psi/PsiElement <clinit> ()V 7 <appendix> argL0 ; # org/jetbrains/kotlin/com/intellij/psi/PsiElement$$Lambda+0x0000000800294e60
instanceKlass  @bci org/jetbrains/kotlin/com/intellij/psi/impl/ElementBase <clinit> ()V 16 <appendix> argL0 ; # org/jetbrains/kotlin/com/intellij/psi/impl/ElementBase$$Lambda+0x0000000800294bf8
instanceKlass  @bci org/jetbrains/kotlin/com/intellij/psi/impl/ElementBase <clinit> ()V 8 <appendix> argL0 ; # org/jetbrains/kotlin/com/intellij/psi/impl/ElementBase$$Lambda+0x0000000800294988
instanceKlass org/jetbrains/kotlin/com/intellij/psi/impl/ElementBase$ElementIconRequest
instanceKlass org/jetbrains/kotlin/load/java/structure/JavaClass
instanceKlass org/jetbrains/kotlin/load/java/structure/JavaTypeParameterListOwner
instanceKlass org/jetbrains/kotlin/load/java/structure/JavaModifierListOwner
instanceKlass org/jetbrains/kotlin/load/java/structure/JavaClassifier
instanceKlass org/jetbrains/kotlin/load/java/structure/JavaNamedElement
instanceKlass org/jetbrains/kotlin/load/java/structure/JavaAnnotationOwner
instanceKlass org/jetbrains/kotlin/load/java/structure/JavaElement
instanceKlass org/jetbrains/kotlin/resolve/jvm/KotlinJavaPsiFacade$KotlinPsiElementFinderWrapperImpl
instanceKlass org/jetbrains/kotlin/resolve/jvm/KotlinJavaPsiFacade$KotlinPsiElementFinderWrapper
instanceKlass org/jetbrains/kotlin/resolve/jvm/NotFoundPackagesCachingStrategy
instanceKlass org/jetbrains/kotlin/resolve/jvm/KotlinJavaPsiFacade
instanceKlass org/jetbrains/kotlin/load/java/structure/impl/source/JavaElementSourceFactory
instanceKlass org/jetbrains/kotlin/cli/common/CliModuleVisibilityManagerImpl
instanceKlass org/jetbrains/kotlin/load/kotlin/ModuleVisibilityManager
instanceKlass org/jetbrains/kotlin/compiler/plugin/CompilerPluginRegistrarKt
instanceKlass org/jetbrains/kotlin/fir/FirSessionComponent
instanceKlass org/jetbrains/kotlin/fir/extensions/FirExtension
instanceKlass org/jetbrains/kotlin/fir/extensions/FirExtensionRegistrar$Companion
instanceKlass org/jetbrains/kotlin/parcelize/ParcelizeDeclarationCheckerComponentContainerContributor
instanceKlass org/jetbrains/kotlin/parcelize/ParcelizeNames
instanceKlass org/jetbrains/kotlin/parcelize/ParcelizeResolveExtension$Companion
instanceKlass org/jetbrains/kotlin/parcelize/ParcelizeResolveExtension
instanceKlass org/jetbrains/kotlin/parcelize/ParcelizeIrGeneratorExtension
instanceKlass org/jetbrains/kotlin/compiler/plugin/CompilerPluginRegistrar$ExtensionStorage
instanceKlass org/jetbrains/kotlin/kapt3/util/MessageCollectorBackedKaptLogger$Companion
instanceKlass org/jetbrains/kotlin/kapt3/util/MessageCollectorBackedKaptLogger
instanceKlass org/jetbrains/kotlin/kapt3/base/util/KaptLogger
instanceKlass java/io/PrintWriter$1
instanceKlass jdk/internal/access/JavaIOPrintWriterAccess
instanceKlass  @bci org/jetbrains/kotlin/kapt3/util/ModuleManipulationUtilsKt openPackages (Ljava/util/Collection;)V 135 <adapter> ; # java/lang/invoke/LambdaForm$MH+0x000000080028c800
instanceKlass jdk/internal/classfile/ClassElement
instanceKlass jdk/internal/classfile/ClassfileElement
instanceKlass jdk/internal/classfile/ClassBuilder
instanceKlass jdk/internal/classfile/ClassfileBuilder
instanceKlass com/sun/tools/javac/comp/AttrContext
instanceKlass javax/annotation/processing/AbstractProcessor
instanceKlass javax/annotation/processing/Processor
instanceKlass com/sun/tools/javac/api/Messages
instanceKlass com/sun/tools/javac/api/Formattable
instanceKlass com/sun/tools/javac/jvm/ClassFile
instanceKlass com/sun/tools/javac/main/OptionHelper
instanceKlass com/sun/tools/javac/util/Context$Key
instanceKlass com/sun/tools/javac/code/Lint
instanceKlass com/sun/tools/javac/util/Assert
instanceKlass java/util/regex/IntHashSet
instanceKlass java/util/regex/Matcher
instanceKlass java/util/regex/MatchResult
instanceKlass  @bci java/util/regex/CharPredicates ASCII_SPACE ()Ljava/util/regex/Pattern$BmpCharPredicate; 0 <appendix> argL0 ; # java/util/regex/CharPredicates$$Lambda+0x000000080015bb30
instanceKlass com/sun/source/tree/AssignmentTree
instanceKlass com/sun/source/tree/ReturnTree
instanceKlass com/sun/source/tree/CompoundAssignmentTree
instanceKlass com/sun/source/tree/ParenthesizedTree
instanceKlass com/sun/source/tree/LambdaExpressionTree
instanceKlass com/sun/source/tree/NewArrayTree
instanceKlass com/sun/source/tree/AnyPatternTree
instanceKlass com/sun/source/tree/BinaryTree
instanceKlass com/sun/source/tree/ModifiersTree
instanceKlass com/sun/source/tree/ErroneousTree
instanceKlass com/sun/source/tree/LiteralTree
instanceKlass com/sun/source/tree/ContinueTree
instanceKlass com/sun/source/tree/InstanceOfTree
instanceKlass com/sun/source/tree/NewClassTree
instanceKlass com/sun/source/tree/TypeCastTree
instanceKlass com/sun/source/tree/UnionTypeTree
instanceKlass com/sun/source/tree/AssertTree
instanceKlass com/sun/source/tree/MemberSelectTree
instanceKlass com/sun/source/tree/ArrayTypeTree
instanceKlass com/sun/source/tree/DeconstructionPatternTree
instanceKlass com/sun/source/tree/PrimitiveTypeTree
instanceKlass com/sun/source/tree/AnnotatedTypeTree
instanceKlass com/sun/source/tree/MemberReferenceTree
instanceKlass com/sun/source/tree/ArrayAccessTree
instanceKlass com/sun/source/tree/ParameterizedTypeTree
instanceKlass com/sun/source/tree/ConditionalExpressionTree
instanceKlass com/sun/source/tree/WhileLoopTree
instanceKlass com/sun/source/tree/SynchronizedTree
instanceKlass com/sun/source/tree/ForLoopTree
instanceKlass com/sun/source/tree/SwitchTree
instanceKlass com/sun/source/tree/LabeledStatementTree
instanceKlass com/sun/source/tree/PackageTree
instanceKlass com/sun/source/tree/VariableTree
instanceKlass com/sun/source/tree/ImportTree
instanceKlass com/sun/source/tree/EnhancedForLoopTree
instanceKlass com/sun/source/tree/DoWhileLoopTree
instanceKlass com/sun/source/tree/MethodTree
instanceKlass com/sun/source/tree/ClassTree
instanceKlass com/sun/source/tree/CompilationUnitTree
instanceKlass com/sun/source/tree/TypeParameterTree
instanceKlass com/sun/source/tree/YieldTree
instanceKlass com/sun/source/tree/CatchTree
instanceKlass com/sun/source/tree/EmptyStatementTree
instanceKlass com/sun/source/tree/ExpressionStatementTree
instanceKlass com/sun/source/tree/ThrowTree
instanceKlass com/sun/source/tree/TryTree
instanceKlass com/sun/source/tree/IdentifierTree
instanceKlass com/sun/source/tree/BlockTree
instanceKlass com/sun/source/tree/UnaryTree
instanceKlass com/sun/source/tree/MethodInvocationTree
instanceKlass com/sun/source/tree/BreakTree
instanceKlass com/sun/source/tree/CaseTree
instanceKlass com/sun/source/tree/IfTree
instanceKlass com/sun/source/tree/StatementTree
instanceKlass jdk/internal/foreign/MemorySessionImpl
instanceKlass java/lang/foreign/MemorySegment$Scope
instanceKlass com/sun/source/tree/BindingPatternTree
instanceKlass com/sun/source/tree/PatternTree
instanceKlass com/sun/source/tree/ConstantCaseLabelTree
instanceKlass com/sun/source/tree/PatternCaseLabelTree
instanceKlass com/sun/source/tree/DefaultCaseLabelTree
instanceKlass com/sun/source/tree/CaseLabelTree
instanceKlass com/sun/source/tree/IntersectionTypeTree
instanceKlass com/sun/source/tree/StringTemplateTree
instanceKlass com/sun/source/tree/SwitchExpressionTree
instanceKlass com/sun/source/tree/ProvidesTree
instanceKlass com/sun/source/tree/ModuleTree
instanceKlass com/sun/source/tree/RequiresTree
instanceKlass com/sun/source/tree/ExportsTree
instanceKlass com/sun/source/tree/UsesTree
instanceKlass com/sun/source/tree/OpensTree
instanceKlass com/sun/source/tree/DirectiveTree
instanceKlass com/sun/source/tree/AnnotationTree
instanceKlass com/sun/source/tree/ExpressionTree
instanceKlass com/sun/source/tree/WildcardTree
instanceKlass com/sun/tools/javac/tree/JCTree
instanceKlass com/sun/tools/javac/util/JCDiagnostic$DiagnosticPosition
instanceKlass com/sun/source/tree/Tree
instanceKlass com/sun/tools/javac/tree/JCTree$Visitor
instanceKlass com/sun/tools/javac/file/FSInfo
instanceKlass com/sun/tools/javac/util/Context
instanceKlass jdk/internal/jimage/decompressor/ZipDecompressor
instanceKlass jdk/internal/jimage/decompressor/ResourceDecompressor
instanceKlass jdk/internal/jimage/decompressor/ResourceDecompressorFactory
instanceKlass jdk/internal/jimage/decompressor/ResourceDecompressorRepository
instanceKlass jdk/internal/jimage/decompressor/CompressedResourceHeader
instanceKlass  @bci jdk/internal/jimage/BasicImageReader getResourceBuffer (Ljdk/internal/jimage/ImageLocation;)Ljava/nio/ByteBuffer; 168 <appendix> member <vmtarget> ; # jdk/internal/jimage/BasicImageReader$$Lambda+0x000000080015a150
instanceKlass jdk/internal/jimage/decompressor/ResourceDecompressor$StringsProvider
instanceKlass java/util/AbstractMap$SimpleEntry
instanceKlass jdk/internal/jimage/ImageBufferCache$2
instanceKlass jdk/internal/jimage/ImageBufferCache
instanceKlass jdk/internal/module/ModulePatcher$PatchedModuleReader
instanceKlass org/jetbrains/kotlin/kapt3/util/ModuleManipulationUtilsKt
instanceKlass org/jetbrains/kotlin/base/kapt3/KaptSelector
instanceKlass org/jetbrains/kotlin/base/kapt3/KaptOptions$Builder
instanceKlass org/jetbrains/kotlin/kapt3/Kapt3PluginKt
instanceKlass java/util/Collections$UnmodifiableCollection$1
instanceKlass org/jetbrains/kotlin/fir/extensions/FirAnalysisHandlerExtension
instanceKlass org/jetbrains/kotlin/resolve/extensions/AssignResolutionAltererExtension
instanceKlass org/jetbrains/kotlin/extensions/AnnotationBasedExtension
instanceKlass org/jetbrains/kotlin/types/DefaultTypeAttributeTranslator
instanceKlass org/jetbrains/kotlin/types/extensions/TypeAttributeTranslators
instanceKlass org/jetbrains/kotlin/extensions/TypeAttributeTranslatorExtension
instanceKlass org/jetbrains/kotlin/types/TypeAttributeTranslator
instanceKlass org/jetbrains/kotlin/fir/extensions/FirExtensionRegistrarAdapter
instanceKlass org/jetbrains/kotlin/serialization/DescriptorSerializerPlugin
instanceKlass org/jetbrains/kotlin/extensions/internal/CallResolutionInterceptorExtension
instanceKlass org/jetbrains/kotlin/extensions/internal/CandidateInterceptor
instanceKlass org/jetbrains/kotlin/extensions/internal/TypeResolutionInterceptorExtension
instanceKlass org/jetbrains/kotlin/extensions/internal/TypeResolutionInterceptor
instanceKlass org/jetbrains/kotlin/cli/common/extensions/ShellExtension
instanceKlass org/jetbrains/kotlin/cli/common/extensions/ScriptEvaluationExtension
instanceKlass org/jetbrains/kotlin/backend/common/extensions/IrGenerationExtension
instanceKlass org/jetbrains/kotlin/ir/linkage/IrDeserializer$IrLinkerExtension
instanceKlass org/jetbrains/kotlin/resolve/extensions/ExtraImportsProviderExtension
instanceKlass org/jetbrains/kotlin/extensions/ProcessSourcesBeforeCompilingExtension
instanceKlass org/jetbrains/kotlin/extensions/CollectAdditionalSourcesExtension
instanceKlass org/jetbrains/kotlin/extensions/CompilerConfigurationExtension
instanceKlass org/jetbrains/kotlin/js/translate/extensions/JsSyntheticTranslateExtension
instanceKlass org/jetbrains/kotlin/extensions/PreprocessedVirtualFileFactoryExtension
instanceKlass org/jetbrains/kotlin/extensions/DeclarationAttributeAltererExtension
instanceKlass org/jetbrains/kotlin/extensions/StorageComponentContainerContributor
instanceKlass org/jetbrains/kotlin/resolve/jvm/extensions/PackageFragmentProviderExtension
instanceKlass org/jetbrains/kotlin/resolve/jvm/extensions/AnalysisHandlerExtension
instanceKlass org/jetbrains/kotlin/resolve/extensions/AnalysisHandlerExtension
instanceKlass org/jetbrains/kotlin/codegen/extensions/ClassFileFactoryFinalizerExtension
instanceKlass org/jetbrains/kotlin/backend/jvm/extensions/ClassGeneratorExtension
instanceKlass org/jetbrains/kotlin/codegen/extensions/ClassBuilderInterceptorExtension
instanceKlass org/jetbrains/kotlin/resolve/jvm/extensions/SyntheticJavaResolveExtension
instanceKlass org/jetbrains/kotlin/resolve/extensions/SyntheticResolveExtension
instanceKlass org/jetbrains/kotlin/extensions/ProjectExtensionDescriptor
instanceKlass org/jetbrains/kotlin/codegen/extensions/ExpressionCodegenExtension
instanceKlass  @bci jdk/internal/reflect/MethodHandleIntegerFieldAccessorImpl setInt (Ljava/lang/Object;I)V 29 <adapter> ; # java/lang/invoke/LambdaForm$MH+0x0000000800258000
instanceKlass org/jetbrains/kotlin/com/intellij/openapi/util/io/FileUtilRt$2
instanceKlass java/util/Random
instanceKlass java/util/random/RandomGenerator
instanceKlass org/jetbrains/kotlin/com/intellij/openapi/util/io/FileUtilRt$RepeatableIOOperation
instanceKlass java/io/FileFilter
instanceKlass org/jetbrains/kotlin/com/intellij/openapi/util/io/FileUtilRt
instanceKlass org/jetbrains/kotlin/com/intellij/openapi/vfs/PersistentFSConstants
instanceKlass  @bci org/jetbrains/kotlin/com/intellij/lang/jvm/facade/JvmFacadeImpl <init> (Lorg/jetbrains/kotlin/com/intellij/openapi/project/Project;Lorg/jetbrains/kotlin/com/intellij/util/messages/MessageBus;)V 52 <appendix> member <vmtarget> ; # org/jetbrains/kotlin/com/intellij/lang/jvm/facade/JvmFacadeImpl$$Lambda+0x000000080024f0c0
instanceKlass org/jetbrains/kotlin/com/intellij/psi/impl/source/DummyHolderFactory$DefaultFactory
instanceKlass org/jetbrains/kotlin/com/intellij/psi/impl/source/DummyHolderFactory
instanceKlass org/jetbrains/kotlin/com/intellij/psi/PsiImportHolder
instanceKlass org/jetbrains/kotlin/com/intellij/psi/impl/source/PsiFileWithStubSupport
instanceKlass org/jetbrains/kotlin/com/intellij/psi/impl/PsiFileEx
instanceKlass org/jetbrains/kotlin/com/intellij/openapi/ui/Queryable
instanceKlass org/jetbrains/kotlin/com/intellij/psi/impl/source/JavaDummyHolderFactory
instanceKlass  @bci org/jetbrains/kotlin/com/intellij/psi/impl/JavaPsiFacadeImpl <init> (Lorg/jetbrains/kotlin/com/intellij/openapi/project/Project;)V 99 <appendix> member <vmtarget> ; # org/jetbrains/kotlin/com/intellij/psi/impl/JavaPsiFacadeImpl$$Lambda+0x000000080024de00
instanceKlass  @bci org/jetbrains/kotlin/com/intellij/psi/impl/JavaPsiFacadeImpl <init> (Lorg/jetbrains/kotlin/com/intellij/openapi/project/Project;)V 62 <appendix> member <vmtarget> ; # org/jetbrains/kotlin/com/intellij/psi/impl/JavaPsiFacadeImpl$$Lambda+0x000000080024dba8
instanceKlass org/jetbrains/kotlin/com/intellij/lang/jvm/facade/JvmFacadeImpl
instanceKlass org/jetbrains/kotlin/com/intellij/lang/jvm/facade/JvmFacade
instanceKlass org/jetbrains/kotlin/com/intellij/psi/impl/source/HolderFactory
instanceKlass org/jetbrains/kotlin/com/intellij/psi/PsiConstantEvaluationHelper
instanceKlass org/jetbrains/kotlin/com/intellij/psi/JavaPsiFacade
instanceKlass org/jetbrains/kotlin/cli/jvm/compiler/MockInferredAnnotationsManager$Companion
instanceKlass org/jetbrains/kotlin/com/intellij/codeInsight/InferredAnnotationsManager
instanceKlass org/jetbrains/kotlin/com/intellij/codeInsight/ExternalAnnotationsListener
instanceKlass org/jetbrains/kotlin/com/intellij/codeInsight/ExternalAnnotationsManager
instanceKlass org/jetbrains/kotlin/com/intellij/util/Processor
instanceKlass org/jetbrains/kotlin/asJava/finder/JavaElementFinder$Companion
instanceKlass org/jetbrains/kotlin/resolve/jvm/KotlinFinderMarker
instanceKlass org/jetbrains/kotlin/asJava/KotlinAsJavaSupport$Companion
instanceKlass org/jetbrains/kotlin/asJava/KotlinAsJavaSupport
instanceKlass org/jetbrains/kotlin/asJava/classes/ImplUtilsKt
instanceKlass org/jetbrains/kotlin/asJava/LightClassGenerationSupport$Companion
instanceKlass org/jetbrains/kotlin/asJava/LightClassGenerationSupport
instanceKlass org/jetbrains/kotlin/resolve/jvm/JvmCodeAnalyzerInitializer
instanceKlass org/jetbrains/kotlin/resolve/CodeAnalyzerInitializer
instanceKlass org/jetbrains/kotlin/com/intellij/psi/impl/JvmPsiConversionHelperImpl
instanceKlass org/jetbrains/kotlin/com/intellij/psi/JvmPsiConversionHelper
instanceKlass  @bci org/jetbrains/kotlin/it/unimi/dsi/fastutil/objects/ObjectOpenHashSet <clinit> ()V 10 <appendix> argL0 ; # org/jetbrains/kotlin/it/unimi/dsi/fastutil/objects/ObjectOpenHashSet$$Lambda+0x0000000800247aa8
instanceKlass  @bci org/jetbrains/kotlin/it/unimi/dsi/fastutil/objects/ObjectOpenHashSet <clinit> ()V 5 <appendix> argL0 ; # org/jetbrains/kotlin/it/unimi/dsi/fastutil/objects/ObjectOpenHashSet$$Lambda+0x0000000800247848
instanceKlass  @bci org/jetbrains/kotlin/it/unimi/dsi/fastutil/objects/ObjectOpenHashSet <clinit> ()V 0 <appendix> argL0 ; # org/jetbrains/kotlin/it/unimi/dsi/fastutil/objects/ObjectOpenHashSet$$Lambda+0x00000008002475f8
instanceKlass org/jetbrains/kotlin/com/intellij/util/containers/Interner
instanceKlass org/jetbrains/kotlin/utils/PlatformUtilsKt
instanceKlass org/jetbrains/kotlin/load/java/structure/impl/classFiles/BinaryClassSignatureParser
instanceKlass org/jetbrains/kotlin/com/intellij/openapi/util/RecursionManager$2
instanceKlass org/jetbrains/kotlin/com/intellij/util/containers/SoftKeySoftValueHashMap
instanceKlass  @bci org/jetbrains/kotlin/com/intellij/psi/search/ProjectScope <clinit> ()V 54 <appendix> argL0 ; # org/jetbrains/kotlin/com/intellij/psi/search/ProjectScope$$Lambda+0x00000008002446e0
instanceKlass  @bci org/jetbrains/kotlin/com/intellij/psi/search/ProjectScope <clinit> ()V 41 <appendix> argL0 ; # org/jetbrains/kotlin/com/intellij/psi/search/ProjectScope$$Lambda+0x0000000800244468
instanceKlass  @bci org/jetbrains/kotlin/com/intellij/psi/search/ProjectScope <clinit> ()V 28 <appendix> argL0 ; # org/jetbrains/kotlin/com/intellij/psi/search/ProjectScope$$Lambda+0x00000008002441f0
instanceKlass  @bci org/jetbrains/kotlin/com/intellij/psi/search/ProjectScope <clinit> ()V 15 <appendix> argL0 ; # org/jetbrains/kotlin/com/intellij/psi/search/ProjectScope$$Lambda+0x0000000800243f78
instanceKlass  @bci org/jetbrains/kotlin/com/intellij/psi/search/ProjectScope <clinit> ()V 2 <appendix> argL0 ; # org/jetbrains/kotlin/com/intellij/psi/search/ProjectScope$$Lambda+0x0000000800243a98
instanceKlass org/jetbrains/kotlin/com/intellij/util/NotNullFunction
instanceKlass org/jetbrains/kotlin/com/intellij/util/NullableFunction
instanceKlass org/jetbrains/kotlin/com/intellij/psi/search/ProjectScope
instanceKlass gnu/trove/TObjectHash$NULL
instanceKlass gnu/trove/TObjectObjectProcedure
instanceKlass gnu/trove/THash
instanceKlass gnu/trove/TObjectHashingStrategy
instanceKlass gnu/trove/Equality
instanceKlass org/jetbrains/kotlin/cli/jvm/compiler/KotlinCliJavaFileManagerImpl$Companion
instanceKlass org/jetbrains/kotlin/com/intellij/core/CoreJavaFileManager
instanceKlass org/jetbrains/kotlin/resolve/jvm/KotlinCliJavaFileManager
instanceKlass org/jetbrains/kotlin/com/intellij/psi/controlFlow/ControlFlowFactory$1
instanceKlass  @bci org/jetbrains/kotlin/com/intellij/util/containers/ConcurrentWeakKeySoftValueHashMap <clinit> ()V 0 <appendix> argL0 ; # org/jetbrains/kotlin/com/intellij/util/containers/ConcurrentWeakKeySoftValueHashMap$$Lambda+0x0000000800241030
instanceKlass org/jetbrains/kotlin/com/intellij/util/containers/ConcurrentWeakKeySoftValueHashMap$HardKey
instanceKlass org/jetbrains/kotlin/com/intellij/util/containers/ConcurrentWeakKeySoftValueHashMap$KeyReference
instanceKlass org/jetbrains/kotlin/com/intellij/util/containers/ConcurrentWeakKeySoftValueHashMap
instanceKlass org/jetbrains/kotlin/com/intellij/psi/controlFlow/ControlFlow
instanceKlass org/jetbrains/kotlin/com/intellij/psi/controlFlow/ControlFlowFactory
instanceKlass org/jetbrains/kotlin/com/intellij/psi/codeStyle/SuggestedNameInfo
instanceKlass org/jetbrains/kotlin/com/intellij/psi/codeStyle/JavaCodeStyleManager
instanceKlass org/jetbrains/kotlin/com/intellij/psi/codeStyle/JavaCodeStyleSettingsFacade
instanceKlass org/jetbrains/kotlin/com/intellij/psi/impl/source/resolve/JavaResolveCache$1
instanceKlass org/jetbrains/kotlin/com/intellij/psi/impl/source/resolve/JavaResolveCache
instanceKlass org/jetbrains/kotlin/com/intellij/util/lang/JavaVersion
instanceKlass  @bci org/jetbrains/kotlin/com/intellij/AbstractBundle getLazyMessage (Ljava/lang/String;[Ljava/lang/Object;)Ljava/util/function/Supplier; 21 <appendix> member <vmtarget> ; # org/jetbrains/kotlin/com/intellij/AbstractBundle$$Lambda+0x000000080023d270
instanceKlass org/jetbrains/kotlin/com/intellij/util/containers/ConcurrentRefValueHashMap$ValueReference
instanceKlass org/jetbrains/kotlin/com/intellij/util/containers/ConcurrentRefValueHashMap
instanceKlass sun/util/locale/LanguageTag
instanceKlass java/util/ResourceBundle$Control
instanceKlass org/jetbrains/kotlin/com/intellij/AbstractBundle
instanceKlass org/jetbrains/kotlin/com/intellij/openapi/roots/LanguageLevelProjectExtension$LanguageLevelChangeListener
instanceKlass org/jetbrains/kotlin/com/intellij/openapi/roots/LanguageLevelProjectExtension
instanceKlass  @bci org/jetbrains/kotlin/com/intellij/openapi/util/RecursionManager <clinit> ()V 8 <appendix> argL0 ; # org/jetbrains/kotlin/com/intellij/openapi/util/RecursionManager$$Lambda+0x000000080023af88
instanceKlass org/jetbrains/kotlin/com/intellij/openapi/util/RecursionManager$CalculationStack
instanceKlass org/jetbrains/kotlin/com/intellij/openapi/util/RecursionGuard
instanceKlass org/jetbrains/kotlin/com/intellij/openapi/util/RecursionGuard$StackStamp
instanceKlass org/jetbrains/kotlin/com/intellij/openapi/util/RecursionManager
instanceKlass org/jetbrains/kotlin/com/intellij/psi/scope/processor/FilterScopeProcessor
instanceKlass org/jetbrains/kotlin/com/intellij/psi/scope/PsiScopeProcessor
instanceKlass org/jetbrains/kotlin/com/intellij/psi/scope/NameHint
instanceKlass org/jetbrains/kotlin/com/intellij/psi/scope/ElementClassHint
instanceKlass org/jetbrains/kotlin/com/intellij/psi/PsiInferenceHelper
instanceKlass org/jetbrains/kotlin/com/intellij/psi/impl/source/resolve/PsiResolveHelperImpl
instanceKlass org/jetbrains/kotlin/com/intellij/psi/PsiResolveHelper
instanceKlass org/jetbrains/kotlin/com/intellij/psi/impl/JavaPsiImplementationHelper
instanceKlass org/jetbrains/kotlin/com/intellij/psi/impl/PsiElementFactoryImpl$1
instanceKlass  @bci org/jetbrains/kotlin/com/intellij/psi/impl/PsiElementFactoryImpl <clinit> ()V 16 <appendix> argL0 ; # org/jetbrains/kotlin/com/intellij/psi/impl/PsiElementFactoryImpl$$Lambda+0x0000000800237140
instanceKlass  @bci org/jetbrains/kotlin/com/intellij/psi/PsiType <clinit> ()V 135 <appendix> argL0 ; # org/jetbrains/kotlin/com/intellij/psi/PsiType$$Lambda+0x0000000800236ef0
instanceKlass org/jetbrains/kotlin/com/intellij/psi/TypeAnnotationProvider$1
instanceKlass org/jetbrains/kotlin/com/intellij/psi/TypeAnnotationProvider$Static
instanceKlass org/jetbrains/kotlin/com/intellij/psi/TypeAnnotationProvider
instanceKlass  @bci org/jetbrains/kotlin/com/intellij/psi/PsiAnnotation <clinit> ()V 7 <appendix> argL0 ; # org/jetbrains/kotlin/com/intellij/psi/PsiAnnotation$$Lambda+0x0000000800235f48
instanceKlass org/jetbrains/kotlin/com/intellij/psi/PsiAnnotation
instanceKlass org/jetbrains/kotlin/com/intellij/lang/jvm/types/JvmPrimitiveTypeKind
instanceKlass org/jetbrains/kotlin/com/intellij/lang/jvm/JvmAnnotation
instanceKlass  @bci org/jetbrains/kotlin/com/intellij/psi/impl/PsiJavaParserFacadeImpl <clinit> ()V 132 <appendix> argL0 ; # org/jetbrains/kotlin/com/intellij/psi/impl/PsiJavaParserFacadeImpl$$Lambda+0x0000000800234968
instanceKlass  @bci org/jetbrains/kotlin/com/intellij/psi/impl/PsiJavaParserFacadeImpl <clinit> ()V 124 <appendix> argL0 ; # org/jetbrains/kotlin/com/intellij/psi/impl/PsiJavaParserFacadeImpl$$Lambda+0x0000000800234718
instanceKlass  @bci org/jetbrains/kotlin/com/intellij/psi/impl/PsiJavaParserFacadeImpl <clinit> ()V 116 <appendix> argL0 ; # org/jetbrains/kotlin/com/intellij/psi/impl/PsiJavaParserFacadeImpl$$Lambda+0x00000008002344c8
instanceKlass  @bci org/jetbrains/kotlin/com/intellij/psi/impl/PsiJavaParserFacadeImpl <clinit> ()V 108 <appendix> argL0 ; # org/jetbrains/kotlin/com/intellij/psi/impl/PsiJavaParserFacadeImpl$$Lambda+0x0000000800234278
instanceKlass  @bci org/jetbrains/kotlin/com/intellij/psi/impl/PsiJavaParserFacadeImpl <clinit> ()V 100 <appendix> argL0 ; # org/jetbrains/kotlin/com/intellij/psi/impl/PsiJavaParserFacadeImpl$$Lambda+0x0000000800234028
instanceKlass  @bci org/jetbrains/kotlin/com/intellij/psi/impl/PsiJavaParserFacadeImpl <clinit> ()V 92 <appendix> argL0 ; # org/jetbrains/kotlin/com/intellij/psi/impl/PsiJavaParserFacadeImpl$$Lambda+0x0000000800233dd8
instanceKlass  @bci org/jetbrains/kotlin/com/intellij/psi/impl/PsiJavaParserFacadeImpl <clinit> ()V 84 <appendix> argL0 ; # org/jetbrains/kotlin/com/intellij/psi/impl/PsiJavaParserFacadeImpl$$Lambda+0x0000000800233b88
instanceKlass  @bci org/jetbrains/kotlin/com/intellij/psi/impl/PsiJavaParserFacadeImpl <clinit> ()V 76 <appendix> argL0 ; # org/jetbrains/kotlin/com/intellij/psi/impl/PsiJavaParserFacadeImpl$$Lambda+0x0000000800233938
instanceKlass  @bci org/jetbrains/kotlin/com/intellij/psi/impl/PsiJavaParserFacadeImpl <clinit> ()V 68 <appendix> argL0 ; # org/jetbrains/kotlin/com/intellij/psi/impl/PsiJavaParserFacadeImpl$$Lambda+0x00000008002336e8
instanceKlass  @bci org/jetbrains/kotlin/com/intellij/psi/impl/PsiJavaParserFacadeImpl <clinit> ()V 60 <appendix> argL0 ; # org/jetbrains/kotlin/com/intellij/psi/impl/PsiJavaParserFacadeImpl$$Lambda+0x0000000800233498
instanceKlass  @bci org/jetbrains/kotlin/com/intellij/psi/impl/PsiJavaParserFacadeImpl <clinit> ()V 52 <appendix> argL0 ; # org/jetbrains/kotlin/com/intellij/psi/impl/PsiJavaParserFacadeImpl$$Lambda+0x0000000800233248
instanceKlass  @bci org/jetbrains/kotlin/com/intellij/psi/impl/PsiJavaParserFacadeImpl <clinit> ()V 44 <appendix> argL0 ; # org/jetbrains/kotlin/com/intellij/psi/impl/PsiJavaParserFacadeImpl$$Lambda+0x0000000800232ff8
instanceKlass  @bci org/jetbrains/kotlin/com/intellij/psi/impl/PsiJavaParserFacadeImpl <clinit> ()V 36 <appendix> argL0 ; # org/jetbrains/kotlin/com/intellij/psi/impl/PsiJavaParserFacadeImpl$$Lambda+0x0000000800232da8
instanceKlass  @bci org/jetbrains/kotlin/com/intellij/psi/impl/PsiJavaParserFacadeImpl <clinit> ()V 28 <appendix> argL0 ; # org/jetbrains/kotlin/com/intellij/psi/impl/PsiJavaParserFacadeImpl$$Lambda+0x0000000800232b58
instanceKlass org/jetbrains/kotlin/com/intellij/lang/java/parser/JavaParserUtil$ParserWrapper
instanceKlass org/jetbrains/kotlin/com/intellij/psi/PsiTypeElement
instanceKlass org/jetbrains/kotlin/com/intellij/psi/PsiImportStatementBase
instanceKlass org/jetbrains/kotlin/com/intellij/psi/PsiReferenceExpression
instanceKlass org/jetbrains/kotlin/com/intellij/psi/PsiExpression
instanceKlass org/jetbrains/kotlin/com/intellij/psi/PsiCaseLabelElement
instanceKlass org/jetbrains/kotlin/com/intellij/psi/PsiAnnotationMemberValue
instanceKlass org/jetbrains/kotlin/com/intellij/psi/PsiJavaCodeReferenceElement
instanceKlass org/jetbrains/kotlin/com/intellij/psi/PsiQualifiedReferenceElement
instanceKlass org/jetbrains/kotlin/com/intellij/psi/PsiQualifiedReference
instanceKlass org/jetbrains/kotlin/com/intellij/psi/PsiJavaReference
instanceKlass org/jetbrains/kotlin/com/intellij/psi/PsiPolyVariantReference
instanceKlass org/jetbrains/kotlin/com/intellij/lang/jvm/types/JvmReferenceType
instanceKlass org/jetbrains/kotlin/com/intellij/lang/jvm/types/JvmPrimitiveType
instanceKlass org/jetbrains/kotlin/com/intellij/psi/PsiType
instanceKlass org/jetbrains/kotlin/com/intellij/psi/PsiAnnotationOwner
instanceKlass org/jetbrains/kotlin/com/intellij/lang/jvm/types/JvmType
instanceKlass org/jetbrains/kotlin/com/intellij/psi/impl/PsiJavaParserFacadeImpl
instanceKlass org/jetbrains/kotlin/com/intellij/psi/PsiElementFactory
instanceKlass org/jetbrains/kotlin/com/intellij/psi/PsiJavaParserFacade
instanceKlass org/jetbrains/kotlin/com/intellij/psi/JVMElementFactory
instanceKlass org/jetbrains/kotlin/com/intellij/lang/injection/InjectedLanguageManager
instanceKlass org/jetbrains/kotlin/com/intellij/mock/MockDumbUtil
instanceKlass org/jetbrains/kotlin/com/intellij/openapi/project/DumbUtil
instanceKlass org/jetbrains/kotlin/com/intellij/psi/search/impl/VirtualFileEnumerationAware
instanceKlass org/jetbrains/kotlin/com/intellij/psi/search/impl/VirtualFileEnumeration
instanceKlass org/jetbrains/kotlin/com/intellij/psi/search/SearchScope
instanceKlass org/jetbrains/kotlin/com/intellij/psi/search/ProjectAwareFileFilter
instanceKlass org/jetbrains/kotlin/com/intellij/psi/PsiDirectory
instanceKlass org/jetbrains/kotlin/com/intellij/psi/impl/file/PsiDirectoryFactory
instanceKlass org/jetbrains/kotlin/com/intellij/psi/util/CachedValue
instanceKlass org/jetbrains/kotlin/com/intellij/psi/util/ParameterizedCachedValue
instanceKlass org/jetbrains/kotlin/com/intellij/psi/impl/PsiCachedValuesFactory
instanceKlass org/jetbrains/kotlin/com/intellij/psi/util/CachedValueProvider
instanceKlass org/jetbrains/kotlin/com/intellij/psi/util/CachedValuesManager
instanceKlass org/jetbrains/kotlin/com/intellij/psi/impl/source/tree/TreeElementVisitor
instanceKlass org/jetbrains/kotlin/com/intellij/psi/PsiFileFactory
instanceKlass org/jetbrains/kotlin/com/intellij/psi/impl/PsiToDocumentSynchronizer
instanceKlass  @bci org/jetbrains/kotlin/com/intellij/openapi/editor/event/DocumentListener <clinit> ()V 7 <appendix> argL0 ; # org/jetbrains/kotlin/com/intellij/openapi/editor/event/DocumentListener$$Lambda+0x0000000800225a08
instanceKlass org/jetbrains/kotlin/com/intellij/psi/PsiRecursiveVisitor
instanceKlass org/jetbrains/kotlin/com/intellij/psi/PsiElementVisitor
instanceKlass org/jetbrains/kotlin/com/intellij/openapi/editor/event/DocumentListener
instanceKlass org/jetbrains/kotlin/com/intellij/psi/PsiDocumentManager
instanceKlass org/jetbrains/kotlin/com/intellij/core/MockDocumentCommitProcessor
instanceKlass org/jetbrains/kotlin/com/intellij/psi/impl/DocumentCommitProcessor
instanceKlass org/jetbrains/kotlin/com/intellij/psi/SmartPointerManager
instanceKlass org/jetbrains/kotlin/com/intellij/psi/impl/file/impl/FileManagerImpl$1
instanceKlass  @bci org/jetbrains/kotlin/com/intellij/psi/impl/file/impl/FileManagerImpl <init> (Lorg/jetbrains/kotlin/com/intellij/psi/impl/PsiManagerImpl;Lorg/jetbrains/kotlin/com/intellij/openapi/util/NotNullLazyValue;)V 93 <appendix> member <vmtarget> ; # org/jetbrains/kotlin/com/intellij/psi/impl/file/impl/FileManagerImpl$$Lambda+0x0000000800223248
instanceKlass  @bci org/jetbrains/kotlin/com/intellij/psi/impl/file/impl/FileManagerImpl <init> (Lorg/jetbrains/kotlin/com/intellij/psi/impl/PsiManagerImpl;Lorg/jetbrains/kotlin/com/intellij/openapi/util/NotNullLazyValue;)V 52 <appendix> argL0 ; # org/jetbrains/kotlin/com/intellij/psi/impl/file/impl/FileManagerImpl$$Lambda+0x0000000800222ff8
instanceKlass org/jetbrains/kotlin/com/intellij/openapi/util/Comparing
instanceKlass org/jetbrains/kotlin/com/intellij/openapi/fileTypes/CharsetUtil
instanceKlass org/jetbrains/kotlin/com/intellij/util/LocalTimeCounter
instanceKlass  @bci org/jetbrains/kotlin/com/intellij/openapi/extensions/impl/ExtensionPointImpl addExtensionPointListener (Lorg/jetbrains/kotlin/com/intellij/openapi/extensions/ExtensionPointListener;ZLorg/jetbrains/kotlin/com/intellij/openapi/Disposable;)V 50 <appendix> member <vmtarget> ; # org/jetbrains/kotlin/com/intellij/openapi/extensions/impl/ExtensionPointImpl$$Lambda+0x00000008002226f8
instanceKlass org/jetbrains/kotlin/com/intellij/openapi/extensions/ExtensionPointPriorityListener
instanceKlass org/jetbrains/kotlin/com/intellij/openapi/extensions/ExtensionPointUtil$1
instanceKlass org/jetbrains/kotlin/com/intellij/openapi/extensions/ExtensionPointUtil
instanceKlass  @bci org/jetbrains/kotlin/com/intellij/openapi/vfs/DeprecatedVirtualFileSystem startEventPropagation ()V 33 <appendix> member <vmtarget> ; # org/jetbrains/kotlin/com/intellij/openapi/vfs/DeprecatedVirtualFileSystem$$Lambda+0x0000000800221d98
instanceKlass org/jetbrains/kotlin/com/intellij/openapi/vfs/NonPhysicalFileSystem
instanceKlass org/jetbrains/kotlin/com/intellij/psi/impl/file/impl/FileManagerImpl
instanceKlass org/jetbrains/kotlin/com/intellij/psi/util/PsiModificationTracker$SERVICE
instanceKlass  @bci org/jetbrains/kotlin/com/intellij/openapi/util/NotNullLazyValue createValue (Lorg/jetbrains/kotlin/com/intellij/openapi/util/NotNullFactory;)Lorg/jetbrains/kotlin/com/intellij/openapi/util/NotNullLazyValue; 14 <appendix> member <vmtarget> ; # org/jetbrains/kotlin/com/intellij/openapi/util/NotNullLazyValue$$Lambda+0x000000080021f430
instanceKlass  @bci org/jetbrains/kotlin/com/intellij/psi/impl/PsiManagerImpl <init> (Lorg/jetbrains/kotlin/com/intellij/openapi/project/Project;)V 56 <appendix> member <vmtarget> ; # org/jetbrains/kotlin/com/intellij/psi/impl/PsiManagerImpl$$Lambda+0x000000080021f1c0
instanceKlass org/jetbrains/kotlin/com/intellij/openapi/util/NotNullFactory
instanceKlass org/jetbrains/kotlin/com/intellij/openapi/util/Factory
instanceKlass org/jetbrains/kotlin/com/intellij/openapi/vfs/VirtualFileFilter$2
instanceKlass org/jetbrains/kotlin/com/intellij/openapi/vfs/VirtualFileFilter$1
instanceKlass org/jetbrains/kotlin/com/intellij/openapi/vfs/VirtualFileFilter
instanceKlass  @bci org/jetbrains/kotlin/com/intellij/openapi/util/LowMemoryWatcher register (Ljava/lang/Runnable;Lorg/jetbrains/kotlin/com/intellij/openapi/util/LowMemoryWatcher$LowMemoryWatcherType;Lorg/jetbrains/kotlin/com/intellij/openapi/Disposable;)V 36 <appendix> member <vmtarget> ; # org/jetbrains/kotlin/com/intellij/openapi/util/LowMemoryWatcher$$Lambda+0x000000080021e428
instanceKlass org/jetbrains/kotlin/com/intellij/openapi/util/LowMemoryWatcher
instanceKlass  @bci org/jetbrains/kotlin/com/intellij/psi/impl/source/resolve/ResolveCache <init> (Lorg/jetbrains/kotlin/com/intellij/openapi/project/Project;)V 47 <appendix> member <vmtarget> ; # org/jetbrains/kotlin/com/intellij/psi/impl/source/resolve/ResolveCache$$Lambda+0x000000080021d878
instanceKlass org/jetbrains/kotlin/com/intellij/psi/impl/source/resolve/ResolveCache$1
instanceKlass org/jetbrains/kotlin/com/intellij/psi/impl/AnyPsiChangeListener
instanceKlass org/jetbrains/kotlin/com/intellij/psi/impl/file/impl/FileManager
instanceKlass org/jetbrains/kotlin/com/intellij/openapi/wm/ex/ProgressIndicatorEx
instanceKlass java/util/concurrent/atomic/AtomicReferenceArray
instanceKlass org/jetbrains/kotlin/com/intellij/psi/ResolveResult
instanceKlass org/jetbrains/kotlin/com/intellij/psi/impl/source/resolve/ResolveCache$StrongValueReference
instanceKlass org/jetbrains/kotlin/com/intellij/util/containers/ConcurrentWeakKeySoftValueHashMap$ValueReference
instanceKlass org/jetbrains/kotlin/com/intellij/psi/PsiReference
instanceKlass org/jetbrains/kotlin/com/intellij/psi/impl/source/resolve/ResolveCache$AbstractResolver
instanceKlass org/jetbrains/kotlin/com/intellij/psi/impl/source/resolve/ResolveCache
instanceKlass org/jetbrains/kotlin/com/intellij/psi/impl/PsiModificationTrackerImpl$1
instanceKlass org/jetbrains/kotlin/com/intellij/openapi/project/DumbService$DumbModeListener
instanceKlass org/jetbrains/kotlin/com/intellij/openapi/project/DumbService
instanceKlass org/jetbrains/kotlin/com/intellij/psi/util/PsiModificationTracker$Listener
instanceKlass  @bci org/jetbrains/kotlin/com/intellij/util/containers/ConcurrentFactoryMap createWeakMap (Lorg/jetbrains/kotlin/com/intellij/util/Function;)Ljava/util/concurrent/ConcurrentMap; 10 <appendix> argL0 ; # org/jetbrains/kotlin/com/intellij/util/containers/ConcurrentFactoryMap$$Lambda+0x000000080021a7a0
instanceKlass  @bci org/jetbrains/kotlin/com/intellij/psi/impl/PsiModificationTrackerImpl <init> (Lorg/jetbrains/kotlin/com/intellij/openapi/project/Project;)V 35 <appendix> argL0 ; # org/jetbrains/kotlin/com/intellij/psi/impl/PsiModificationTrackerImpl$$Lambda+0x000000080021a550
instanceKlass org/jetbrains/kotlin/com/intellij/psi/impl/PsiModificationTrackerImpl
instanceKlass org/jetbrains/kotlin/com/intellij/psi/util/PsiModificationTracker
instanceKlass org/jetbrains/kotlin/com/intellij/lang/jvm/facade/JvmElementProvider
instanceKlass org/jetbrains/kotlin/com/intellij/psi/PsiElementFinder
instanceKlass org/jetbrains/kotlin/com/intellij/psi/impl/PsiTreeChangePreprocessor
instanceKlass org/jetbrains/kotlin/com/intellij/psi/impl/file/impl/JavaFileManager
instanceKlass org/jetbrains/kotlin/com/intellij/openapi/roots/PackageIndex
instanceKlass org/jetbrains/kotlin/com/intellij/openapi/roots/FileIndexFacade
instanceKlass org/jetbrains/kotlin/com/intellij/psi/impl/ResolveScopeManager
instanceKlass org/jetbrains/kotlin/com/intellij/psi/search/ProjectScopeBuilder
instanceKlass org/jetbrains/kotlin/com/intellij/util/CachedValuesFactory
instanceKlass org/jetbrains/kotlin/com/intellij/openapi/project/Project
instanceKlass org/jetbrains/kotlin/com/intellij/core/CoreProjectEnvironment
instanceKlass org/jetbrains/kotlin/cli/jvm/compiler/KotlinCoreEnvironment$Companion$getOrCreateApplicationEnvironment$1$2
instanceKlass  @bci org/jetbrains/kotlin/cli/jvm/compiler/KotlinCoreEnvironment$Companion getOrCreateApplicationEnvironment (Lorg/jetbrains/kotlin/com/intellij/openapi/Disposable;Lorg/jetbrains/kotlin/config/CompilerConfiguration;Z)Lorg/jetbrains/kotlin/cli/jvm/compiler/KotlinCoreApplicationEnvironment; 61 <appendix> argL0 ; # org/jetbrains/kotlin/cli/jvm/compiler/KotlinCoreEnvironment$Companion$$Lambda+0x0000000800217280
instanceKlass org/jetbrains/kotlin/com/intellij/openapi/application/TransactionGuard
instanceKlass org/jetbrains/kotlin/com/intellij/psi/util/JavaClassSupers
instanceKlass org/jetbrains/kotlin/load/kotlin/KotlinBinaryClassCache$Companion
instanceKlass org/jetbrains/kotlin/load/kotlin/KotlinBinaryClassCache
instanceKlass org/jetbrains/kotlin/psi/stubs/KotlinFileStub
instanceKlass org/jetbrains/kotlin/parsing/KotlinParserDefinition$Companion
instanceKlass org/jetbrains/kotlin/parsing/KotlinParserDefinition
instanceKlass  @bci org/jetbrains/kotlin/idea/KotlinFileType <init> ()V 8 <appendix> argL0 ; # org/jetbrains/kotlin/idea/KotlinFileType$$Lambda+0x00000008002134c8
instanceKlass sun/invoke/util/VerifyAccess$1
instanceKlass javax/swing/Icon
instanceKlass org/jetbrains/kotlin/com/intellij/util/keyFMap/OneElementFMap
instanceKlass org/jetbrains/kotlin/com/intellij/openapi/extensions/impl/ExtensionProcessingHelper
instanceKlass  @bci org/jetbrains/kotlin/com/intellij/lang/LanguageUtil matchingMetaLanguages (Lorg/jetbrains/kotlin/com/intellij/lang/Language;)Ljava/util/Collection; 94 <appendix> member <vmtarget> ; # org/jetbrains/kotlin/com/intellij/lang/LanguageUtil$$Lambda+0x00000008002127a0
instanceKlass  @cpi org/jetbrains/kotlin/util/slicedMap/SlicedMapImpl 189 form vmentry <vmtarget> ; # java/lang/invoke/LambdaForm$DMH+0x0000000800214000
instanceKlass org/jetbrains/kotlin/com/intellij/openapi/util/BuildNumber
instanceKlass org/jetbrains/kotlin/com/intellij/ide/plugins/PluginContentDescriptor$Companion
instanceKlass org/jetbrains/kotlin/com/intellij/ide/plugins/PluginContentDescriptor
instanceKlass org/jetbrains/kotlin/com/intellij/ide/plugins/IdeaPluginDescriptorImpl$Companion
instanceKlass org/jetbrains/kotlin/com/intellij/ide/plugins/IdeaPluginDescriptorImpl
instanceKlass org/jetbrains/kotlin/com/intellij/ide/plugins/IdeaPluginDescriptor
instanceKlass org/jetbrains/kotlin/org/codehaus/stax2/ri/typed/ValueDecoderFactory
instanceKlass org/jetbrains/kotlin/com/fasterxml/aalto/in/ByteBasedPNameTable$Bucket
instanceKlass org/jetbrains/kotlin/com/intellij/openapi/extensions/ExtensionPointDescriptor
instanceKlass org/jetbrains/kotlin/com/fasterxml/aalto/util/DataUtil
instanceKlass kotlin/_Assertions
instanceKlass org/jetbrains/kotlin/com/fasterxml/aalto/in/ElementScope
instanceKlass org/jetbrains/kotlin/com/fasterxml/aalto/in/ByteBasedPNameFactory
instanceKlass org/jetbrains/kotlin/com/intellij/ide/plugins/ModuleDependenciesDescriptor$Companion
instanceKlass org/jetbrains/kotlin/com/intellij/ide/plugins/ModuleDependenciesDescriptor
instanceKlass org/jetbrains/kotlin/com/intellij/ide/plugins/ContainerDescriptor
instanceKlass org/jetbrains/kotlin/com/intellij/ide/plugins/RawPluginDescriptor
instanceKlass org/jetbrains/kotlin/com/fasterxml/aalto/util/BufferRecycler
instanceKlass org/jetbrains/kotlin/com/fasterxml/aalto/util/NameTable
instanceKlass org/jetbrains/kotlin/com/fasterxml/aalto/util/XmlCharTypes
instanceKlass org/jetbrains/kotlin/com/fasterxml/aalto/in/AttributeCollector
instanceKlass org/jetbrains/kotlin/com/fasterxml/aalto/util/TextBuilder
instanceKlass org/jetbrains/kotlin/com/fasterxml/aalto/in/FixedNsContext
instanceKlass org/jetbrains/kotlin/com/fasterxml/aalto/in/NsBinding
instanceKlass org/jetbrains/kotlin/com/fasterxml/aalto/in/PName
instanceKlass org/jetbrains/kotlin/org/codehaus/stax2/XMLStreamLocation2
instanceKlass org/jetbrains/kotlin/org/codehaus/stax2/typed/TypedValueDecoder
instanceKlass org/jetbrains/kotlin/com/fasterxml/aalto/stax/StreamReaderImpl
instanceKlass org/jetbrains/kotlin/org/codehaus/stax2/XMLStreamReader2
instanceKlass org/jetbrains/kotlin/org/codehaus/stax2/typed/TypedXMLStreamReader
instanceKlass javax/xml/stream/XMLStreamReader
instanceKlass org/jetbrains/kotlin/org/codehaus/stax2/LocationInfo
instanceKlass org/jetbrains/kotlin/com/fasterxml/aalto/in/XmlScanner
instanceKlass javax/xml/stream/XMLStreamConstants
instanceKlass javax/xml/namespace/NamespaceContext
instanceKlass javax/xml/stream/Location
instanceKlass org/jetbrains/kotlin/com/fasterxml/aalto/in/InputBootstrapper
instanceKlass org/jetbrains/kotlin/com/fasterxml/aalto/util/UriCanonicalizer
instanceKlass org/jetbrains/kotlin/com/fasterxml/aalto/in/ReaderConfig$EncodingContext
instanceKlass org/jetbrains/kotlin/com/fasterxml/aalto/impl/CommonConfig
instanceKlass org/jetbrains/kotlin/com/intellij/openapi/util/StaxFactory
instanceKlass org/jetbrains/kotlin/com/intellij/ide/plugins/XmlReader
instanceKlass org/jetbrains/kotlin/com/intellij/ide/plugins/JavaZipFileDataLoader
instanceKlass org/jetbrains/kotlin/com/intellij/platform/util/plugins/DataLoader
instanceKlass org/jetbrains/kotlin/com/intellij/util/lang/ZipFilePool
instanceKlass org/jetbrains/kotlin/com/intellij/ide/plugins/DescriptorListLoadingContext$threadLocalXmlFactory$1
instanceKlass org/jetbrains/kotlin/com/intellij/util/PlatformUtils
instanceKlass org/jetbrains/kotlin/com/intellij/ide/plugins/PluginDescriptorLoader$createPluginLoadingResult$1
instanceKlass org/jetbrains/kotlin/com/intellij/ide/plugins/PluginManagerCore
instanceKlass org/jetbrains/kotlin/com/intellij/ide/plugins/PluginLoadingResult
instanceKlass org/jetbrains/kotlin/com/intellij/ide/plugins/DescriptorListLoadingContext
instanceKlass org/jetbrains/kotlin/com/intellij/ide/plugins/ReadModuleContext
instanceKlass org/jetbrains/kotlin/com/intellij/ide/plugins/PluginXmlPathResolver$Companion
instanceKlass org/jetbrains/kotlin/com/intellij/ide/plugins/PluginXmlPathResolver
instanceKlass org/jetbrains/kotlin/com/intellij/ide/plugins/PathResolver
instanceKlass org/jetbrains/kotlin/com/intellij/ide/plugins/PluginDescriptorLoader
instanceKlass org/jetbrains/kotlin/com/intellij/psi/JavaModuleSystem
instanceKlass org/jetbrains/kotlin/com/intellij/psi/impl/compiled/ClsCustomNavigationPolicy
instanceKlass org/jetbrains/kotlin/cli/jvm/compiler/IdeaExtensionPoints
instanceKlass org/jetbrains/kotlin/com/intellij/psi/impl/smartPointers/SmartPointerAnchorProvider
instanceKlass org/jetbrains/kotlin/com/intellij/codeInsight/runner/JavaMainMethodProvider
instanceKlass org/jetbrains/kotlin/com/intellij/openapi/util/NotNullLazyValue
instanceKlass  @bci org/jetbrains/kotlin/com/intellij/psi/augment/PsiAugmentProvider <clinit> ()V 17 <appendix> argL0 ; # org/jetbrains/kotlin/com/intellij/psi/augment/PsiAugmentProvider$$Lambda+0x0000000800204770
instanceKlass org/jetbrains/kotlin/com/intellij/psi/augment/PsiAugmentProvider
instanceKlass org/jetbrains/kotlin/com/intellij/psi/meta/MetaDataContributor
instanceKlass org/jetbrains/kotlin/com/intellij/psi/FileContextProvider
instanceKlass org/jetbrains/kotlin/cli/jvm/compiler/DummyJavaFileCodeStyleFacadeFactory
instanceKlass org/jetbrains/kotlin/com/intellij/psi/codeStyle/JavaFileCodeStyleFacadeFactory
instanceKlass  @bci org/jetbrains/kotlin/com/intellij/openapi/fileTypes/BinaryFileTypeDecompilers notifyDecompilerSetChange ()V 3 <appendix> argL0 ; # org/jetbrains/kotlin/com/intellij/openapi/fileTypes/BinaryFileTypeDecompilers$$Lambda+0x0000000800202d30
instanceKlass  @bci org/jetbrains/kotlin/com/intellij/openapi/fileTypes/BinaryFileTypeDecompilers <init> ()V 11 <appendix> member <vmtarget> ; # org/jetbrains/kotlin/com/intellij/openapi/fileTypes/BinaryFileTypeDecompilers$$Lambda+0x0000000800202ad8
instanceKlass org/jetbrains/kotlin/com/intellij/psi/FileViewProvider
instanceKlass org/jetbrains/kotlin/com/intellij/psi/compiled/ClsStubBuilder
instanceKlass org/jetbrains/kotlin/com/intellij/psi/compiled/ClassFileDecompilers$Full
instanceKlass  @bci org/jetbrains/kotlin/com/intellij/psi/compiled/ClassFileDecompilers <init> ()V 21 <appendix> argL0 ; # org/jetbrains/kotlin/com/intellij/psi/compiled/ClassFileDecompilers$$Lambda+0x0000000800201cf0
instanceKlass java/util/TimSort
instanceKlass java/util/Arrays$LegacyMergeSort
instanceKlass  @bci org/jetbrains/kotlin/com/intellij/util/pico/CachingConstructorInjectionComponentAdapter getGreediestSatisfiableConstructor (Lorg/jetbrains/kotlin/org/picocontainer/ComponentAdapter;Lorg/jetbrains/kotlin/com/intellij/util/pico/DefaultPicoContainer;Ljava/lang/Class;)Ljava/lang/reflect/Constructor; 43 <appendix> argL0 ; # org/jetbrains/kotlin/com/intellij/util/pico/CachingConstructorInjectionComponentAdapter$$Lambda+0x0000000800201a28
instanceKlass java/lang/Class$AnnotationData
instanceKlass org/jetbrains/kotlin/com/intellij/openapi/components/Service
instanceKlass org/jetbrains/kotlin/com/intellij/psi/compiled/ClassFileDecompilers
instanceKlass org/jetbrains/kotlin/com/intellij/psi/compiled/ClassFileDecompilers$Decompiler
instanceKlass org/jetbrains/kotlin/com/intellij/psi/util/MethodSignature
instanceKlass org/jetbrains/kotlin/com/intellij/openapi/application/QueryExecutorBase
instanceKlass org/jetbrains/kotlin/com/intellij/util/QueryExecutor
instanceKlass org/jetbrains/kotlin/com/intellij/psi/search/searches/SuperMethodsSearch$1
instanceKlass org/jetbrains/kotlin/com/intellij/openapi/extensions/SmartExtensionPoint
instanceKlass org/jetbrains/kotlin/com/intellij/util/Query
instanceKlass org/jetbrains/kotlin/com/intellij/util/QueryFactory
instanceKlass  @bci org/jetbrains/kotlin/com/intellij/openapi/util/registry/Registry doGet (Ljava/lang/String;)Lorg/jetbrains/kotlin/com/intellij/openapi/util/registry/RegistryValue; 14 <appendix> member <vmtarget> ; # org/jetbrains/kotlin/com/intellij/openapi/util/registry/Registry$$Lambda+0x00000008001fe4a8
instanceKlass org/jetbrains/kotlin/com/intellij/openapi/util/registry/RegistryValue
instanceKlass org/jetbrains/kotlin/com/intellij/openapi/util/registry/Registry
instanceKlass org/jetbrains/kotlin/com/intellij/lang/folding/FoldingBuilderEx
instanceKlass org/jetbrains/kotlin/com/intellij/openapi/project/PossiblyDumbAware
instanceKlass org/jetbrains/kotlin/com/intellij/openapi/project/DumbAware
instanceKlass org/jetbrains/kotlin/com/intellij/lang/folding/FoldingBuilder
instanceKlass org/jetbrains/kotlin/com/intellij/codeInsight/folding/JavaCodeFoldingSettings
instanceKlass org/jetbrains/kotlin/com/intellij/psi/PsiParameter
instanceKlass org/jetbrains/kotlin/com/intellij/lang/jvm/JvmParameter
instanceKlass org/jetbrains/kotlin/com/intellij/psi/presentation/java/VariablePresentationProvider
instanceKlass org/jetbrains/kotlin/com/intellij/psi/PsiLocalVariable
instanceKlass org/jetbrains/kotlin/com/intellij/psi/presentation/java/FieldPresentationProvider
instanceKlass org/jetbrains/kotlin/com/intellij/psi/PsiField
instanceKlass org/jetbrains/kotlin/com/intellij/psi/PsiVariable
instanceKlass org/jetbrains/kotlin/com/intellij/lang/jvm/JvmField
instanceKlass org/jetbrains/kotlin/com/intellij/psi/presentation/java/MethodPresentationProvider
instanceKlass org/jetbrains/kotlin/com/intellij/psi/PsiMethod
instanceKlass org/jetbrains/kotlin/com/intellij/psi/PsiParameterListOwner
instanceKlass org/jetbrains/kotlin/com/intellij/lang/jvm/JvmMethod
instanceKlass org/jetbrains/kotlin/com/intellij/psi/presentation/java/ClassPresentationProvider
instanceKlass org/jetbrains/kotlin/com/intellij/psi/PsiClass
instanceKlass org/jetbrains/kotlin/com/intellij/psi/PsiTypeParameterListOwner
instanceKlass org/jetbrains/kotlin/com/intellij/psi/PsiJvmMember
instanceKlass org/jetbrains/kotlin/com/intellij/psi/PsiTarget
instanceKlass org/jetbrains/kotlin/com/intellij/psi/PsiNameIdentifierOwner
instanceKlass org/jetbrains/kotlin/com/intellij/psi/PsiDocCommentOwner
instanceKlass org/jetbrains/kotlin/com/intellij/psi/PsiMember
instanceKlass org/jetbrains/kotlin/com/intellij/psi/PsiJavaDocumentedElement
instanceKlass org/jetbrains/kotlin/com/intellij/pom/PomRenameableTarget
instanceKlass org/jetbrains/kotlin/com/intellij/pom/PomNamedTarget
instanceKlass org/jetbrains/kotlin/com/intellij/pom/PomTarget
instanceKlass org/jetbrains/kotlin/com/intellij/lang/jvm/JvmClass
instanceKlass org/jetbrains/kotlin/com/intellij/lang/jvm/JvmTypeParametersOwner
instanceKlass org/jetbrains/kotlin/com/intellij/lang/jvm/JvmMember
instanceKlass org/jetbrains/kotlin/com/intellij/lang/jvm/JvmTypeDeclaration
instanceKlass org/jetbrains/kotlin/com/intellij/navigation/ItemPresentation
instanceKlass org/jetbrains/kotlin/com/intellij/psi/presentation/java/PackagePresentationProvider
instanceKlass org/jetbrains/kotlin/com/intellij/navigation/ItemPresentationProvider
instanceKlass org/jetbrains/kotlin/com/intellij/psi/PsiPackage
instanceKlass org/jetbrains/kotlin/com/intellij/psi/PsiQualifiedNamedElement
instanceKlass org/jetbrains/kotlin/com/intellij/psi/PsiJvmModifiersOwner
instanceKlass org/jetbrains/kotlin/com/intellij/psi/PsiModifierListOwner
instanceKlass org/jetbrains/kotlin/com/intellij/lang/jvm/JvmModifiersOwner
instanceKlass org/jetbrains/kotlin/com/intellij/psi/PsiDirectoryContainer
instanceKlass org/jetbrains/kotlin/com/intellij/lang/jvm/JvmPackage
instanceKlass org/jetbrains/kotlin/com/intellij/lang/jvm/JvmNamedElement
instanceKlass org/jetbrains/kotlin/com/intellij/lang/jvm/JvmAnnotatedElement
instanceKlass org/jetbrains/kotlin/com/intellij/lang/jvm/JvmElement
instanceKlass org/jetbrains/kotlin/com/intellij/openapi/projectRoots/JavaVersionService
instanceKlass org/jetbrains/kotlin/com/intellij/psi/JavaDirectoryService
instanceKlass org/jetbrains/kotlin/com/intellij/psi/PsiSubstitutor
instanceKlass org/jetbrains/kotlin/com/intellij/psi/PsiSubstitutorFactory
instanceKlass  @bci org/jetbrains/kotlin/com/intellij/openapi/util/ModificationTracker <clinit> ()V 10 <appendix> argL0 ; # org/jetbrains/kotlin/com/intellij/openapi/util/ModificationTracker$$Lambda+0x00000008001f59b0
instanceKlass org/jetbrains/kotlin/com/intellij/openapi/util/ModificationTracker$1
instanceKlass org/jetbrains/kotlin/com/intellij/psi/impl/file/PsiPackageImplementationHelper
instanceKlass  @bci org/jetbrains/kotlin/com/intellij/openapi/extensions/impl/ExtensionPointImpl doRegisterExtension (Ljava/lang/Object;Lorg/jetbrains/kotlin/com/intellij/openapi/extensions/LoadingOrder;Lorg/jetbrains/kotlin/com/intellij/openapi/extensions/PluginDescriptor;Lorg/jetbrains/kotlin/com/intellij/openapi/Disposable;)V 166 <appendix> member <vmtarget> ; # org/jetbrains/kotlin/com/intellij/openapi/extensions/impl/ExtensionPointImpl$$Lambda+0x00000008001f4e08
instanceKlass  @bci org/jetbrains/kotlin/com/intellij/openapi/extensions/impl/ExtensionPointImpl$ObjectComponentAdapter <init> (Ljava/lang/Object;Lorg/jetbrains/kotlin/com/intellij/openapi/extensions/PluginDescriptor;Lorg/jetbrains/kotlin/com/intellij/openapi/extensions/LoadingOrder;)V 36 <appendix> member <vmtarget> ; # org/jetbrains/kotlin/com/intellij/openapi/extensions/impl/ExtensionPointImpl$ObjectComponentAdapter$$Lambda+0x00000008001f4bb0
instanceKlass org/jetbrains/kotlin/com/intellij/util/graph/InboundSemiGraph
instanceKlass org/jetbrains/kotlin/com/intellij/openapi/extensions/LoadingOrder
instanceKlass org/jetbrains/kotlin/com/intellij/codeInsight/JavaContainerProvider
instanceKlass org/jetbrains/kotlin/com/intellij/codeInsight/ContainerProvider
instanceKlass org/jetbrains/kotlin/com/intellij/psi/impl/PsiExpressionEvaluator
instanceKlass org/jetbrains/kotlin/com/intellij/psi/impl/ConstantExpressionEvaluator
instanceKlass org/jetbrains/kotlin/com/intellij/util/diff/FlyweightCapableTreeStructure
instanceKlass org/jetbrains/kotlin/com/intellij/psi/stubs/IndexSink
instanceKlass org/jetbrains/kotlin/com/intellij/psi/impl/java/stubs/PsiJavaFileStub
instanceKlass org/jetbrains/kotlin/com/intellij/psi/stubs/PsiClassHolderFileStub
instanceKlass org/jetbrains/kotlin/com/intellij/psi/stubs/LightStubBuilder
instanceKlass org/jetbrains/kotlin/com/intellij/psi/stubs/PsiFileStub
instanceKlass org/jetbrains/kotlin/com/intellij/psi/stubs/StubElement
instanceKlass org/jetbrains/kotlin/com/intellij/psi/stubs/Stub
instanceKlass org/jetbrains/kotlin/com/intellij/psi/StubBuilder
instanceKlass org/jetbrains/kotlin/com/intellij/openapi/util/ClearableLazyValue
instanceKlass org/jetbrains/kotlin/com/intellij/psi/stubs/StubSerializer
instanceKlass org/jetbrains/kotlin/com/intellij/psi/stubs/ObjectStubSerializer
instanceKlass org/jetbrains/kotlin/com/intellij/lang/java/JavaParserDefinition
instanceKlass org/jetbrains/kotlin/com/intellij/psi/javadoc/PsiDocTagValue
instanceKlass org/jetbrains/kotlin/com/intellij/psi/javadoc/PsiDocToken
instanceKlass org/jetbrains/kotlin/com/intellij/psi/PsiKeyword
instanceKlass org/jetbrains/kotlin/com/intellij/psi/PsiIdentifier
instanceKlass org/jetbrains/kotlin/com/intellij/psi/PsiJavaToken
instanceKlass org/jetbrains/kotlin/com/intellij/psi/impl/compiled/ClassFileStubBuilder
instanceKlass org/jetbrains/kotlin/com/intellij/psi/stubs/BinaryFileStubBuilder$CompositeBinaryFileStubBuilder
instanceKlass org/jetbrains/kotlin/com/intellij/psi/stubs/BinaryFileStubBuilder
instanceKlass org/jetbrains/kotlin/com/intellij/psi/ClassFileViewProviderFactory
instanceKlass org/jetbrains/kotlin/com/intellij/psi/FileViewProviderFactory
instanceKlass org/jetbrains/kotlin/com/intellij/openapi/util/Condition$3
instanceKlass org/jetbrains/kotlin/com/intellij/openapi/util/Condition$2
instanceKlass org/jetbrains/kotlin/com/intellij/openapi/util/Condition$1
instanceKlass org/jetbrains/kotlin/com/intellij/openapi/util/Condition
instanceKlass org/jetbrains/kotlin/com/intellij/openapi/util/Conditions
instanceKlass  @bci org/jetbrains/kotlin/com/intellij/psi/tree/IElementType <clinit> ()V 23 <appendix> argL0 ; # org/jetbrains/kotlin/com/intellij/psi/tree/IElementType$$Lambda+0x00000008001e7138
instanceKlass org/jetbrains/kotlin/com/intellij/psi/tree/IElementType$Predicate
instanceKlass  @bci org/jetbrains/kotlin/com/intellij/psi/tree/IElementType <clinit> ()V 15 <appendix> argL0 ; # org/jetbrains/kotlin/com/intellij/psi/tree/IElementType$$Lambda+0x00000008001e6cb8
instanceKlass org/jetbrains/kotlin/com/intellij/lexer/Lexer
instanceKlass org/jetbrains/kotlin/com/intellij/openapi/fileTypes/PlainTextParserDefinition
instanceKlass  @bci org/jetbrains/kotlin/com/intellij/openapi/util/KeyedExtensionCollector addExplicitExtension (Ljava/lang/Object;Ljava/lang/Object;Lorg/jetbrains/kotlin/com/intellij/openapi/Disposable;)V 36 <appendix> member <vmtarget> ; # org/jetbrains/kotlin/com/intellij/openapi/util/KeyedExtensionCollector$$Lambda+0x00000008001e5590
instanceKlass  @bci org/jetbrains/kotlin/com/intellij/lang/LanguageUtil <clinit> ()V 0 <appendix> argL0 ; # org/jetbrains/kotlin/com/intellij/lang/LanguageUtil$$Lambda+0x00000008001e5058
instanceKlass org/jetbrains/kotlin/com/intellij/lang/LanguageUtil
instanceKlass org/jetbrains/kotlin/com/intellij/psi/PsiPlainText
instanceKlass org/jetbrains/kotlin/com/intellij/lang/ASTFactory$DefaultFactoryHolder
instanceKlass org/jetbrains/kotlin/com/intellij/ide/highlighter/ArchiveFileType
instanceKlass java/util/concurrent/BlockingQueue
instanceKlass java/util/concurrent/ExecutorService
instanceKlass org/jetbrains/kotlin/com/intellij/util/ConcurrencyUtil
instanceKlass org/jetbrains/kotlin/com/intellij/openapi/fileTypes/LanguageFileType
instanceKlass org/jetbrains/kotlin/com/intellij/ide/highlighter/JavaClassFileType
instanceKlass org/jetbrains/kotlin/com/intellij/DynamicBundle$LanguageBundleEP
instanceKlass org/jetbrains/kotlin/com/intellij/util/pico/CachingConstructorInjectionComponentAdapter
instanceKlass org/jetbrains/kotlin/com/intellij/openapi/application/ApplicationInfo
instanceKlass org/jetbrains/kotlin/com/intellij/util/graph/GraphAlgorithms
instanceKlass  @bci org/jetbrains/kotlin/com/intellij/util/messages/impl/MessageBusImpl syncPublisher (Lorg/jetbrains/kotlin/com/intellij/util/messages/Topic;)Ljava/lang/Object; 52 <appendix> member <vmtarget> ; # org/jetbrains/kotlin/com/intellij/util/messages/impl/MessageBusImpl$$Lambda+0x00000008001dfb58
instanceKlass org/jetbrains/kotlin/com/intellij/openapi/command/impl/CoreCommandProcessor$1
instanceKlass org/jetbrains/kotlin/com/intellij/openapi/command/CommandListener
instanceKlass org/jetbrains/kotlin/com/intellij/openapi/command/CommandToken
instanceKlass org/jetbrains/kotlin/com/intellij/openapi/command/CommandProcessor
instanceKlass org/jetbrains/kotlin/com/intellij/codeInsight/folding/CodeFoldingSettings
instanceKlass org/jetbrains/kotlin/com/intellij/util/ObjectUtils$Sentinel
instanceKlass org/jetbrains/kotlin/com/intellij/util/ObjectUtilsRt
# instanceKlass java/lang/invoke/LambdaForm$MH+0x00000008001de800
# instanceKlass java/lang/invoke/LambdaForm$BMH+0x00000008001de400
# instanceKlass java/lang/invoke/LambdaForm$DMH+0x00000008001de000
# instanceKlass java/lang/invoke/LambdaForm$DMH+0x00000008001ddc00
# instanceKlass java/lang/invoke/LambdaForm$MH+0x00000008001dd800
# instanceKlass java/lang/invoke/LambdaForm$BMH+0x00000008001dd400
# instanceKlass java/lang/invoke/LambdaForm$DMH+0x00000008001dd000
# instanceKlass java/lang/invoke/LambdaForm$DMH+0x00000008001dcc00
# instanceKlass java/lang/invoke/LambdaForm$MH+0x00000008001dc800
# instanceKlass java/lang/invoke/LambdaForm$BMH+0x00000008001dc400
# instanceKlass java/lang/invoke/LambdaForm$DMH+0x00000008001dc000
# instanceKlass java/lang/invoke/LambdaForm$DMH+0x00000008001dbc00
# instanceKlass java/lang/invoke/LambdaForm$MH+0x00000008001db800
# instanceKlass java/lang/invoke/LambdaForm$BMH+0x00000008001db400
# instanceKlass java/lang/invoke/LambdaForm$DMH+0x00000008001db000
# instanceKlass java/lang/invoke/LambdaForm$DMH+0x00000008001dac00
# instanceKlass java/lang/invoke/LambdaForm$MH+0x00000008001da800
# instanceKlass java/lang/invoke/LambdaForm$DMH+0x00000008001da400
# instanceKlass java/lang/invoke/LambdaForm$MH+0x00000008001da000
# instanceKlass java/lang/invoke/LambdaForm$BMH+0x00000008001d9c00
# instanceKlass java/lang/invoke/LambdaForm$DMH+0x00000008001d9800
# instanceKlass java/lang/invoke/LambdaForm$DMH+0x00000008001d9400
# instanceKlass java/lang/invoke/LambdaForm$MH+0x00000008001d9000
instanceKlass  @bci org/jetbrains/kotlin/com/intellij/util/containers/ConcurrentIntObjectHashMap <clinit> ()V 148 <adapter> ; # java/lang/invoke/LambdaForm$MH+0x00000008001d8c00
# instanceKlass java/lang/invoke/LambdaForm$DMH+0x00000008001d8800
# instanceKlass java/lang/invoke/LambdaForm$MH+0x00000008001d8400
instanceKlass  @bci org/jetbrains/kotlin/com/intellij/util/containers/ConcurrentIntObjectHashMap <clinit> ()V 50 <adapter> ; # java/lang/invoke/LambdaForm$MH+0x00000008001d8000
instanceKlass org/jetbrains/kotlin/com/intellij/util/containers/ConcurrentIntObjectHashMap$CounterCell
instanceKlass org/jetbrains/kotlin/com/intellij/util/containers/ConcurrentLongObjectHashMap$Node
instanceKlass org/jetbrains/kotlin/com/intellij/util/containers/ConcurrentLongObjectMap$LongEntry
instanceKlass org/jetbrains/kotlin/com/intellij/util/containers/ConcurrentLongObjectHashMap
instanceKlass java/util/concurrent/Future
instanceKlass org/jetbrains/kotlin/com/intellij/openapi/progress/PerformInBackgroundOption
instanceKlass org/jetbrains/kotlin/com/intellij/openapi/progress/ProgressIndicator
instanceKlass org/jetbrains/kotlin/com/intellij/openapi/progress/Task
instanceKlass org/jetbrains/kotlin/com/intellij/openapi/progress/TaskInfo
instanceKlass org/jetbrains/kotlin/com/intellij/openapi/progress/Progressive
instanceKlass org/jetbrains/kotlin/com/intellij/psi/PsiReferenceService
instanceKlass org/jetbrains/kotlin/com/intellij/psi/stubs/ObjectStubTree
instanceKlass org/jetbrains/kotlin/com/intellij/psi/PsiFile
instanceKlass org/jetbrains/kotlin/com/intellij/psi/PsiFileSystemItem
instanceKlass org/jetbrains/kotlin/com/intellij/psi/PsiCheckedRenameElement
instanceKlass org/jetbrains/kotlin/com/intellij/psi/PsiNamedElement
instanceKlass org/jetbrains/kotlin/com/intellij/psi/NavigatablePsiElement
instanceKlass org/jetbrains/kotlin/com/intellij/psi/stubs/StubTreeLoader
instanceKlass org/jetbrains/kotlin/com/intellij/psi/PsiReferenceProviderBean
instanceKlass org/jetbrains/kotlin/com/intellij/psi/PsiReferenceContributor
instanceKlass org/jetbrains/kotlin/com/intellij/psi/PsiReferenceRegistrar
instanceKlass org/jetbrains/kotlin/it/unimi/dsi/fastutil/doubles/Double2ObjectMap
instanceKlass org/jetbrains/kotlin/it/unimi/dsi/fastutil/doubles/Double2ObjectFunction
instanceKlass java/util/function/DoubleFunction
instanceKlass org/jetbrains/kotlin/com/intellij/psi/PsiReferenceProvider
instanceKlass org/jetbrains/kotlin/com/intellij/psi/impl/source/resolve/reference/ReferenceProvidersRegistry
instanceKlass org/jetbrains/kotlin/com/intellij/lang/PsiBuilder
instanceKlass org/jetbrains/kotlin/com/intellij/openapi/util/UserDataHolderUnprotected
instanceKlass org/jetbrains/kotlin/com/intellij/lang/SyntaxTreeBuilder
instanceKlass org/jetbrains/kotlin/com/intellij/lang/PsiBuilderFactory
# instanceKlass java/lang/invoke/LambdaForm$MH+0x00000008001c0800
instanceKlass  @bci org/jetbrains/kotlin/com/intellij/util/ReflectionUtil findAssignableField (Ljava/lang/Class;Ljava/lang/Class;Ljava/lang/String;)Ljava/lang/reflect/Field; 21 <appendix> member <vmtarget> ; # org/jetbrains/kotlin/com/intellij/util/ReflectionUtil$$Lambda+0x00000008001ce3a8
instanceKlass sun/misc/Unsafe
instanceKlass org/jetbrains/kotlin/com/intellij/util/ReflectionUtil
instanceKlass org/jetbrains/kotlin/com/intellij/psi/CommonClassNames
instanceKlass org/jetbrains/kotlin/com/intellij/util/text/CharArrayCharSequence
instanceKlass org/jetbrains/kotlin/com/intellij/util/text/CharSequenceBackedByArray
instanceKlass org/jetbrains/kotlin/com/intellij/openapi/util/text/CharSequenceWithStringHash
instanceKlass org/jetbrains/kotlin/com/intellij/openapi/util/text/Strings
instanceKlass java/util/regex/ASCII
instanceKlass  @bci java/util/regex/Pattern Range (II)Ljava/util/regex/Pattern$CharPredicate; 23 <appendix> member <vmtarget> ; # java/util/regex/Pattern$$Lambda+0x000000080014f798
instanceKlass  @bci org/jetbrains/kotlin/com/intellij/openapi/util/text/StringUtil <clinit> ()V 32 <appendix> argL0 ; # org/jetbrains/kotlin/com/intellij/openapi/util/text/StringUtil$$Lambda+0x00000008001cd320
instanceKlass  @bci org/jetbrains/kotlin/com/intellij/openapi/util/text/StringUtil <clinit> ()V 24 <appendix> argL0 ; # org/jetbrains/kotlin/com/intellij/openapi/util/text/StringUtil$$Lambda+0x00000008001cd0b0
instanceKlass  @bci org/jetbrains/kotlin/com/intellij/openapi/util/text/StringUtil <clinit> ()V 16 <appendix> argL0 ; # org/jetbrains/kotlin/com/intellij/openapi/util/text/StringUtil$$Lambda+0x00000008001cce40
instanceKlass org/jetbrains/kotlin/com/intellij/openapi/util/text/StringUtilRt
instanceKlass org/jetbrains/kotlin/com/intellij/psi/impl/source/CharTableImpl
instanceKlass org/jetbrains/kotlin/com/intellij/psi/PsiLanguageInjectionHost
instanceKlass org/jetbrains/kotlin/com/intellij/psi/PsiComment
instanceKlass org/jetbrains/kotlin/com/intellij/model/psi/UrlReferenceHost
instanceKlass org/jetbrains/kotlin/com/intellij/model/psi/PsiExternalReferenceHost
instanceKlass org/jetbrains/kotlin/com/intellij/navigation/NavigationItem
instanceKlass org/jetbrains/kotlin/com/intellij/pom/Navigatable
instanceKlass org/jetbrains/kotlin/com/intellij/psi/PsiWhiteSpace
instanceKlass org/jetbrains/kotlin/com/intellij/psi/PsiElement
instanceKlass org/jetbrains/kotlin/com/intellij/psi/tree/ILazyParseableElementTypeBase
instanceKlass org/jetbrains/kotlin/com/intellij/psi/tree/IElementType
instanceKlass org/jetbrains/kotlin/com/intellij/lang/FileASTNode
instanceKlass org/jetbrains/kotlin/com/intellij/openapi/util/Iconable
instanceKlass org/jetbrains/kotlin/com/intellij/psi/impl/ReparseableASTNode
instanceKlass org/jetbrains/kotlin/com/intellij/lang/ASTNode
instanceKlass org/jetbrains/kotlin/com/intellij/util/CharTable
instanceKlass org/jetbrains/kotlin/com/intellij/lang/ASTFactory
instanceKlass org/jetbrains/kotlin/com/intellij/lang/DefaultASTFactory
instanceKlass org/jetbrains/kotlin/com/intellij/openapi/vfs/encoding/EncodingRegistry
instanceKlass java/util/Collections$UnmodifiableMap$UnmodifiableEntrySet$UnmodifiableEntry
instanceKlass java/util/Collections$UnmodifiableMap$UnmodifiableEntrySet$1
instanceKlass org/jetbrains/kotlin/com/intellij/serviceContainer/LazyExtensionInstance
instanceKlass org/jetbrains/kotlin/com/intellij/openapi/extensions/PluginAware
instanceKlass org/jetbrains/kotlin/com/intellij/util/KeyedLazyInstance
instanceKlass org/jetbrains/kotlin/com/intellij/openapi/vfs/impl/BulkVirtualFileListenerAdapter
instanceKlass org/jetbrains/kotlin/com/intellij/util/messages/impl/BaseBusConnection
instanceKlass org/jetbrains/kotlin/com/intellij/util/messages/impl/MessageBusImpl$MessageHandlerHolder
instanceKlass  @bci org/jetbrains/kotlin/com/intellij/util/EventDispatcher createMulticaster (Ljava/lang/Class;Ljava/util/Map;Ljava/util/function/Supplier;)Ljava/lang/Object; 45 <appendix> member <vmtarget> ; # org/jetbrains/kotlin/com/intellij/util/EventDispatcher$$Lambda+0x00000008001bf1d8
instanceKlass  @bci org/jetbrains/kotlin/com/intellij/util/EventDispatcher getMulticaster ()Ljava/util/EventListener; 19 <appendix> member <vmtarget> ; # org/jetbrains/kotlin/com/intellij/util/EventDispatcher$$Lambda+0x00000008001bef80
instanceKlass org/jetbrains/kotlin/com/intellij/openapi/vfs/newvfs/CachingVirtualFileSystem
instanceKlass  @bci org/jetbrains/kotlin/com/intellij/openapi/util/KeyedExtensionCollector addExplicitExtension (Ljava/lang/Object;Ljava/lang/Object;)V 57 <appendix> argL0 ; # org/jetbrains/kotlin/com/intellij/openapi/util/KeyedExtensionCollector$$Lambda+0x00000008001beae0
instanceKlass java/util/concurrent/atomic/AtomicBoolean
instanceKlass java/util/concurrent/atomic/AtomicLongFieldUpdater$CASUpdater$1
instanceKlass java/util/concurrent/atomic/AtomicLongFieldUpdater
instanceKlass  @bci org/jetbrains/kotlin/com/intellij/openapi/vfs/VirtualFileManager <clinit> ()V 15 <appendix> argL0 ; # org/jetbrains/kotlin/com/intellij/openapi/vfs/VirtualFileManager$$Lambda+0x00000008001be890
instanceKlass  @cpi org/jetbrains/kotlin/com/intellij/openapi/vfs/VirtualFileManager 127 form vmentry <vmtarget> ; # java/lang/invoke/LambdaForm$DMH+0x00000008001c0400
# instanceKlass java/lang/invoke/LambdaForm$DMH+0x00000008001c0000
instanceKlass org/jetbrains/kotlin/com/intellij/openapi/vfs/newvfs/BulkFileListener
instanceKlass org/jetbrains/kotlin/com/intellij/util/messages/Topic
instanceKlass org/jetbrains/kotlin/com/intellij/openapi/vfs/VirtualFileManager
instanceKlass org/jetbrains/kotlin/com/intellij/openapi/util/EmptyRunnable
instanceKlass  @bci org/jetbrains/kotlin/com/intellij/openapi/extensions/impl/ExtensionPointImpl <clinit> ()V 24 <appendix> argL0 ; # org/jetbrains/kotlin/com/intellij/openapi/extensions/impl/ExtensionPointImpl$$Lambda+0x00000008001bd0b8
instanceKlass org/jetbrains/kotlin/com/intellij/openapi/extensions/ExtensionPointAdapter
instanceKlass org/jetbrains/kotlin/com/intellij/openapi/extensions/ExtensionPointAndAreaListener
instanceKlass org/jetbrains/kotlin/com/intellij/openapi/extensions/impl/ExtensionComponentAdapter
instanceKlass org/jetbrains/kotlin/com/intellij/openapi/extensions/LoadingOrder$Orderable
instanceKlass org/jetbrains/kotlin/com/intellij/openapi/extensions/ExtensionPointListener
instanceKlass  @bci org/jetbrains/kotlin/com/intellij/openapi/extensions/PluginId getId (Ljava/lang/String;)Lorg/jetbrains/kotlin/com/intellij/openapi/extensions/PluginId; 12 <appendix> argL0 ; # org/jetbrains/kotlin/com/intellij/openapi/extensions/PluginId$$Lambda+0x00000008001bb6a8
instanceKlass org/jetbrains/kotlin/com/intellij/openapi/extensions/PluginId
instanceKlass org/jetbrains/kotlin/com/intellij/openapi/extensions/DefaultPluginDescriptor
instanceKlass org/jetbrains/kotlin/com/intellij/openapi/vfs/VirtualFileManagerListener
instanceKlass  @bci org/jetbrains/kotlin/com/intellij/core/CoreApplicationEnvironment <init> (Lorg/jetbrains/kotlin/com/intellij/openapi/Disposable;Z)V 98 <appendix> argL0 ; # org/jetbrains/kotlin/com/intellij/core/CoreApplicationEnvironment$$Lambda+0x00000008001ba660
instanceKlass java/util/EventObject
instanceKlass org/jetbrains/kotlin/com/intellij/openapi/editor/ex/DocumentEx
instanceKlass org/jetbrains/kotlin/com/intellij/openapi/editor/Document
instanceKlass org/jetbrains/kotlin/com/intellij/openapi/fileEditor/FileDocumentManager
instanceKlass  @bci org/jetbrains/kotlin/cli/jvm/modules/CoreJrtFileSystem <init> ()V 16 <appendix> member <vmtarget> ; # org/jetbrains/kotlin/cli/jvm/modules/CoreJrtFileSystem$$Lambda+0x00000008001b8c08
instanceKlass  @bci org/jetbrains/kotlin/cli/jvm/modules/CoreJrtFileSystem <clinit> ()V 17 <appendix> member <vmtarget> ; # org/jetbrains/kotlin/cli/jvm/modules/CoreJrtFileSystem$$Lambda+0x00000008001b8270
instanceKlass org/jetbrains/kotlin/cli/jvm/modules/CoreJrtFileSystem$Companion
instanceKlass org/jetbrains/kotlin/com/intellij/util/containers/ConcurrentFactoryMap
instanceKlass  @bci org/jetbrains/kotlin/com/intellij/openapi/vfs/impl/jar/CoreJarFileSystem <init> ()V 6 <appendix> member <vmtarget> ; # org/jetbrains/kotlin/com/intellij/openapi/vfs/impl/jar/CoreJarFileSystem$$Lambda+0x00000008001b6d50
instanceKlass org/jetbrains/kotlin/com/intellij/openapi/vfs/impl/ArchiveHandler
instanceKlass org/jetbrains/kotlin/com/intellij/util/Function
instanceKlass org/jetbrains/kotlin/com/intellij/util/EventDispatcher
instanceKlass org/jetbrains/kotlin/com/intellij/openapi/vfs/VirtualFileListener
instanceKlass org/jetbrains/kotlin/com/intellij/openapi/extensions/BaseExtensionPointName
instanceKlass java/util/EventListener
instanceKlass  @bci org/jetbrains/kotlin/com/intellij/openapi/fileTypes/FileTypeRegistry setInstanceSupplier (Ljava/util/function/Supplier;)V 14 <appendix> member <vmtarget> ; # org/jetbrains/kotlin/com/intellij/openapi/fileTypes/FileTypeRegistry$$Lambda+0x00000008001b3ff8
instanceKlass org/jetbrains/kotlin/com/intellij/openapi/application/CachedSingletonsRegistry
instanceKlass  @bci org/jetbrains/kotlin/com/intellij/util/ArrayUtil <clinit> ()V 95 <appendix> argL0 ; # org/jetbrains/kotlin/com/intellij/util/ArrayUtil$$Lambda+0x00000008001b3b70
instanceKlass  @bci org/jetbrains/kotlin/com/intellij/util/ArrayUtil <clinit> ()V 87 <appendix> argL0 ; # org/jetbrains/kotlin/com/intellij/util/ArrayUtil$$Lambda+0x00000008001b3920
instanceKlass org/jetbrains/kotlin/com/intellij/util/ArrayUtil
instanceKlass  @bci org/jetbrains/kotlin/com/intellij/util/SmartList resizeIfNecessary (I)[Ljava/lang/Object; 32 <appendix> argL0 ; # org/jetbrains/kotlin/com/intellij/util/SmartList$$Lambda+0x00000008001b3498
instanceKlass org/jetbrains/kotlin/com/intellij/util/ArrayFactory
instanceKlass  @bci org/jetbrains/kotlin/com/intellij/openapi/application/ApplicationManager setApplication (Lorg/jetbrains/kotlin/com/intellij/openapi/application/Application;Ljava/util/function/Supplier;Lorg/jetbrains/kotlin/com/intellij/openapi/Disposable;)V 37 <appendix> member <vmtarget> ; # org/jetbrains/kotlin/com/intellij/openapi/application/ApplicationManager$$Lambda+0x00000008001b3010
instanceKlass  @bci org/jetbrains/kotlin/com/intellij/core/CoreApplicationEnvironment <init> (Lorg/jetbrains/kotlin/com/intellij/openapi/Disposable;Z)V 54 <appendix> member <vmtarget> ; # org/jetbrains/kotlin/com/intellij/core/CoreApplicationEnvironment$$Lambda+0x00000008001b2db8
instanceKlass  @bci org/jetbrains/kotlin/com/intellij/openapi/extensions/Extensions setRootArea (Lorg/jetbrains/kotlin/com/intellij/openapi/extensions/impl/ExtensionsAreaImpl;Lorg/jetbrains/kotlin/com/intellij/openapi/Disposable;)V 26 <appendix> member <vmtarget> ; # org/jetbrains/kotlin/com/intellij/openapi/extensions/Extensions$$Lambda+0x00000008001b2b60
instanceKlass org/jetbrains/kotlin/com/intellij/openapi/extensions/Extensions
instanceKlass org/jetbrains/kotlin/com/intellij/openapi/util/ObjectNode
instanceKlass org/jetbrains/kotlin/com/intellij/openapi/util/Disposer$CheckedDisposableImpl
instanceKlass org/jetbrains/kotlin/com/intellij/openapi/util/CheckedDisposable
instanceKlass org/jetbrains/kotlin/com/intellij/openapi/extensions/impl/ImplementationClassResolver
instanceKlass org/jetbrains/kotlin/com/intellij/openapi/extensions/impl/ExtensionPointImpl
instanceKlass org/jetbrains/kotlin/com/intellij/openapi/extensions/ExtensionPoint
instanceKlass org/jetbrains/kotlin/com/intellij/openapi/extensions/impl/ExtensionsAreaImpl
instanceKlass org/jetbrains/kotlin/com/intellij/util/pico/DefaultPicoContainer$InstanceComponentAdapter
instanceKlass org/jetbrains/kotlin/com/intellij/util/pico/DefaultPicoContainer$LinkedHashSetWrapper
instanceKlass org/jetbrains/kotlin/org/picocontainer/ComponentAdapter
instanceKlass  @bci org/jetbrains/kotlin/com/intellij/util/messages/impl/MessageBusImpl$RootBus <init> (Lorg/jetbrains/kotlin/com/intellij/util/messages/MessageBusOwner;)V 36 <appendix> argL0 ; # org/jetbrains/kotlin/com/intellij/util/messages/impl/MessageBusImpl$RootBus$$Lambda+0x00000008001af8f0
instanceKlass org/jetbrains/kotlin/com/intellij/util/ArrayUtilRt
instanceKlass java/util/concurrent/ConcurrentLinkedQueue$Node
instanceKlass  @bci org/jetbrains/kotlin/com/intellij/util/messages/impl/MessageBusImpl <init> (Lorg/jetbrains/kotlin/com/intellij/util/messages/MessageBusOwner;)V 13 <appendix> argL0 ; # org/jetbrains/kotlin/com/intellij/util/messages/impl/MessageBusImpl$$Lambda+0x00000008001aee30
instanceKlass org/jetbrains/kotlin/com/intellij/util/messages/impl/MessageQueue
instanceKlass java/util/concurrent/Executor
instanceKlass org/jetbrains/kotlin/com/intellij/util/messages/impl/MessageBusImpl$MessagePublisher
instanceKlass org/jetbrains/kotlin/com/intellij/util/messages/MessageBusConnection
instanceKlass org/jetbrains/kotlin/com/intellij/util/messages/SimpleMessageBusConnection
instanceKlass org/jetbrains/kotlin/com/intellij/util/messages/impl/MessageBusImpl
instanceKlass org/jetbrains/kotlin/com/intellij/util/messages/impl/MessageBusEx
instanceKlass org/jetbrains/kotlin/com/intellij/util/messages/MessageBusFactory
instanceKlass org/jetbrains/kotlin/com/intellij/util/keyFMap/DebugFMap
instanceKlass org/jetbrains/kotlin/com/intellij/util/keyFMap/EmptyFMap
instanceKlass org/jetbrains/kotlin/com/intellij/util/keyFMap/KeyFMap
instanceKlass org/jetbrains/kotlin/com/intellij/openapi/application/ModalityState
instanceKlass org/jetbrains/kotlin/com/intellij/openapi/extensions/ExtensionsArea
instanceKlass org/jetbrains/kotlin/com/intellij/util/pico/DefaultPicoContainer
instanceKlass org/jetbrains/kotlin/org/picocontainer/MutablePicoContainer
instanceKlass org/jetbrains/kotlin/org/picocontainer/PicoContainer
instanceKlass org/jetbrains/kotlin/com/intellij/util/messages/MessageBus
instanceKlass org/jetbrains/kotlin/com/intellij/openapi/fileTypes/UnknownFileType
instanceKlass org/jetbrains/kotlin/com/intellij/util/containers/FastUtilCaseInsensitiveStringHashingStrategy
instanceKlass org/jetbrains/kotlin/com/intellij/util/containers/FastUtilHashingStrategies$1
instanceKlass org/jetbrains/kotlin/com/intellij/util/containers/FastUtilHashingStrategies$SerializableHashStrategy
instanceKlass org/jetbrains/kotlin/com/intellij/util/containers/FastUtilCharSequenceHashingStrategy
instanceKlass org/jetbrains/kotlin/com/intellij/util/containers/FastUtilHashingStrategies
instanceKlass org/jetbrains/kotlin/com/intellij/openapi/util/SystemInfoRt
instanceKlass  @bci org/jetbrains/kotlin/com/intellij/openapi/fileTypes/FileTypeRegistry <clinit> ()V 0 <appendix> argL0 ; # org/jetbrains/kotlin/com/intellij/openapi/fileTypes/FileTypeRegistry$$Lambda+0x00000008001a98d8
instanceKlass org/jetbrains/kotlin/com/intellij/openapi/util/Getter
instanceKlass org/jetbrains/kotlin/com/intellij/ide/plugins/DisabledPluginsState
instanceKlass org/jetbrains/kotlin/cli/jvm/compiler/KotlinCoreApplicationEnvironment$Companion
instanceKlass org/jetbrains/kotlin/com/intellij/lang/ParserDefinition
instanceKlass org/jetbrains/kotlin/com/intellij/openapi/fileTypes/FileType
instanceKlass org/jetbrains/kotlin/com/intellij/openapi/vfs/VirtualFileSystem
instanceKlass org/jetbrains/kotlin/com/intellij/openapi/util/KeyedExtensionCollector
instanceKlass org/jetbrains/kotlin/com/intellij/openapi/progress/ProgressIndicatorProvider
instanceKlass org/jetbrains/kotlin/com/intellij/openapi/util/SimpleModificationTracker
instanceKlass org/jetbrains/kotlin/com/intellij/openapi/util/ModificationTracker
instanceKlass org/jetbrains/kotlin/com/intellij/concurrency/JobLauncher
instanceKlass org/jetbrains/kotlin/com/intellij/openapi/util/UserDataHolderEx
instanceKlass org/jetbrains/kotlin/com/intellij/util/messages/MessageBusOwner
instanceKlass org/jetbrains/kotlin/com/intellij/openapi/application/ex/ApplicationEx
instanceKlass org/jetbrains/kotlin/com/intellij/openapi/fileTypes/FileTypeRegistry
instanceKlass org/jetbrains/kotlin/com/intellij/openapi/extensions/PluginDescriptor
instanceKlass org/jetbrains/kotlin/com/intellij/openapi/application/Application
instanceKlass org/jetbrains/kotlin/com/intellij/openapi/components/ComponentManager
instanceKlass org/jetbrains/kotlin/com/intellij/openapi/util/UserDataHolder
instanceKlass org/jetbrains/kotlin/com/intellij/openapi/extensions/AreaInstance
instanceKlass org/jetbrains/kotlin/com/intellij/core/CoreApplicationEnvironment
instanceKlass org/jetbrains/kotlin/com/intellij/openapi/util/Disposer$2
instanceKlass org/jetbrains/kotlin/cli/jvm/compiler/KotlinCoreEnvironment$Companion
instanceKlass org/jetbrains/kotlin/cli/jvm/compiler/KotlinCoreEnvironment
instanceKlass org/jetbrains/kotlin/cli/jvm/config/JvmClasspathRoot
instanceKlass org/jetbrains/kotlin/cli/jvm/config/JvmClasspathRootBase
instanceKlass org/jetbrains/kotlin/cli/jvm/config/JavaSourceRoot
instanceKlass org/jetbrains/kotlin/cli/jvm/config/JvmContentRoot
instanceKlass org/jetbrains/kotlin/cli/jvm/config/JvmContentRootBase
instanceKlass org/jetbrains/kotlin/cli/jvm/config/JvmContentRootsKt
instanceKlass  @bci org/jetbrains/kotlin/config/CompilerConfiguration add (Lorg/jetbrains/kotlin/config/CompilerConfigurationKey;Ljava/lang/Object;)V 32 <appendix> argL0 ; # org/jetbrains/kotlin/config/CompilerConfiguration$$Lambda+0x000000080019ab28
instanceKlass org/jetbrains/kotlin/cli/common/config/KotlinSourceRoot
instanceKlass org/jetbrains/kotlin/cli/common/config/ContentRoot
instanceKlass org/jetbrains/kotlin/cli/common/config/ContentRootsKt
instanceKlass org/jetbrains/kotlin/cli/jvm/compiler/KotlinToJVMBytecodeCompilerKt
instanceKlass org/jetbrains/kotlin/cli/common/modules/ModuleChunk
instanceKlass org/jetbrains/kotlin/modules/JavaRootPath
instanceKlass org/jetbrains/kotlin/cli/jvm/compiler/CliCompilerUtilsKt
instanceKlass org/jetbrains/kotlin/cli/common/modules/ModuleBuilder
instanceKlass org/jetbrains/kotlin/modules/Module
instanceKlass org/jetbrains/kotlin/cli/jvm/K2JVMCompilerKt
instanceKlass org/jetbrains/kotlin/config/JvmSerializeIrMode$Companion
instanceKlass org/jetbrains/kotlin/config/JvmAbiStability$Companion
instanceKlass org/jetbrains/kotlin/com/intellij/util/containers/MultiMap
instanceKlass org/jetbrains/kotlin/kapt/cli/KaptCliOption$Companion
instanceKlass org/jetbrains/kotlin/kapt/cli/CliToolOption
instanceKlass org/jetbrains/kotlin/compiler/plugin/AbstractCliOption
instanceKlass org/jetbrains/kotlin/kapt3/Kapt3CommandLineProcessor
instanceKlass org/jetbrains/kotlin/compiler/plugin/CommandLineProcessor
instanceKlass org/jetbrains/kotlin/parcelize/ParcelizeComponentRegistrar$Companion
instanceKlass org/jetbrains/kotlin/kapt4/Kapt4CompilerPluginRegistrar$Companion
instanceKlass org/jetbrains/kotlin/compiler/plugin/CompilerPluginRegistrar$Companion
instanceKlass org/jetbrains/kotlin/compiler/plugin/CompilerPluginRegistrar
instanceKlass  @bci org/jetbrains/kotlin/config/CompilerConfiguration addAll (Lorg/jetbrains/kotlin/config/CompilerConfigurationKey;ILjava/util/Collection;)V 38 <appendix> argL0 ; # org/jetbrains/kotlin/config/CompilerConfiguration$$Lambda+0x000000080019c000
instanceKlass org/jetbrains/kotlin/compiler/plugin/ComponentRegistrar$Companion
instanceKlass org/jetbrains/kotlin/kapt3/Kapt3ComponentRegistrar
instanceKlass  @bci java/io/FilePermissionCollection add (Ljava/security/Permission;)V 68 <appendix> argL0 ; # java/io/FilePermissionCollection$$Lambda+0x000000080014baa0
instanceKlass java/io/FilePermission$1
instanceKlass jdk/internal/access/JavaIOFilePermissionAccess
instanceKlass sun/net/www/MessageHeader
instanceKlass java/net/URLClassLoader$1
instanceKlass java/io/RandomAccessFile$1
instanceKlass kotlin/io/LinesSequence$iterator$1
instanceKlass kotlin/io/LinesSequence
instanceKlass kotlin/io/TextStreamsKt
instanceKlass kotlin/io/FilesKt__FilePathComponentsKt
instanceKlass sun/nio/fs/WindowsUriSupport
instanceKlass org/jetbrains/kotlin/compiler/plugin/ComponentRegistrar
instanceKlass org/jetbrains/kotlin/util/ServiceLoaderLite
instanceKlass org/jetbrains/kotlin/cli/common/CLICompilerKt
instanceKlass com/jetbrains/internal/IoToNioErrorMessageHolder
instanceKlass org/jetbrains/kotlin/cli/jvm/plugins/PluginCliParser
instanceKlass org/jetbrains/kotlin/cli/plugins/PluginsOptionsParserKt
instanceKlass org/jetbrains/kotlin/backend/common/phaser/PhaseConfig
instanceKlass org/jetbrains/kotlin/backend/common/phaser/PhaseConfigurationService
instanceKlass org/jetbrains/kotlin/backend/common/phaser/PhaseConfigKt
instanceKlass org/jetbrains/kotlin/cli/common/CreatePhaseConfigKt
instanceKlass org/jetbrains/kotlin/backend/jvm/lower/ReflectiveAccessKt
instanceKlass org/jetbrains/kotlin/backend/jvm/lower/FragmentLocalFunctionPatchLoweringKt
instanceKlass org/jetbrains/kotlin/backend/jvm/lower/ResolveInlineCallsKt
instanceKlass org/jetbrains/kotlin/backend/jvm/lower/GenerateMultifileFacadesKt
instanceKlass org/jetbrains/kotlin/backend/jvm/lower/FileClassLoweringKt
instanceKlass org/jetbrains/kotlin/backend/jvm/lower/ScriptLoweringKt
instanceKlass org/jetbrains/kotlin/backend/jvm/lower/SerializeIrPhaseKt
instanceKlass org/jetbrains/kotlin/backend/jvm/lower/ProcessOptionalAnnotationsKt
instanceKlass org/jetbrains/kotlin/backend/jvm/lower/FragmentSharedVariablesLoweringKt
instanceKlass org/jetbrains/kotlin/backend/jvm/lower/ExternalPackageParentPatcherLoweringKt
instanceKlass org/jetbrains/kotlin/backend/jvm/lower/FakeLocalVariablesForIrInlinerLoweringKt
instanceKlass org/jetbrains/kotlin/backend/jvm/lower/FakeLocalVariablesForBytecodeInlinerLoweringKt
instanceKlass org/jetbrains/kotlin/backend/jvm/lower/RenameFieldsLoweringKt
instanceKlass org/jetbrains/kotlin/backend/jvm/lower/ReplaceNumberToCharCallSitesLoweringKt
instanceKlass org/jetbrains/kotlin/backend/jvm/lower/AddSuperQualifierToJavaFieldAccessLoweringKt
instanceKlass org/jetbrains/kotlin/backend/jvm/lower/MakePropertyDelegateMethodsStaticLoweringKt
instanceKlass org/jetbrains/kotlin/backend/jvm/lower/ReplaceKFunctionInvokeWithFunctionInvokeKt
instanceKlass org/jetbrains/kotlin/backend/jvm/lower/TypeOperatorLoweringKt
instanceKlass org/jetbrains/kotlin/backend/jvm/lower/RecordEnclosingMethodsLoweringKt
instanceKlass org/jetbrains/kotlin/backend/jvm/lower/RepeatedAnnotationLoweringKt
instanceKlass org/jetbrains/kotlin/backend/jvm/lower/AdditionalClassAnnotationLoweringKt
instanceKlass org/jetbrains/kotlin/backend/jvm/lower/JvmOptimizationLoweringKt
instanceKlass org/jetbrains/kotlin/backend/jvm/lower/JvmSafeCallChainFoldingLoweringKt
instanceKlass org/jetbrains/kotlin/backend/jvm/lower/ToArrayLoweringKt
instanceKlass org/jetbrains/kotlin/backend/jvm/lower/JvmArgumentNullabilityAssertionsLoweringKt
instanceKlass org/jetbrains/kotlin/backend/jvm/lower/BridgeLoweringKt
instanceKlass org/jetbrains/kotlin/backend/jvm/lower/FunctionNVarargBridgeLoweringKt
instanceKlass org/jetbrains/kotlin/backend/jvm/lower/UniqueLoopLabelsLoweringKt
instanceKlass org/jetbrains/kotlin/backend/jvm/lower/EnumExternalEntriesLoweringKt
instanceKlass org/jetbrains/kotlin/backend/jvm/lower/EnumClassLoweringKt
instanceKlass org/jetbrains/kotlin/backend/jvm/lower/AddContinuationLoweringKt
instanceKlass org/jetbrains/kotlin/backend/jvm/lower/TailCallOptimizationLoweringKt
instanceKlass org/jetbrains/kotlin/backend/jvm/lower/InheritedDefaultMethodsOnClassesLoweringKt
instanceKlass org/jetbrains/kotlin/backend/jvm/lower/JvmStringConcatenationLoweringKt
instanceKlass org/jetbrains/kotlin/backend/common/lower/FlattenStringConcatenationLoweringKt
instanceKlass org/jetbrains/kotlin/backend/jvm/lower/JvmDefaultConstructorLoweringKt
instanceKlass org/jetbrains/kotlin/backend/jvm/lower/StaticCallableReferenceLoweringKt
instanceKlass org/jetbrains/kotlin/backend/jvm/lower/SingletonReferencesLoweringKt
instanceKlass org/jetbrains/kotlin/backend/jvm/lower/MappedEnumWhenLoweringKt
instanceKlass org/jetbrains/kotlin/backend/jvm/lower/JvmInlineClassLoweringKt
instanceKlass org/jetbrains/kotlin/backend/jvm/lower/JvmMultiFieldValueClassLoweringKt
instanceKlass org/jetbrains/kotlin/backend/jvm/lower/JvmSingleAbstractMethodLoweringKt
instanceKlass org/jetbrains/kotlin/backend/jvm/lower/CollectionStubMethodLoweringKt
instanceKlass org/jetbrains/kotlin/backend/common/lower/loops/ForLoopsLoweringKt
instanceKlass org/jetbrains/kotlin/backend/common/lower/RangeContainsLoweringKt
instanceKlass org/jetbrains/kotlin/backend/jvm/lower/JvmBuiltInsLoweringKt
instanceKlass org/jetbrains/kotlin/backend/jvm/lower/AnonymousObjectSuperConstructorLoweringKt
instanceKlass org/jetbrains/kotlin/backend/jvm/lower/MoveCompanionObjectFieldsLoweringKt
instanceKlass org/jetbrains/kotlin/backend/jvm/lower/PropertyReferenceLoweringKt
instanceKlass org/jetbrains/kotlin/backend/jvm/lower/SingletonOrConstantDelegationLoweringKt
instanceKlass org/jetbrains/kotlin/backend/jvm/lower/PropertyReferenceDelegationLoweringKt
instanceKlass org/jetbrains/kotlin/backend/jvm/lower/SuspendLambdaLoweringKt
instanceKlass org/jetbrains/kotlin/backend/jvm/lower/RemoveDuplicatedInlinedLocalClassesLoweringKt
instanceKlass org/jetbrains/kotlin/backend/jvm/lower/JvmInventNamesForLocalClassesKt
instanceKlass org/jetbrains/kotlin/backend/jvm/lower/JvmLateinitLoweringKt
instanceKlass org/jetbrains/kotlin/builtins/PrimitiveType$Companion
instanceKlass sun/reflect/misc/ReflectUtil
instanceKlass java/util/concurrent/atomic/AtomicReferenceFieldUpdater$AtomicReferenceFieldUpdaterImpl$1
instanceKlass java/util/concurrent/atomic/AtomicReferenceFieldUpdater
instanceKlass kotlin/SafePublicationLazyImpl$Companion
instanceKlass kotlin/SafePublicationLazyImpl
instanceKlass kotlin/LazyKt__LazyJVMKt$WhenMappings
instanceKlass org/jetbrains/kotlin/backend/jvm/lower/VarargLoweringKt
instanceKlass org/jetbrains/kotlin/backend/jvm/lower/PolymorphicSignatureLoweringKt
instanceKlass org/jetbrains/kotlin/backend/jvm/lower/JvmAnnotationImplementationTransformerKt
instanceKlass org/jetbrains/kotlin/backend/jvm/lower/AnnotationLoweringKt
instanceKlass org/jetbrains/kotlin/backend/jvm/lower/MainMethodGenerationLoweringKt
instanceKlass org/jetbrains/kotlin/backend/jvm/lower/JvmOverloadsAnnotationLoweringKt
instanceKlass org/jetbrains/kotlin/backend/jvm/lower/TypeAliasAnnotationMethodsLoweringKt
instanceKlass org/jetbrains/kotlin/backend/jvm/lower/CreateSeparateCallForInlinedLambdasLoweringKt
instanceKlass org/jetbrains/kotlin/backend/jvm/lower/MarkNecessaryInlinedClassesAsRegeneratedLoweringKt
instanceKlass org/jetbrains/kotlin/ir/declarations/IrTypeParametersContainer
instanceKlass org/jetbrains/kotlin/ir/declarations/IrReturnTarget
instanceKlass org/jetbrains/kotlin/ir/declarations/IrDeclarationParent
instanceKlass org/jetbrains/kotlin/ir/declarations/IrPossiblyExternalDeclaration
instanceKlass org/jetbrains/kotlin/ir/declarations/IrOverridableDeclaration
instanceKlass org/jetbrains/kotlin/ir/declarations/IrOverridableMember
instanceKlass org/jetbrains/kotlin/ir/declarations/IrDeclarationWithVisibility
instanceKlass org/jetbrains/kotlin/ir/declarations/IrMetadataSourceOwner
instanceKlass org/jetbrains/kotlin/ir/declarations/IrMemberWithContainerSource
instanceKlass org/jetbrains/kotlin/ir/declarations/IrDeclarationWithName
instanceKlass org/jetbrains/kotlin/ir/declarations/IrAttributeContainer
instanceKlass org/jetbrains/kotlin/ir/IrElementBase
instanceKlass org/jetbrains/kotlin/ir/declarations/IrDeclaration
instanceKlass org/jetbrains/kotlin/ir/declarations/IrSymbolOwner
instanceKlass org/jetbrains/kotlin/ir/declarations/IrMutableAnnotationContainer
instanceKlass org/jetbrains/kotlin/ir/declarations/IrAnnotationContainer
instanceKlass org/jetbrains/kotlin/ir/IrStatement
instanceKlass org/jetbrains/kotlin/ir/IrElement
instanceKlass org/jetbrains/kotlin/backend/jvm/lower/JvmStaticAnnotationLoweringKt
instanceKlass org/jetbrains/kotlin/backend/jvm/lower/StaticDefaultFunctionLoweringKt
instanceKlass org/jetbrains/kotlin/backend/jvm/lower/ObjectClassLoweringKt
instanceKlass org/jetbrains/kotlin/backend/jvm/lower/DirectInvokeLoweringKt
instanceKlass org/jetbrains/kotlin/backend/jvm/lower/AssertionLoweringKt
instanceKlass org/jetbrains/kotlin/backend/jvm/lower/InlineCallableReferenceToLambdaKt
instanceKlass org/jetbrains/kotlin/backend/common/lower/SharedVariablesLoweringKt
instanceKlass org/jetbrains/kotlin/backend/jvm/lower/FunctionReferenceLoweringKt
instanceKlass org/jetbrains/kotlin/backend/common/lower/PropertiesLowering$Companion
instanceKlass org/jetbrains/kotlin/backend/common/lower/PropertiesLowering
instanceKlass org/jetbrains/kotlin/backend/common/DeclarationTransformer
instanceKlass org/jetbrains/kotlin/backend/common/FileLoweringPass
instanceKlass org/jetbrains/kotlin/backend/common/phaser/ModuleLoweringPhaseAdapter
instanceKlass org/jetbrains/kotlin/backend/common/phaser/CustomPhaseAdapter
instanceKlass org/jetbrains/kotlin/backend/jvm/JvmLowerKt
instanceKlass org/jetbrains/kotlin/backend/common/phaser/CompositePhase
instanceKlass org/jetbrains/kotlin/backend/common/phaser/PerformByIrFilePhase
instanceKlass org/jetbrains/kotlin/backend/common/phaser/PerformByIrFileKt
instanceKlass org/jetbrains/kotlin/backend/common/phaser/FileLoweringPhaseAdapter
instanceKlass org/jetbrains/kotlin/backend/common/phaser/CompilerPhaseKt
instanceKlass org/jetbrains/kotlin/backend/common/phaser/DumperVerifierKt
instanceKlass kotlin/jvm/functions/Function3
instanceKlass org/jetbrains/kotlin/backend/common/phaser/PhaseBuildersKt
instanceKlass kotlin/collections/SetsKt__SetsJVMKt
instanceKlass org/jetbrains/kotlin/backend/jvm/JvmPhasesKt$generateAdditionalClassesPhase$1
instanceKlass org/jetbrains/kotlin/backend/common/phaser/SameTypeCompilerPhase
instanceKlass org/jetbrains/kotlin/backend/common/phaser/AbstractNamedCompilerPhase
instanceKlass org/jetbrains/kotlin/backend/common/phaser/CompilerPhase
instanceKlass org/jetbrains/kotlin/backend/jvm/JvmPhasesKt
instanceKlass org/jetbrains/kotlin/cli/common/environment/UtilKt
instanceKlass org/jetbrains/kotlin/com/intellij/openapi/util/Disposer$1
instanceKlass org/jetbrains/kotlin/com/intellij/util/containers/CanonicalHashingStrategy
instanceKlass  @bci org/jetbrains/kotlin/com/intellij/util/containers/ConcurrentRefHashMap <clinit> ()V 33 <appendix> argL0 ; # org/jetbrains/kotlin/com/intellij/util/containers/ConcurrentRefHashMap$$Lambda+0x00000008001238e8
instanceKlass org/jetbrains/kotlin/com/intellij/util/containers/ConcurrentRefHashMap$2
instanceKlass org/jetbrains/kotlin/com/intellij/util/containers/ConcurrentRefHashMap$HardKey
instanceKlass org/jetbrains/kotlin/com/intellij/util/containers/ConcurrentRefHashMap$KeyReference
instanceKlass org/jetbrains/kotlin/it/unimi/dsi/fastutil/objects/Object2ObjectMap$FastEntrySet
instanceKlass org/jetbrains/kotlin/it/unimi/dsi/fastutil/objects/AbstractObject2ObjectFunction
instanceKlass org/jetbrains/kotlin/it/unimi/dsi/fastutil/objects/Object2ObjectMap
instanceKlass org/jetbrains/kotlin/it/unimi/dsi/fastutil/objects/Object2ObjectFunction
instanceKlass org/jetbrains/kotlin/com/intellij/util/containers/RefHashMap$HardKey
instanceKlass org/jetbrains/kotlin/com/intellij/util/containers/RefHashMap$Key
instanceKlass org/jetbrains/kotlin/com/intellij/util/containers/IdentityHashingStrategy
instanceKlass org/jetbrains/kotlin/com/intellij/util/containers/HashingStrategy
instanceKlass org/jetbrains/kotlin/it/unimi/dsi/fastutil/Hash$Strategy
instanceKlass org/jetbrains/kotlin/com/intellij/util/containers/CollectionFactory
instanceKlass org/jetbrains/kotlin/it/unimi/dsi/fastutil/objects/Reference2ObjectMap$FastEntrySet
instanceKlass org/jetbrains/kotlin/it/unimi/dsi/fastutil/objects/AbstractReference2ObjectFunction
instanceKlass org/jetbrains/kotlin/it/unimi/dsi/fastutil/objects/Reference2ObjectMap
instanceKlass org/jetbrains/kotlin/it/unimi/dsi/fastutil/objects/Reference2ObjectFunction
instanceKlass  @bci java/util/stream/Collectors castingIdentity ()Ljava/util/function/Function; 0 <appendix> argL0 ; # java/util/stream/Collectors$$Lambda+0x0000000800146020
instanceKlass java/util/Collections$UnmodifiableCollection
instanceKlass java/util/stream/Collectors
instanceKlass java/util/stream/Collector
instanceKlass  @bci org/jetbrains/kotlin/it/unimi/dsi/fastutil/objects/ReferenceOpenHashSet <clinit> ()V 10 <appendix> argL0 ; # org/jetbrains/kotlin/it/unimi/dsi/fastutil/objects/ReferenceOpenHashSet$$Lambda+0x000000080011dec0
instanceKlass java/util/function/BinaryOperator
instanceKlass  @bci org/jetbrains/kotlin/it/unimi/dsi/fastutil/objects/ReferenceOpenHashSet <clinit> ()V 5 <appendix> argL0 ; # org/jetbrains/kotlin/it/unimi/dsi/fastutil/objects/ReferenceOpenHashSet$$Lambda+0x000000080011dc60
instanceKlass java/util/function/BiConsumer
instanceKlass  @bci org/jetbrains/kotlin/it/unimi/dsi/fastutil/objects/ReferenceOpenHashSet <clinit> ()V 0 <appendix> argL0 ; # org/jetbrains/kotlin/it/unimi/dsi/fastutil/objects/ReferenceOpenHashSet$$Lambda+0x000000080011da10
instanceKlass org/jetbrains/kotlin/it/unimi/dsi/fastutil/objects/ObjectSpliterator
instanceKlass org/jetbrains/kotlin/it/unimi/dsi/fastutil/objects/ObjectIterator
instanceKlass org/jetbrains/kotlin/it/unimi/dsi/fastutil/objects/ReferenceSet
instanceKlass org/jetbrains/kotlin/it/unimi/dsi/fastutil/objects/ReferenceCollection
instanceKlass org/jetbrains/kotlin/com/intellij/openapi/util/ObjectTree
instanceKlass org/jetbrains/kotlin/com/intellij/openapi/util/Disposer
instanceKlass org/jetbrains/kotlin/progress/ProgressIndicatorAndCompilationCanceledStatus
instanceKlass org/jetbrains/kotlin/progress/CompilationCanceledStatus
instanceKlass  @bci org/jetbrains/kotlin/cli/common/messages/GroupingMessageCollector hasWarnings ()Z 14 <appendix> argL0 ; # org/jetbrains/kotlin/cli/common/messages/GroupingMessageCollector$$Lambda+0x000000080011b3a0
instanceKlass org/jetbrains/kotlin/com/google/common/collect/LinkedHashMultimap$1
instanceKlass  @bci java/util/stream/MatchOps makeRef (Ljava/util/function/Predicate;Ljava/util/stream/MatchOps$MatchKind;)Ljava/util/stream/TerminalOp; 20 <appendix> member <vmtarget> ; # java/util/stream/MatchOps$$Lambda+0x0000000800143f38
instanceKlass java/util/stream/MatchOps$BooleanTerminalSink
instanceKlass java/util/stream/MatchOps$MatchOp
instanceKlass java/util/stream/MatchOps
instanceKlass  @bci org/jetbrains/kotlin/cli/common/messages/GroupingMessageCollector hasExplicitErrors ()Z 14 <appendix> argL0 ; # org/jetbrains/kotlin/cli/common/messages/GroupingMessageCollector$$Lambda+0x000000080011ae88
instanceKlass java/util/Spliterators$IteratorSpliterator
instanceKlass org/jetbrains/kotlin/utils/KotlinPathsFromBaseDirectory
instanceKlass org/jetbrains/kotlin/com/intellij/openapi/application/PathManager
instanceKlass  @bci java/util/regex/Pattern DOT ()Ljava/util/regex/Pattern$CharPredicate; 0 <appendix> argL0 ; # java/util/regex/Pattern$$Lambda+0x0000000800142648
instanceKlass  @bci java/util/regex/Pattern union (Ljava/util/regex/Pattern$CharPredicate;Ljava/util/regex/Pattern$CharPredicate;Z)Ljava/util/regex/Pattern$CharPredicate; 6 <appendix> member <vmtarget> ; # java/util/regex/Pattern$$Lambda+0x0000000800142380
instanceKlass java/util/regex/Pattern$BitClass
instanceKlass org/jetbrains/kotlin/utils/PathUtil
instanceKlass kotlin/collections/AbstractList$IteratorImpl
instanceKlass org/jetbrains/kotlin/config/JvmTarget$Companion
instanceKlass org/jetbrains/kotlin/platform/TargetPlatformVersion
instanceKlass org/jetbrains/kotlin/config/JVMConfigurationKeys
instanceKlass org/jetbrains/kotlin/cli/jvm/JvmArgumentsKt
instanceKlass org/jetbrains/kotlin/config/CommonConfigurationKeysKt
instanceKlass kotlin/Unit
instanceKlass org/jetbrains/kotlin/utils/WrappedValues$ThrowableWrapper
instanceKlass org/jetbrains/kotlin/config/LanguageVersionSettingsKt
instanceKlass org/jetbrains/kotlin/cli/common/messages/MessageCollector$Companion$NONE$1
instanceKlass org/jetbrains/kotlin/cli/common/messages/MessageCollector$Companion
instanceKlass org/jetbrains/kotlin/cli/common/arguments/JavaTypeEnhancementStateParser$Companion
instanceKlass org/jetbrains/kotlin/cli/common/arguments/JavaTypeEnhancementStateParser
instanceKlass org/jetbrains/kotlin/config/JvmAnalysisFlags$Delegates$JvmDefaultModeDisabledByDefault
instanceKlass org/jetbrains/kotlin/utils/WrappedValues$1
instanceKlass org/jetbrains/kotlin/utils/WrappedValues
instanceKlass kotlin/collections/EmptyIterator
instanceKlass org/jetbrains/kotlin/name/FqNamesUtilKt
instanceKlass org/jetbrains/kotlin/load/java/NullabilityAnnotationStates$Companion
instanceKlass org/jetbrains/kotlin/load/java/Jsr305Settings
instanceKlass org/jetbrains/kotlin/storage/LockBasedStorageManager$MapBasedMemoizedFunction
instanceKlass org/jetbrains/kotlin/storage/DefaultSimpleLock
instanceKlass org/jetbrains/kotlin/storage/SimpleLock$Companion
instanceKlass org/jetbrains/kotlin/storage/EmptySimpleLock
instanceKlass org/jetbrains/kotlin/storage/LockBasedStorageManager$ExceptionHandlingStrategy$1
instanceKlass org/jetbrains/kotlin/storage/LockBasedStorageManager$ExceptionHandlingStrategy
instanceKlass org/jetbrains/kotlin/storage/MemoizedFunctionToNotNull
instanceKlass org/jetbrains/kotlin/storage/MemoizedFunctionToNullable
instanceKlass org/jetbrains/kotlin/storage/NullableLazyValue
instanceKlass org/jetbrains/kotlin/storage/CacheWithNullableValues
instanceKlass org/jetbrains/kotlin/storage/CacheWithNotNullValues
instanceKlass org/jetbrains/kotlin/storage/NotNullLazyValue
instanceKlass org/jetbrains/kotlin/storage/SimpleLock
instanceKlass org/jetbrains/kotlin/storage/LockBasedStorageManager
instanceKlass org/jetbrains/kotlin/storage/StorageManager
instanceKlass kotlin/TuplesKt
instanceKlass kotlin/internal/ProgressionUtilKt
instanceKlass kotlin/ranges/IntRange$Companion
instanceKlass kotlin/ranges/IntProgression$Companion
instanceKlass kotlin/ranges/IntProgression
instanceKlass kotlin/ranges/OpenEndRange
instanceKlass kotlin/ranges/ClosedRange
instanceKlass kotlin/KotlinVersionCurrentValue
instanceKlass kotlin/KotlinVersion$Companion
instanceKlass kotlin/KotlinVersion
instanceKlass org/jetbrains/kotlin/load/java/ReportLevel$Companion
instanceKlass org/jetbrains/kotlin/load/java/JavaNullabilityAnnotationsStatus$Companion
instanceKlass org/jetbrains/kotlin/load/java/JavaNullabilityAnnotationsStatus
instanceKlass kotlin/Pair
instanceKlass org/jetbrains/kotlin/load/java/NullabilityAnnotationStatesImpl
instanceKlass org/jetbrains/kotlin/load/java/NullabilityAnnotationStates
instanceKlass org/jetbrains/kotlin/load/java/JavaNullabilityAnnotationSettingsKt
instanceKlass org/jetbrains/kotlin/load/java/JavaTypeEnhancementState$Companion
instanceKlass org/jetbrains/kotlin/load/java/JavaTypeEnhancementState
instanceKlass org/jetbrains/kotlin/config/JvmAnalysisFlags$Delegates$JavaTypeEnhancementStateWarnByDefault
instanceKlass org/jetbrains/kotlin/config/JvmAnalysisFlags
instanceKlass kotlin/collections/ArrayAsCollection
instanceKlass org/jetbrains/kotlin/config/AnalysisFlag$Delegates$ApiModeDisabledByDefault
instanceKlass org/jetbrains/kotlin/config/AnalysisFlag$Delegates$ListOfStrings
instanceKlass org/jetbrains/kotlin/config/AnalysisFlag
instanceKlass org/jetbrains/kotlin/config/AnalysisFlag$Delegate
instanceKlass kotlin/properties/ReadOnlyProperty
instanceKlass org/jetbrains/kotlin/config/AnalysisFlag$Delegates$Boolean
instanceKlass kotlin/reflect/KProperty$Getter
instanceKlass kotlin/reflect/KProperty$Accessor
instanceKlass org/jetbrains/kotlin/config/AnalysisFlags
instanceKlass org/jetbrains/kotlin/config/LanguageVersionSettingsImpl$Companion
instanceKlass org/jetbrains/kotlin/config/LanguageVersionSettings$Companion
instanceKlass org/jetbrains/kotlin/config/LanguageVersionSettingsImpl
instanceKlass java/math/MutableBigInteger
instanceKlass org/jetbrains/kotlin/config/MavenComparableVersion$IntegerItem
instanceKlass org/jetbrains/kotlin/config/MavenComparableVersion$Item
instanceKlass org/jetbrains/kotlin/config/MavenComparableVersion
instanceKlass org/jetbrains/kotlin/config/ApiVersion$Companion
instanceKlass org/jetbrains/kotlin/config/ApiVersion
instanceKlass org/jetbrains/kotlin/config/LanguageVersion$Companion
instanceKlass org/jetbrains/kotlin/config/IncrementalCompilation
instanceKlass org/jetbrains/kotlin/cli/common/UtilsKt
instanceKlass org/jetbrains/kotlin/config/CommonConfigurationKeys
instanceKlass org/jetbrains/kotlin/cli/common/messages/IrMessageCollector$Companion
instanceKlass org/jetbrains/kotlin/cli/common/messages/IrMessageCollector
instanceKlass org/jetbrains/kotlin/ir/util/IrMessageLogger$Companion
instanceKlass org/jetbrains/kotlin/ir/util/IrMessageLogger
instanceKlass org/jetbrains/kotlin/com/google/common/collect/AbstractMapEntry
instanceKlass org/jetbrains/kotlin/com/google/common/collect/LinkedHashMultimap$ValueSetLink
instanceKlass org/jetbrains/kotlin/com/google/common/collect/CollectPreconditions
instanceKlass org/jetbrains/kotlin/com/google/common/base/Preconditions
instanceKlass org/jetbrains/kotlin/com/google/common/collect/Maps$EntryTransformer
instanceKlass org/jetbrains/kotlin/com/google/common/base/Converter
instanceKlass org/jetbrains/kotlin/com/google/common/collect/BiMap
instanceKlass org/jetbrains/kotlin/com/google/common/collect/ImmutableMap
instanceKlass org/jetbrains/kotlin/com/google/common/collect/SortedMapDifference
instanceKlass org/jetbrains/kotlin/com/google/common/collect/MapDifference
instanceKlass org/jetbrains/kotlin/com/google/common/collect/UnmodifiableIterator
instanceKlass org/jetbrains/kotlin/com/google/common/base/Function
instanceKlass org/jetbrains/kotlin/com/google/common/collect/Maps
instanceKlass jdk/internal/logger/DefaultLoggerFinder$1
instanceKlass java/util/logging/Logger$SystemLoggerHelper$1
instanceKlass java/util/logging/Logger$SystemLoggerHelper
instanceKlass java/util/logging/LogManager$4
instanceKlass jdk/internal/logger/BootstrapLogger$BootstrapExecutors
instanceKlass jdk/internal/logger/BootstrapLogger$RedirectedLoggers
instanceKlass java/util/ServiceLoader$ProviderImpl
instanceKlass java/util/ServiceLoader$Provider
instanceKlass java/util/ServiceLoader$1
instanceKlass java/util/concurrent/CopyOnWriteArrayList$COWIterator
instanceKlass jdk/internal/loader/URLClassPath$1
instanceKlass java/lang/CompoundEnumeration
instanceKlass jdk/internal/loader/BuiltinClassLoader$1
instanceKlass java/util/Collections$EmptyEnumeration
instanceKlass java/util/Collections$EmptyIterator
instanceKlass java/util/ServiceLoader$3
instanceKlass java/util/ServiceLoader$2
instanceKlass java/util/ServiceLoader$LazyClassPathLookupIterator
instanceKlass java/util/Spliterators$1Adapter
instanceKlass java/util/Spliterators$ArraySpliterator
instanceKlass java/util/Spliterator$OfDouble
instanceKlass java/util/Spliterator$OfLong
instanceKlass java/util/Spliterator$OfInt
instanceKlass java/util/Spliterator$OfPrimitive
instanceKlass java/util/Spliterators$EmptySpliterator
instanceKlass java/util/Spliterators
instanceKlass java/util/ServiceLoader$ModuleServicesLookupIterator
instanceKlass java/util/ServiceLoader
instanceKlass jdk/internal/logger/BootstrapLogger$DetectBackend$1
instanceKlass jdk/internal/logger/BootstrapLogger$DetectBackend
instanceKlass jdk/internal/logger/BootstrapLogger
instanceKlass sun/util/logging/PlatformLogger$ConfigurableBridge
instanceKlass sun/util/logging/PlatformLogger$Bridge
instanceKlass java/lang/System$Logger
instanceKlass java/util/stream/Streams
instanceKlass java/util/stream/Streams$AbstractStreamBuilderImpl
instanceKlass java/util/stream/Stream$Builder
instanceKlass java/util/stream/Sink$ChainedReference
instanceKlass  @bci java/util/stream/FindOps$FindSink$OfRef <clinit> ()V 43 <appendix> argL0 ; # java/util/stream/FindOps$FindSink$OfRef$$Lambda+0x00000008000f7c48
instanceKlass  @bci java/util/stream/FindOps$FindSink$OfRef <clinit> ()V 38 <appendix> argL0 ; # java/util/stream/FindOps$FindSink$OfRef$$Lambda+0x00000008000f79c8
instanceKlass  @bci java/util/stream/FindOps$FindSink$OfRef <clinit> ()V 16 <appendix> argL0 ; # java/util/stream/FindOps$FindSink$OfRef$$Lambda+0x00000008000f7778
instanceKlass  @bci java/util/stream/FindOps$FindSink$OfRef <clinit> ()V 11 <appendix> argL0 ; # java/util/stream/FindOps$FindSink$OfRef$$Lambda+0x00000008000f74f8
instanceKlass java/util/stream/FindOps$FindOp
instanceKlass java/util/stream/TerminalOp
instanceKlass java/util/stream/FindOps$FindSink
instanceKlass java/util/stream/TerminalSink
instanceKlass java/util/stream/Sink
instanceKlass java/util/stream/FindOps
instanceKlass  @bci java/util/logging/Level$KnownLevel findByName (Ljava/lang/String;Ljava/util/function/Function;)Ljava/util/Optional; 29 <appendix> argL0 ; # java/util/logging/Level$KnownLevel$$Lambda+0x00000008000f5bd8
instanceKlass java/util/EnumMap$1
instanceKlass java/util/stream/StreamOpFlag$MaskBuilder
instanceKlass java/util/stream/PipelineHelper
instanceKlass java/util/stream/Stream
instanceKlass java/util/stream/BaseStream
instanceKlass java/util/stream/StreamSupport
instanceKlass java/util/ArrayList$ArrayListSpliterator
instanceKlass java/util/Spliterator
instanceKlass  @bci java/util/logging/Level findLevel (Ljava/lang/String;)Ljava/util/logging/Level; 13 <appendix> argL0 ; # java/util/logging/Level$$Lambda+0x00000008000f1d00
instanceKlass java/util/Hashtable$Enumerator
instanceKlass java/util/Collections$SynchronizedCollection
instanceKlass java/util/Properties$EntrySet
instanceKlass java/util/Collections$3
instanceKlass java/util/logging/LogManager$LoggerContext$1
instanceKlass java/util/logging/LogManager$VisitedLoggers
instanceKlass java/util/function/Predicate
instanceKlass  @bci java/util/logging/LogManager$LoggerContext$1 run ()Ljava/lang/Void; 22 <appendix> form vmentry <vmtarget> ; # java/lang/invoke/LambdaForm$MH+0x00000008000e8800
instanceKlass java/util/logging/LogManager$2
instanceKlass java/lang/System$LoggerFinder
instanceKlass java/security/Security$1
instanceKlass jdk/internal/access/JavaSecurityPropertiesAccess
instanceKlass java/util/concurrent/ConcurrentHashMap$MapEntry
instanceKlass java/util/Properties$LineReader
instanceKlass  @bci java/security/Security <clinit> ()V 9 <appendix> argL0 ; # java/security/Security$$Lambda+0x00000008000bd850
instanceKlass java/security/Security
instanceKlass sun/security/util/SecurityProperties
instanceKlass sun/security/util/FilePermCompat
instanceKlass java/util/logging/LogManager$LoggingProviderAccess
instanceKlass sun/util/logging/internal/LoggingProviderImpl$LogManagerAccess
instanceKlass java/lang/Shutdown$Lock
instanceKlass java/lang/Shutdown
instanceKlass java/lang/ApplicationShutdownHooks$1
instanceKlass java/lang/ApplicationShutdownHooks
instanceKlass java/util/Collections$SynchronizedMap
instanceKlass java/util/logging/LogManager$LogNode
instanceKlass java/util/logging/LogManager$LoggerContext
instanceKlass java/util/logging/LogManager$1
instanceKlass java/util/logging/LogManager
instanceKlass java/util/logging/Logger$ConfigurationData
instanceKlass java/util/logging/Logger$LoggerBundle
instanceKlass  @bci java/util/logging/Level$KnownLevel add (Ljava/util/logging/Level;)V 49 <appendix> argL0 ; # java/util/logging/Level$KnownLevel$$Lambda+0x00000008000b9e48
instanceKlass  @bci java/util/logging/Level$KnownLevel add (Ljava/util/logging/Level;)V 19 <appendix> argL0 ; # java/util/logging/Level$KnownLevel$$Lambda+0x00000008000b9bd8
instanceKlass java/util/logging/Level
instanceKlass java/util/logging/Handler
instanceKlass java/util/logging/Logger
instanceKlass org/jetbrains/kotlin/com/google/common/collect/Platform
instanceKlass org/jetbrains/kotlin/com/google/common/collect/Multiset
instanceKlass org/jetbrains/kotlin/com/google/common/collect/AbstractMultimap
instanceKlass org/jetbrains/kotlin/com/google/common/collect/SetMultimap
instanceKlass org/jetbrains/kotlin/com/google/common/collect/Multimap
instanceKlass org/jetbrains/kotlin/cli/common/messages/GroupingMessageCollector
instanceKlass org/jetbrains/kotlin/it/unimi/dsi/fastutil/HashCommon
instanceKlass org/jetbrains/kotlin/it/unimi/dsi/fastutil/ints/Int2ObjectMap$FastEntrySet
instanceKlass org/jetbrains/kotlin/it/unimi/dsi/fastutil/objects/ObjectSet
instanceKlass org/jetbrains/kotlin/it/unimi/dsi/fastutil/ints/IntSet
instanceKlass org/jetbrains/kotlin/it/unimi/dsi/fastutil/ints/IntCollection
instanceKlass org/jetbrains/kotlin/it/unimi/dsi/fastutil/ints/IntIterable
instanceKlass org/jetbrains/kotlin/it/unimi/dsi/fastutil/objects/ObjectCollection
instanceKlass org/jetbrains/kotlin/it/unimi/dsi/fastutil/objects/ObjectIterable
instanceKlass org/jetbrains/kotlin/it/unimi/dsi/fastutil/ints/AbstractInt2ObjectFunction
instanceKlass org/jetbrains/kotlin/it/unimi/dsi/fastutil/Hash
instanceKlass org/jetbrains/kotlin/it/unimi/dsi/fastutil/ints/Int2ObjectMap
instanceKlass org/jetbrains/kotlin/it/unimi/dsi/fastutil/ints/Int2ObjectFunction
instanceKlass java/util/function/IntFunction
instanceKlass org/jetbrains/kotlin/it/unimi/dsi/fastutil/Function
instanceKlass org/jetbrains/kotlin/com/intellij/util/containers/IntKeyWeakValueHashMap
instanceKlass org/jetbrains/kotlin/com/intellij/util/containers/ConcurrentIntObjectMap
instanceKlass org/jetbrains/kotlin/com/intellij/util/containers/ConcurrentLongObjectMap
instanceKlass org/jetbrains/kotlin/com/intellij/util/containers/IntObjectMap
instanceKlass org/jetbrains/kotlin/com/intellij/util/containers/ConcurrentList
instanceKlass org/jetbrains/kotlin/com/intellij/util/containers/ContainerUtil
instanceKlass org/jetbrains/kotlin/com/intellij/openapi/util/Key
instanceKlass org/jetbrains/kotlin/config/CompilerConfigurationKey
instanceKlass org/jetbrains/kotlin/cli/common/CLIConfigurationKeys
instanceKlass org/jetbrains/kotlin/utils/SmartList$EmptyIterator
instanceKlass org/jetbrains/kotlin/cli/common/ArgumentsKt
instanceKlass java/net/URLConnection
instanceKlass org/jetbrains/kotlin/cli/common/messages/PrintingMessageCollector
instanceKlass kotlin/jvm/internal/CollectionToArray
instanceKlass kotlin/jvm/internal/SpreadBuilder
# instanceKlass java/lang/invoke/LambdaForm$MH+0x00000008000e8400
# instanceKlass java/lang/invoke/LambdaForm$MH+0x00000008000e8000
# instanceKlass java/lang/invoke/LambdaForm$MH+0x00000008000e7c00
# instanceKlass java/lang/invoke/LambdaForm$MH+0x00000008000e7800
# instanceKlass java/lang/invoke/LambdaForm$MH+0x00000008000e7400
# instanceKlass java/lang/invoke/LambdaForm$MH+0x00000008000e7000
# instanceKlass java/lang/invoke/LambdaForm$MH+0x00000008000e6c00
# instanceKlass java/lang/invoke/LambdaForm$MH+0x00000008000e6800
# instanceKlass java/lang/invoke/LambdaForm$MH+0x00000008000e6400
instanceKlass  @cpi org/jetbrains/kotlin/com/intellij/psi/impl/compiled/AnnotationTextCollector 112 form vmentry <vmtarget> ; # java/lang/invoke/LambdaForm$DMH+0x00000008000e6000
# instanceKlass java/lang/invoke/LambdaForm$MH+0x00000008000e5c00
# instanceKlass java/lang/invoke/LambdaForm$MH+0x00000008000e5800
# instanceKlass java/lang/invoke/LambdaForm$MH+0x00000008000e5400
# instanceKlass java/lang/invoke/LambdaForm$BMH+0x00000008000e5000
# instanceKlass java/lang/invoke/LambdaForm$MH+0x00000008000e4c00
instanceKlass  @cpi org/jetbrains/kotlin/com/intellij/psi/impl/source/resolve/ResolveCache 275 form vmentry <vmtarget> ; # java/lang/invoke/LambdaForm$DMH+0x00000008000e4800
instanceKlass java/lang/invoke/ClassSpecializer$Factory$1Var
instanceKlass java/lang/invoke/MethodHandles$1
# instanceKlass java/lang/invoke/LambdaForm$DMH+0x00000008000e4400
instanceKlass sun/invoke/util/ValueConversions$1
instanceKlass sun/invoke/util/ValueConversions$WrapperCache
# instanceKlass java/lang/invoke/LambdaForm$DMH+0x00000008000e4000
instanceKlass kotlin/reflect/jvm/internal/pcollections/MapEntry
instanceKlass kotlin/reflect/jvm/internal/ReflectProperties$Val$1
instanceKlass kotlin/reflect/jvm/internal/ReflectProperties$Val
instanceKlass kotlin/reflect/jvm/internal/ReflectProperties
instanceKlass  @bci java/util/regex/CharPredicates ASCII_DIGIT ()Ljava/util/regex/Pattern$BmpCharPredicate; 0 <appendix> argL0 ; # java/util/regex/CharPredicates$$Lambda+0x00000008000b5970
instanceKlass java/util/regex/CharPredicates
instanceKlass kotlin/text/Regex$Companion
instanceKlass kotlin/text/Regex
instanceKlass kotlin/jvm/internal/DefaultConstructorMarker
instanceKlass kotlin/reflect/jvm/internal/KDeclarationContainerImpl$Companion
instanceKlass kotlin/reflect/jvm/internal/KTypeParameterOwnerImpl
instanceKlass kotlin/reflect/jvm/internal/KClassifierImpl
instanceKlass kotlin/reflect/jvm/internal/pcollections/ConsPStack
instanceKlass kotlin/reflect/jvm/internal/pcollections/IntTree
instanceKlass kotlin/reflect/jvm/internal/pcollections/IntTreePMap
instanceKlass kotlin/reflect/jvm/internal/pcollections/HashPMap
instanceKlass kotlin/reflect/jvm/internal/KClassCacheKt
instanceKlass kotlin/reflect/jvm/internal/KDeclarationContainerImpl
instanceKlass kotlin/jvm/internal/ClassBasedDeclarationContainer
instanceKlass kotlin/reflect/KTypeParameter
instanceKlass kotlin/reflect/KMutableProperty2
instanceKlass kotlin/reflect/KProperty2
instanceKlass kotlin/reflect/KMutableProperty0
instanceKlass kotlin/reflect/KProperty0
instanceKlass kotlin/reflect/KMutableProperty1
instanceKlass kotlin/reflect/KMutableProperty
instanceKlass kotlin/reflect/KProperty1
instanceKlass kotlin/reflect/KProperty
instanceKlass kotlin/reflect/KType
instanceKlass kotlin/reflect/KClass
instanceKlass kotlin/jvm/internal/ReflectionFactory
instanceKlass kotlin/reflect/KClassifier
instanceKlass kotlin/jvm/internal/Reflection
instanceKlass kotlin/jvm/JvmClassMappingKt
# instanceKlass java/lang/invoke/LambdaForm$MH+0x00000008000d8800
instanceKlass java/lang/invoke/MethodHandle$1
instanceKlass org/jetbrains/kotlin/config/LanguageVersionSettings
instanceKlass org/jetbrains/kotlin/cli/common/messages/MessageCollector
instanceKlass org/jetbrains/kotlin/config/LanguageOrApiVersion
instanceKlass org/jetbrains/kotlin/utils/DescriptionAware
instanceKlass kotlin/collections/builders/MapBuilder$EntryRef
instanceKlass kotlin/jvm/internal/markers/KMutableMap$Entry
instanceKlass kotlin/collections/builders/MapBuilder$Itr
instanceKlass kotlin/jvm/internal/markers/KMutableIterator
instanceKlass org/jetbrains/kotlin/cli/common/arguments/ArgumentField
instanceKlass org/jetbrains/kotlin/util/capitalizeDecapitalize/CapitalizeDecapitalizeKt
instanceKlass org/jetbrains/kotlin/name/ClassId
instanceKlass org/jetbrains/kotlin/name/FqNameUnsafe$1
instanceKlass java/util/regex/Pattern$TreeInfo
instanceKlass  @bci java/util/regex/Pattern Single (I)Ljava/util/regex/Pattern$BmpCharPredicate; 1 <appendix> member <vmtarget> ; # java/util/regex/Pattern$$Lambda+0x00000008000b3208
instanceKlass java/util/regex/Pattern$BmpCharPredicate
instanceKlass java/util/regex/Pattern$CharPredicate
instanceKlass java/util/regex/Pattern$Node
instanceKlass java/util/regex/Pattern
instanceKlass org/jetbrains/kotlin/name/Name
instanceKlass org/jetbrains/kotlin/name/FqNameUnsafe
instanceKlass org/jetbrains/kotlin/name/FqName
instanceKlass org/jetbrains/kotlin/load/java/JvmAbi
instanceKlass kotlin/Metadata
instanceKlass java/lang/annotation/Target
# instanceKlass java/lang/invoke/LambdaForm$MH+0x00000008000d8400
# instanceKlass java/lang/invoke/LambdaForm$MH+0x00000008000d8000
instanceKlass java/lang/reflect/Proxy$ProxyBuilder$1
instanceKlass jdk/internal/org/objectweb/asm/Edge
instanceKlass  @bci java/lang/reflect/ProxyGenerator addProxyMethod (Ljava/lang/reflect/Method;Ljava/lang/Class;)V 23 <appendix> argL0 ; # java/lang/reflect/ProxyGenerator$$Lambda+0x00000008000b0148
instanceKlass  @bci java/lang/reflect/ProxyGenerator addProxyMethod (Ljava/lang/reflect/ProxyGenerator$ProxyMethod;)V 10 <appendix> argL0 ; # java/lang/reflect/ProxyGenerator$$Lambda+0x00000008000afed8
instanceKlass java/util/StringJoiner
instanceKlass java/lang/reflect/ProxyGenerator$ProxyMethod
instanceKlass  @bci java/lang/reflect/Proxy getLoader (Ljava/lang/Module;)Ljava/lang/ClassLoader; 6 <appendix> member <vmtarget> ; # java/lang/reflect/Proxy$$Lambda+0x00000008000af220
instanceKlass  @bci java/lang/WeakPairMap computeIfAbsent (Ljava/lang/Object;Ljava/lang/Object;Ljava/util/function/BiFunction;)Ljava/lang/Object; 18 <appendix> member <vmtarget> ; # java/lang/WeakPairMap$$Lambda+0x00000008000aed68
instanceKlass  @bci java/lang/Module implAddExportsOrOpens (Ljava/lang/String;Ljava/lang/Module;ZZ)V 145 <appendix> argL0 ; # java/lang/Module$$Lambda+0x00000008000aeb08
instanceKlass  @bci java/lang/module/ModuleDescriptor$Builder packages (Ljava/util/Set;)Ljava/lang/module/ModuleDescriptor$Builder; 17 <appendix> argL0 ; # java/lang/module/ModuleDescriptor$Builder$$Lambda+0x00000008000adac8
instanceKlass java/lang/WeakPairMap$Pair$Lookup
instanceKlass java/lang/WeakPairMap$Pair
instanceKlass java/lang/WeakPairMap
instanceKlass java/lang/Module$ReflectionData
instanceKlass java/util/function/Consumer
instanceKlass jdk/internal/module/Checks
instanceKlass java/lang/module/ModuleDescriptor$Builder
instanceKlass  @bci java/lang/reflect/Proxy$ProxyBuilder getDynamicModule (Ljava/lang/ClassLoader;)Ljava/lang/Module; 4 <appendix> argL0 ; # java/lang/reflect/Proxy$ProxyBuilder$$Lambda+0x00000008000ac8b8
instanceKlass java/util/LinkedHashMap$LinkedHashIterator
instanceKlass java/lang/PublicMethods
instanceKlass java/util/Collections$1
instanceKlass java/lang/reflect/Proxy$ProxyBuilder
instanceKlass  @bci java/lang/reflect/Proxy getProxyConstructor (Ljava/lang/Class;Ljava/lang/ClassLoader;[Ljava/lang/Class;)Ljava/lang/reflect/Constructor; 35 <appendix> argL0 ; # java/lang/reflect/Proxy$$Lambda+0x00000008000aaff8
instanceKlass java/lang/ClassValue$Version
instanceKlass java/lang/ClassValue$Identity
instanceKlass java/lang/ClassValue
instanceKlass java/lang/reflect/Proxy
instanceKlass sun/reflect/annotation/AnnotationInvocationHandler
instanceKlass java/lang/reflect/InvocationHandler
instanceKlass sun/reflect/annotation/AnnotationParser$1
instanceKlass kotlin/annotation/Target
instanceKlass java/lang/annotation/Inherited
instanceKlass java/lang/annotation/Retention
instanceKlass sun/reflect/annotation/ExceptionProxy
instanceKlass sun/reflect/annotation/AnnotationType$1
instanceKlass sun/reflect/annotation/AnnotationType
instanceKlass java/lang/reflect/GenericArrayType
instanceKlass sun/reflect/generics/visitor/Reifier
instanceKlass sun/reflect/generics/visitor/TypeTreeVisitor
instanceKlass sun/reflect/generics/factory/CoreReflectionFactory
instanceKlass sun/reflect/generics/factory/GenericsFactory
instanceKlass sun/reflect/generics/scope/AbstractScope
instanceKlass sun/reflect/generics/scope/Scope
instanceKlass sun/reflect/generics/tree/ClassTypeSignature
instanceKlass sun/reflect/generics/tree/SimpleClassTypeSignature
instanceKlass sun/reflect/generics/tree/FieldTypeSignature
instanceKlass sun/reflect/generics/tree/BaseType
instanceKlass sun/reflect/generics/tree/TypeSignature
instanceKlass sun/reflect/generics/tree/ReturnType
instanceKlass sun/reflect/generics/tree/TypeArgument
instanceKlass sun/reflect/generics/tree/TypeTree
instanceKlass sun/reflect/generics/tree/Tree
instanceKlass sun/reflect/generics/parser/SignatureParser
instanceKlass kotlin/jvm/internal/markers/KMutableSet
instanceKlass kotlin/jvm/internal/markers/KMutableCollection
instanceKlass kotlin/jvm/internal/markers/KMutableIterable
instanceKlass sun/reflect/annotation/AnnotationParser
instanceKlass org/jetbrains/kotlin/cli/common/arguments/Argument
instanceKlass kotlin/collections/EmptySet
instanceKlass kotlin/collections/EmptyMap
instanceKlass kotlin/ranges/RangesKt__RangesKt
instanceKlass kotlin/collections/builders/ListBuilderKt
instanceKlass kotlin/collections/builders/MapBuilder$Companion
instanceKlass kotlin/collections/builders/MapBuilder
instanceKlass kotlin/jvm/internal/markers/KMutableMap
instanceKlass kotlin/collections/MapsKt__MapWithDefaultKt
instanceKlass java/io/FileInputStream$1
instanceKlass kotlin/io/CloseableKt
instanceKlass kotlin/text/CharsKt__CharJVMKt
instanceKlass java/nio/charset/CoderResult
instanceKlass kotlin/sequences/GeneratorSequence$iterator$1
instanceKlass java/lang/invoke/VarHandle$AccessDescriptor
instanceKlass java/lang/invoke/VarForm
instanceKlass java/lang/invoke/VarHandleGuards
instanceKlass java/lang/invoke/VarHandles
instanceKlass java/util/concurrent/atomic/AtomicReference
instanceKlass kotlin/sequences/ConstrainedOnceSequence
instanceKlass kotlin/sequences/GeneratorSequence
instanceKlass kotlin/sequences/Sequence
instanceKlass kotlin/sequences/SequencesKt__SequenceBuilderKt
instanceKlass java/io/Reader
instanceKlass java/lang/Readable
instanceKlass kotlin/text/Charsets
instanceKlass org/jetbrains/kotlin/cli/common/arguments/ArgumentParseErrors
instanceKlass java/util/Arrays$ArrayItr
instanceKlass org/jetbrains/kotlin/cli/common/arguments/PreprocessCommandLineArgumentsKt
instanceKlass kotlin/UNINITIALIZED_VALUE
instanceKlass kotlin/SynchronizedLazyImpl
instanceKlass kotlin/Lazy
instanceKlass kotlin/LazyKt__LazyJVMKt
instanceKlass kotlin/jvm/internal/Lambda
instanceKlass kotlin/jvm/functions/Function0
instanceKlass org/jetbrains/kotlin/cli/common/arguments/ParseCommandLineArgumentsKt
instanceKlass kotlin/collections/ArraysUtilJVM
instanceKlass kotlin/collections/ArraysKt__ArraysJVMKt
instanceKlass java/lang/ProcessEnvironment$CheckedEntry
instanceKlass java/lang/ProcessEnvironment$CheckedEntrySet$1
instanceKlass java/lang/ProcessEnvironment$EntryComparator
instanceKlass java/lang/ProcessEnvironment$NameComparator
instanceKlass org/jetbrains/kotlin/config/JvmDefaultMode$Companion
instanceKlass org/jetbrains/kotlin/config/JVMAssertionsMode$Companion
instanceKlass org/jetbrains/kotlin/config/ExplicitApiMode$Companion
instanceKlass kotlin/collections/EmptyList
instanceKlass kotlin/collections/CollectionsKt__CollectionsJVMKt
instanceKlass org/jetbrains/kotlin/cli/common/arguments/K2JVMCompilerArguments$Companion
instanceKlass org/jetbrains/kotlin/cli/common/arguments/CommonCompilerArguments$Companion
instanceKlass org/jetbrains/kotlin/cli/common/arguments/CommonToolArguments$Companion
instanceKlass org/jetbrains/kotlin/config/Services$Builder
instanceKlass org/jetbrains/kotlin/config/Services$Companion
instanceKlass org/jetbrains/kotlin/cli/common/messages/XcodeStyleMessageRenderer
instanceKlass org/jetbrains/kotlin/cli/common/messages/GradleStyleMessageRenderer
# instanceKlass java/lang/invoke/LambdaForm$MH+0x00000008000c4400
instanceKlass jdk/internal/reflect/MethodHandleAccessorFactory$LazyStaticHolder
instanceKlass java/lang/Class$3
instanceKlass kotlin/text/StringsKt__AppendableKt
instanceKlass org/jetbrains/kotlin/cli/common/PropertiesKt
instanceKlass org/jetbrains/kotlin/cli/common/messages/PlainTextMessageRenderer
instanceKlass org/jetbrains/kotlin/cli/common/messages/XmlMessageRenderer
instanceKlass org/jetbrains/kotlin/cli/common/messages/MessageRenderer
instanceKlass org/jetbrains/kotlin/com/intellij/openapi/application/ApplicationManager
instanceKlass  @bci org/jetbrains/kotlin/com/intellij/util/text/LiteralFormatUtil <clinit> ()V 0 <appendix> form vmentry <vmtarget> ; # java/lang/invoke/LambdaForm$MH+0x00000008000c4000
instanceKlass java/util/ArrayList$Itr
instanceKlass java/lang/invoke/InvokerBytecodeGenerator$ClassData
instanceKlass jdk/internal/org/objectweb/asm/Frame
instanceKlass java/lang/invoke/LambdaFormBuffer
instanceKlass java/lang/invoke/LambdaFormEditor$TransformKey
instanceKlass java/lang/invoke/LambdaFormEditor
instanceKlass java/lang/invoke/DelegatingMethodHandle$Holder
instanceKlass java/lang/invoke/DirectMethodHandle$2
instanceKlass java/lang/invoke/ClassSpecializer$Factory
instanceKlass java/lang/invoke/ClassSpecializer$SpeciesData
instanceKlass java/lang/invoke/ClassSpecializer$1
instanceKlass java/lang/invoke/ClassSpecializer
instanceKlass  @bci org/jetbrains/kotlin/com/intellij/openapi/diagnostic/Logger <clinit> ()V 11 <appendix> argL0 ; # org/jetbrains/kotlin/com/intellij/openapi/diagnostic/Logger$$Lambda+0x00000008000c2b98
instanceKlass org/jetbrains/kotlin/com/intellij/openapi/diagnostic/Attachment
instanceKlass org/jetbrains/kotlin/com/intellij/openapi/diagnostic/Logger$DefaultFactory
instanceKlass org/jetbrains/kotlin/com/intellij/openapi/diagnostic/Logger$Factory
instanceKlass org/jetbrains/kotlin/com/intellij/openapi/diagnostic/Logger
instanceKlass org/jetbrains/kotlin/cli/jvm/compiler/IdeaStandaloneExecutionSetup
instanceKlass org/jetbrains/kotlin/cli/jvm/compiler/CompatKt
instanceKlass kotlin/jvm/functions/Function2
instanceKlass kotlin/jvm/internal/CallableReference$NoReceiver
instanceKlass kotlin/reflect/KDeclarationContainer
instanceKlass kotlin/jvm/internal/CallableReference
instanceKlass kotlin/reflect/KFunction
instanceKlass kotlin/reflect/KCallable
instanceKlass kotlin/reflect/KAnnotatedElement
instanceKlass kotlin/jvm/internal/FunctionBase
instanceKlass kotlin/jvm/functions/Function1
instanceKlass kotlin/Function
instanceKlass org/jetbrains/kotlin/cli/common/CompilerSystemProperties$Companion
instanceKlass kotlin/collections/AbstractList$Companion
instanceKlass kotlin/collections/AbstractCollection
instanceKlass kotlin/enums/EnumEntries
instanceKlass kotlin/jvm/internal/markers/KMappedMarker
instanceKlass kotlin/enums/EnumEntriesKt
instanceKlass org/jetbrains/kotlin/util/PerformanceCounter$Companion
instanceKlass org/jetbrains/kotlin/util/PerformanceCounter
instanceKlass sun/nio/ch/Util$BufferCache
instanceKlass sun/nio/ch/Util
instanceKlass sun/nio/ch/IOStatus
instanceKlass sun/nio/ch/NativeThread
instanceKlass java/io/ExternalChannelHolder
instanceKlass sun/nio/ch/NativeThreadSet
instanceKlass sun/nio/ch/IOUtil
instanceKlass sun/nio/ch/NativeDispatcher
instanceKlass java/nio/channels/spi/AbstractInterruptibleChannel
instanceKlass java/nio/channels/InterruptibleChannel
instanceKlass java/nio/channels/ScatteringByteChannel
instanceKlass java/nio/channels/GatheringByteChannel
instanceKlass java/nio/channels/SeekableByteChannel
instanceKlass java/nio/channels/ByteChannel
instanceKlass java/nio/channels/WritableByteChannel
instanceKlass java/nio/channels/ReadableByteChannel
instanceKlass java/nio/channels/Channel
instanceKlass sun/nio/fs/WindowsChannelFactory$2
instanceKlass sun/nio/fs/WindowsChannelFactory$Flags
instanceKlass sun/nio/fs/WindowsChannelFactory$1
instanceKlass sun/nio/fs/WindowsChannelFactory
instanceKlass sun/nio/fs/WindowsSecurityDescriptor
instanceKlass java/nio/file/attribute/FileAttribute
instanceKlass com/jetbrains/internal/IoOverNio$ParentForFileChannelImplHolder
instanceKlass sun/invoke/empty/Empty
instanceKlass sun/invoke/util/VerifyType
instanceKlass  @bci sun/nio/fs/ExtendedOptions$InternalOption registerInternal (Ljava/lang/Object;Ljava/lang/Object;)V 16 <appendix> member <vmtarget> ; # sun/nio/fs/ExtendedOptions$InternalOption$$Lambda+0x0000000800093258
instanceKlass java/lang/invoke/MethodHandles$Lookup$ClassDefiner
instanceKlass java/lang/invoke/MethodHandles$Lookup$ClassFile
instanceKlass jdk/internal/org/objectweb/asm/Handler
instanceKlass jdk/internal/org/objectweb/asm/AnnotationVisitor
instanceKlass jdk/internal/org/objectweb/asm/Attribute
instanceKlass jdk/internal/org/objectweb/asm/Label
instanceKlass jdk/internal/org/objectweb/asm/MethodVisitor
instanceKlass jdk/internal/org/objectweb/asm/FieldVisitor
instanceKlass java/lang/invoke/LambdaProxyClassArchive
instanceKlass jdk/internal/org/objectweb/asm/ByteVector
instanceKlass jdk/internal/org/objectweb/asm/Symbol
instanceKlass jdk/internal/org/objectweb/asm/SymbolTable
instanceKlass jdk/internal/org/objectweb/asm/ClassVisitor
instanceKlass java/lang/invoke/InfoFromMemberName
instanceKlass java/lang/invoke/MethodHandleInfo
instanceKlass jdk/internal/org/objectweb/asm/ConstantDynamic
instanceKlass sun/invoke/util/BytecodeDescriptor
instanceKlass jdk/internal/org/objectweb/asm/Handle
instanceKlass sun/security/action/GetBooleanAction
instanceKlass jdk/internal/org/objectweb/asm/Type
instanceKlass java/lang/invoke/AbstractValidatingLambdaMetafactory
instanceKlass java/lang/invoke/MethodHandleImpl$1
instanceKlass jdk/internal/access/JavaLangInvokeAccess
instanceKlass java/lang/invoke/Invokers$Holder
instanceKlass java/lang/invoke/BootstrapMethodInvoker
instanceKlass java/lang/invoke/InvokerBytecodeGenerator$1
instanceKlass java/lang/invoke/InvokerBytecodeGenerator
instanceKlass java/lang/invoke/LambdaForm$Holder
instanceKlass java/lang/invoke/LambdaForm$Name
instanceKlass java/lang/invoke/Invokers
instanceKlass java/lang/invoke/MethodHandleImpl
instanceKlass sun/invoke/util/ValueConversions
instanceKlass java/lang/invoke/DirectMethodHandle$Holder
instanceKlass java/lang/invoke/LambdaForm$NamedFunction
instanceKlass sun/invoke/util/Wrapper$Format
instanceKlass java/lang/invoke/MethodTypeForm
instanceKlass jdk/internal/util/StrongReferenceKey
instanceKlass jdk/internal/util/ReferenceKey
instanceKlass jdk/internal/util/ReferencedKeyMap
instanceKlass java/lang/invoke/MethodType$1
instanceKlass java/lang/invoke/LambdaMetafactory
instanceKlass sun/nio/fs/ExtendedOptions$Wrapper
instanceKlass sun/nio/fs/ExtendedOptions$InternalOption
instanceKlass sun/nio/fs/ExtendedOptions
instanceKlass java/io/IoOverNioOsSpecific
instanceKlass java/nio/file/attribute/PosixFileAttributes
instanceKlass java/nio/file/attribute/DosFileAttributeView
instanceKlass jdk/internal/jimage/ImageLocation
instanceKlass jdk/internal/jimage/decompressor/Decompressor
instanceKlass jdk/internal/jimage/ImageStringsReader
instanceKlass jdk/internal/jimage/ImageStrings
instanceKlass jdk/internal/jimage/ImageHeader
instanceKlass jdk/internal/jimage/NativeImageBuffer$1
instanceKlass jdk/internal/jimage/NativeImageBuffer
instanceKlass jdk/internal/jimage/BasicImageReader$1
instanceKlass jdk/internal/jimage/BasicImageReader
instanceKlass jdk/internal/jimage/ImageReader
instanceKlass jdk/internal/jimage/ImageReaderFactory$1
instanceKlass java/net/URI$Parser
instanceKlass java/nio/file/FileSystems$DefaultFileSystemHolder$1
instanceKlass java/nio/file/FileSystems$DefaultFileSystemHolder
instanceKlass java/nio/file/FileSystems
instanceKlass java/nio/file/Paths
instanceKlass jdk/internal/jimage/ImageReaderFactory
instanceKlass jdk/internal/module/SystemModuleFinders$SystemImage
instanceKlass jdk/internal/module/SystemModuleFinders$SystemModuleReader
instanceKlass java/lang/module/ModuleReader
instanceKlass jdk/internal/loader/BuiltinClassLoader$5
instanceKlass jdk/internal/loader/BuiltinClassLoader$2
instanceKlass jdk/internal/module/Resources
instanceKlass kotlin/jvm/internal/Intrinsics
instanceKlass java/util/TreeMap$PrivateEntryIterator
instanceKlass java/util/TreeMap$Entry
instanceKlass java/util/NavigableMap
instanceKlass java/util/SortedMap
instanceKlass java/util/NavigableSet
instanceKlass java/util/SortedSet
instanceKlass java/util/SequencedSet
instanceKlass org/jetbrains/kotlin/cli/jvm/K2JVMCompiler$Companion
instanceKlass org/jetbrains/kotlin/cli/common/CLICompiler$Companion
instanceKlass org/jetbrains/kotlin/cli/common/CLITool$Companion
instanceKlass java/lang/Void
instanceKlass java/lang/PublicMethods$Key
instanceKlass java/lang/PublicMethods$MethodList
instanceKlass org/jetbrains/kotlin/utils/KotlinPaths
instanceKlass org/jetbrains/kotlin/com/intellij/openapi/Disposable
instanceKlass org/jetbrains/kotlin/config/CompilerConfiguration
instanceKlass org/jetbrains/kotlin/cli/common/CommonCompilerPerformanceManager
instanceKlass org/jetbrains/kotlin/config/Services
instanceKlass org/jetbrains/kotlin/cli/common/arguments/Freezable
instanceKlass org/jetbrains/kotlin/utils/exceptions/KotlinExceptionWithAttachments
instanceKlass org/jetbrains/kotlin/com/intellij/openapi/diagnostic/ExceptionWithAttachments
instanceKlass org/jetbrains/kotlin/com/intellij/openapi/diagnostic/ControlFlowException
instanceKlass jdk/internal/misc/PreviewFeatures
instanceKlass jdk/internal/misc/MainMethodFinder
instanceKlass org/jetbrains/kotlin/cli/common/CLITool
instanceKlass java/security/SecureClassLoader$DebugHolder
instanceKlass java/security/Permission
instanceKlass java/security/Guard
instanceKlass java/security/PermissionCollection
instanceKlass java/security/SecureClassLoader$1
instanceKlass java/util/zip/Checksum$1
instanceKlass java/util/zip/CRC32
instanceKlass java/util/zip/Checksum
instanceKlass sun/nio/ByteBuffered
instanceKlass java/lang/Package$VersionInfo
instanceKlass java/lang/NamedPackage
instanceKlass java/lang/reflect/Array
instanceKlass java/util/jar/Attributes$Name
instanceKlass java/util/SequencedMap
instanceKlass java/util/jar/Attributes
instanceKlass jdk/internal/loader/Resource
instanceKlass sun/security/action/GetIntegerAction
instanceKlass sun/security/util/Debug
instanceKlass sun/security/util/SignatureFileVerifier
instanceKlass java/util/zip/ZipFile$InflaterCleanupAction
instanceKlass java/util/zip/Inflater$InflaterZStreamRef
instanceKlass java/util/zip/Inflater
instanceKlass java/util/zip/ZipEntry
instanceKlass java/util/zip/ZipFile$2
instanceKlass java/nio/Bits$1
instanceKlass jdk/internal/misc/VM$BufferPool
instanceKlass java/nio/Bits
instanceKlass sun/nio/ch/DirectBuffer
instanceKlass jdk/internal/perf/PerfCounter$CoreCounters
instanceKlass jdk/internal/perf/Perf
instanceKlass jdk/internal/perf/Perf$GetPerfAction
instanceKlass jdk/internal/perf/PerfCounter
instanceKlass sun/util/locale/LocaleUtils
instanceKlass sun/util/locale/BaseLocale
instanceKlass java/util/Locale
instanceKlass java/nio/file/attribute/FileTime
instanceKlass java/util/zip/ZipUtils
instanceKlass java/util/zip/ZipFile$Source$End
instanceKlass java/util/zip/ZipFile$Source$RandomAccessFileAccessor
instanceKlass java/util/zip/ZipFile$Source$FileAccessor
instanceKlass com/jetbrains/internal/IoOverNio$RecursionGuard
instanceKlass java/io/RandomAccessFile$2
instanceKlass jdk/internal/access/JavaIORandomAccessFileAccess
instanceKlass java/io/RandomAccessFile
instanceKlass java/io/DataInput
instanceKlass java/io/DataOutput
instanceKlass sun/nio/fs/WindowsNativeDispatcher$CompletionStatus
instanceKlass sun/nio/fs/WindowsNativeDispatcher$AclInformation
instanceKlass sun/nio/fs/WindowsNativeDispatcher$Account
instanceKlass sun/nio/fs/WindowsNativeDispatcher$DiskFreeSpace
instanceKlass sun/nio/fs/WindowsNativeDispatcher$VolumeInformation
instanceKlass sun/nio/fs/WindowsNativeDispatcher$FirstStream
instanceKlass sun/nio/fs/WindowsNativeDispatcher$FirstFile
instanceKlass java/util/concurrent/ConcurrentHashMap$Traverser
instanceKlass java/util/Enumeration
instanceKlass jdk/internal/loader/NativeLibraries$3
instanceKlass jdk/internal/loader/NativeLibrary
instanceKlass java/util/ArrayDeque$DeqIterator
instanceKlass jdk/internal/loader/NativeLibraries$NativeLibraryContext$1
instanceKlass jdk/internal/loader/NativeLibraries$NativeLibraryContext
instanceKlass jdk/internal/loader/NativeLibraries$2
instanceKlass jdk/internal/loader/NativeLibraries$1
instanceKlass jdk/internal/loader/NativeLibraries$LibraryPaths
instanceKlass sun/nio/fs/WindowsNativeDispatcher
instanceKlass sun/nio/fs/NativeBuffer$Deallocator
instanceKlass sun/nio/fs/NativeBuffer
instanceKlass sun/nio/fs/NativeBuffers
instanceKlass sun/nio/fs/WindowsFileAttributes
instanceKlass java/nio/file/attribute/DosFileAttributes
instanceKlass sun/nio/fs/AbstractBasicFileAttributeView
instanceKlass sun/nio/fs/DynamicFileAttributeView
instanceKlass sun/nio/fs/WindowsFileAttributeViews
instanceKlass sun/nio/fs/Util
instanceKlass java/nio/file/attribute/BasicFileAttributeView
instanceKlass java/nio/file/attribute/FileAttributeView
instanceKlass java/nio/file/attribute/AttributeView
instanceKlass java/nio/file/Files
instanceKlass java/nio/file/CopyOption
instanceKlass java/nio/file/attribute/BasicFileAttributes
instanceKlass sun/nio/fs/WindowsPath
instanceKlass java/nio/file/Path
instanceKlass java/nio/file/Watchable
instanceKlass java/util/zip/ZipFile$Source$Key
instanceKlass sun/nio/fs/WindowsPathParser$Result
instanceKlass sun/nio/fs/WindowsPathParser
instanceKlass java/nio/file/FileSystem
instanceKlass java/nio/file/OpenOption
instanceKlass java/nio/file/spi/FileSystemProvider
instanceKlass sun/nio/fs/DefaultFileSystemProvider
instanceKlass java/util/zip/ZipFile$Source
instanceKlass java/util/zip/ZipCoder
instanceKlass java/util/zip/ZipFile$CleanableResource
instanceKlass java/lang/Runtime$Version
instanceKlass java/util/jar/JavaUtilJarAccessImpl
instanceKlass jdk/internal/access/JavaUtilJarAccess
instanceKlass jdk/internal/loader/FileURLMapper
instanceKlass jdk/internal/loader/URLClassPath$JarLoader$1
instanceKlass java/util/zip/ZipFile$1
instanceKlass jdk/internal/access/JavaUtilZipFileAccess
instanceKlass java/util/zip/ZipFile
instanceKlass java/util/zip/ZipConstants
instanceKlass jdk/internal/loader/URLClassPath$Loader
instanceKlass jdk/internal/loader/URLClassPath$3
instanceKlass java/security/PrivilegedExceptionAction
instanceKlass sun/net/util/URLUtil
instanceKlass com/jetbrains/internal/IoOverNio$ThreadLocalCloseable
instanceKlass java/lang/ThreadLocal$ThreadLocalMap
instanceKlass java/lang/StringCoding
instanceKlass java/nio/charset/CharsetDecoder
instanceKlass sun/nio/cs/ArrayDecoder
instanceKlass sun/launcher/LauncherHelper
instanceKlass java/lang/invoke/StringConcatFactory
instanceKlass java/lang/ModuleLayer$Controller
instanceKlass java/util/concurrent/CopyOnWriteArrayList
instanceKlass jdk/internal/module/ServicesCatalog$ServiceProvider
instanceKlass jdk/internal/loader/AbstractClassLoaderValue$Memoizer
instanceKlass java/util/ImmutableCollections$ListItr
instanceKlass java/util/ListIterator
instanceKlass java/lang/ModuleLayer
instanceKlass jdk/internal/module/ModuleLoaderMap$Modules
instanceKlass jdk/internal/module/ModuleLoaderMap$Mapper
instanceKlass jdk/internal/module/ModuleLoaderMap
instanceKlass java/util/AbstractMap$1$1
instanceKlass java/lang/module/ResolvedModule
instanceKlass java/lang/module/Configuration
instanceKlass jdk/internal/loader/BuiltinClassLoader$LoadedModule
instanceKlass jdk/internal/loader/AbstractClassLoaderValue
instanceKlass jdk/internal/module/ServicesCatalog
instanceKlass java/util/Deque
instanceKlass java/util/Queue
instanceKlass sun/net/util/IPAddressUtil$MASKS
instanceKlass sun/net/util/IPAddressUtil
instanceKlass java/net/URLStreamHandler
instanceKlass sun/net/www/ParseUtil
instanceKlass java/net/URL$3
instanceKlass jdk/internal/access/JavaNetURLAccess
instanceKlass java/net/URL$DefaultFactory
instanceKlass java/net/URLStreamHandlerFactory
instanceKlass jdk/internal/loader/URLClassPath
instanceKlass java/lang/ClassLoader$ParallelLoaders
instanceKlass java/security/cert/Certificate
instanceKlass jdk/internal/loader/ArchivedClassLoaders
instanceKlass java/util/concurrent/ConcurrentHashMap$CollectionView
instanceKlass jdk/internal/loader/ClassLoaderHelper
instanceKlass jdk/internal/loader/NativeLibraries
instanceKlass java/lang/Module$EnableNativeAccess
instanceKlass jdk/internal/loader/BootLoader
instanceKlass java/util/Optional
instanceKlass jdk/internal/module/SystemModuleFinders$SystemModuleFinder
instanceKlass java/lang/module/ModuleFinder
instanceKlass jdk/internal/module/SystemModuleFinders$3
instanceKlass jdk/internal/module/ModuleHashes$HashSupplier
instanceKlass jdk/internal/module/SystemModuleFinders$2
instanceKlass java/util/function/Supplier
instanceKlass java/lang/module/ModuleReference
instanceKlass jdk/internal/module/ModuleResolution
instanceKlass java/util/Collections$UnmodifiableMap
instanceKlass jdk/internal/module/ModuleHashes$Builder
instanceKlass jdk/internal/module/ModuleHashes
instanceKlass jdk/internal/module/ModuleTarget
instanceKlass java/util/ImmutableCollections$Set12$1
instanceKlass java/lang/reflect/AccessFlag$18
instanceKlass java/lang/reflect/AccessFlag$17
instanceKlass java/lang/reflect/AccessFlag$16
instanceKlass java/lang/reflect/AccessFlag$15
instanceKlass java/lang/reflect/AccessFlag$14
instanceKlass java/lang/reflect/AccessFlag$13
instanceKlass java/lang/reflect/AccessFlag$12
instanceKlass java/lang/reflect/AccessFlag$11
instanceKlass java/lang/reflect/AccessFlag$10
instanceKlass java/lang/reflect/AccessFlag$9
instanceKlass java/lang/reflect/AccessFlag$8
instanceKlass java/lang/reflect/AccessFlag$7
instanceKlass java/lang/reflect/AccessFlag$6
instanceKlass java/lang/reflect/AccessFlag$5
instanceKlass java/lang/reflect/AccessFlag$4
instanceKlass java/lang/reflect/AccessFlag$3
instanceKlass java/lang/reflect/AccessFlag$2
instanceKlass java/lang/reflect/AccessFlag$1
instanceKlass java/lang/module/ModuleDescriptor$Version
instanceKlass java/lang/module/ModuleDescriptor$Provides
instanceKlass java/lang/module/ModuleDescriptor$Opens
instanceKlass java/util/ImmutableCollections$SetN$SetNIterator
instanceKlass java/lang/module/ModuleDescriptor$Exports
instanceKlass java/lang/module/ModuleDescriptor$Requires
instanceKlass jdk/internal/module/Builder
instanceKlass jdk/internal/module/SystemModules$default
instanceKlass jdk/internal/module/SystemModules
instanceKlass jdk/internal/module/SystemModulesMap
instanceKlass java/net/URI$1
instanceKlass jdk/internal/access/JavaNetUriAccess
instanceKlass java/net/URI
instanceKlass jdk/internal/module/SystemModuleFinders
instanceKlass jdk/internal/module/ArchivedModuleGraph
instanceKlass jdk/internal/module/ArchivedBootLayer
instanceKlass jdk/internal/module/ModuleBootstrap$Counters
instanceKlass jdk/internal/module/ModulePatcher
instanceKlass java/io/DefaultFileSystem
instanceKlass java/io/FileSystem
instanceKlass java/lang/ThreadLocal
instanceKlass com/jetbrains/internal/IoOverNio
instanceKlass java/io/File
instanceKlass java/lang/module/ModuleDescriptor$1
instanceKlass jdk/internal/access/JavaLangModuleAccess
instanceKlass sun/invoke/util/VerifyAccess
instanceKlass java/util/KeyValueHolder
instanceKlass java/util/ImmutableCollections$MapN$MapNIterator
instanceKlass java/lang/StrictMath
instanceKlass java/lang/invoke/MethodHandles$Lookup
instanceKlass java/lang/invoke/MemberName$Factory
instanceKlass java/lang/invoke/MethodHandles
instanceKlass java/lang/module/ModuleDescriptor
instanceKlass jdk/internal/module/ModuleBootstrap
instanceKlass java/lang/Character$CharacterCache
instanceKlass java/util/HexFormat
instanceKlass jdk/internal/util/ClassFileDumper
instanceKlass java/lang/invoke/MethodHandleStatics
instanceKlass java/util/Collections
instanceKlass jdk/internal/misc/Blocker
instanceKlass sun/io/Win32ErrorMode
instanceKlass jdk/internal/misc/OSEnvironment
instanceKlass java/lang/Integer$IntegerCache
instanceKlass jdk/internal/misc/Signal$NativeHandler
instanceKlass java/util/Hashtable$Entry
instanceKlass jdk/internal/misc/Signal
instanceKlass java/lang/Terminator$1
instanceKlass jdk/internal/misc/Signal$Handler
instanceKlass java/lang/Terminator
instanceKlass java/nio/ByteOrder
instanceKlass java/nio/Buffer$2
instanceKlass jdk/internal/access/JavaNioAccess
instanceKlass java/nio/Buffer$1
instanceKlass jdk/internal/misc/ScopedMemoryAccess
instanceKlass java/nio/charset/CodingErrorAction
instanceKlass sun/nio/cs/SingleByte
instanceKlass java/lang/StringUTF16
instanceKlass sun/nio/cs/MS1252$Holder
instanceKlass java/nio/charset/CharsetEncoder
instanceKlass sun/nio/cs/ArrayEncoder
instanceKlass java/io/Writer
instanceKlass java/io/PrintStream$1
instanceKlass jdk/internal/access/JavaIOPrintStreamAccess
instanceKlass java/util/concurrent/ForkJoinPool$ManagedBlocker
instanceKlass java/util/concurrent/locks/AbstractQueuedSynchronizer$Node
instanceKlass jdk/internal/misc/InternalLock
instanceKlass java/io/OutputStream
instanceKlass java/io/Flushable
instanceKlass java/lang/Thread$ThreadIdentifiers
instanceKlass java/security/Principal
instanceKlass java/security/ProtectionDomain$Key
instanceKlass java/security/ProtectionDomain$JavaSecurityAccessImpl
instanceKlass jdk/internal/access/JavaSecurityAccess
instanceKlass sun/security/action/GetPropertyAction
instanceKlass java/util/concurrent/locks/AbstractQueuedSynchronizer$ConditionObject
instanceKlass java/util/concurrent/locks/Condition
instanceKlass jdk/internal/ref/CleanerImpl
instanceKlass java/lang/ref/Cleaner$1
instanceKlass java/lang/ref/Cleaner
instanceKlass jdk/internal/ref/CleanerFactory$1
instanceKlass java/util/concurrent/ThreadFactory
instanceKlass jdk/internal/ref/CleanerFactory
instanceKlass java/lang/ref/Cleaner$Cleanable
instanceKlass java/io/FileDescriptor$1
instanceKlass jdk/internal/access/JavaIOFileDescriptorAccess
instanceKlass java/io/FileDescriptor
instanceKlass jdk/internal/util/StaticProperty
instanceKlass jdk/internal/reflect/MethodHandleAccessorFactory
instanceKlass java/lang/reflect/Modifier
instanceKlass java/lang/Class$1
instanceKlass java/lang/Class$Atomic
instanceKlass java/lang/Class$ReflectionData
instanceKlass java/nio/charset/StandardCharsets
instanceKlass sun/nio/cs/HistoricallyNamedCharset
instanceKlass java/nio/charset/spi/CharsetProvider
instanceKlass java/nio/charset/Charset
instanceKlass java/util/HashMap$HashIterator
instanceKlass java/util/concurrent/locks/LockSupport
instanceKlass java/util/concurrent/ConcurrentHashMap$Node
instanceKlass java/util/concurrent/ConcurrentHashMap$CounterCell
instanceKlass java/util/concurrent/locks/ReentrantLock
instanceKlass java/util/concurrent/locks/Lock
instanceKlass java/lang/CharacterData
instanceKlass java/util/Arrays
instanceKlass jdk/internal/util/Preconditions$3
instanceKlass jdk/internal/util/Preconditions$2
instanceKlass jdk/internal/util/Preconditions$4
instanceKlass java/util/function/BiFunction
instanceKlass jdk/internal/util/Preconditions$1
instanceKlass java/util/function/Function
instanceKlass jdk/internal/util/Preconditions
instanceKlass java/lang/Runtime
instanceKlass java/lang/VersionProps
instanceKlass java/lang/StringConcatHelper
instanceKlass java/util/HashMap$Node
instanceKlass java/util/Map$Entry
instanceKlass jdk/internal/util/ArraysSupport
instanceKlass jdk/internal/util/SystemProps$Raw
instanceKlass jdk/internal/util/SystemProps
instanceKlass java/lang/System$2
instanceKlass jdk/internal/access/JavaLangAccess
instanceKlass java/lang/ref/NativeReferenceQueue$Lock
instanceKlass java/lang/ref/ReferenceQueue
instanceKlass java/lang/ref/Reference$1
instanceKlass jdk/internal/access/JavaLangRefAccess
instanceKlass jdk/internal/reflect/ReflectionFactory
instanceKlass java/lang/Math
instanceKlass java/lang/StringLatin1
instanceKlass jdk/internal/reflect/Reflection
instanceKlass jdk/internal/reflect/ReflectionFactory$GetReflectionFactoryAction
instanceKlass java/security/PrivilegedAction
instanceKlass jdk/internal/access/SharedSecrets
instanceKlass java/lang/reflect/ReflectAccess
instanceKlass jdk/internal/access/JavaLangReflectAccess
instanceKlass java/util/ImmutableCollections
instanceKlass java/util/Objects
instanceKlass java/util/Set
instanceKlass jdk/internal/misc/CDS
instanceKlass java/lang/Module$ArchivedData
instanceKlass jdk/internal/misc/VM
instanceKlass java/lang/String$CaseInsensitiveComparator
instanceKlass java/util/Comparator
instanceKlass java/io/ObjectStreamField
instanceKlass jdk/internal/vm/FillerObject
instanceKlass jdk/internal/vm/vector/VectorSupport$VectorPayload
instanceKlass jdk/internal/vm/vector/VectorSupport
instanceKlass java/lang/reflect/RecordComponent
instanceKlass java/util/Iterator
instanceKlass java/lang/Number
instanceKlass java/lang/Character
instanceKlass java/lang/Boolean
instanceKlass java/util/concurrent/locks/AbstractOwnableSynchronizer
instanceKlass java/lang/LiveStackFrame
instanceKlass java/lang/StackFrameInfo
instanceKlass java/lang/StackWalker$StackFrame
instanceKlass java/lang/StackStreamFactory$AbstractStackWalker
instanceKlass java/lang/StackWalker
instanceKlass java/nio/Buffer
instanceKlass java/lang/StackTraceElement
instanceKlass java/util/AbstractCollection
instanceKlass java/util/RandomAccess
instanceKlass java/util/List
instanceKlass java/util/SequencedCollection
instanceKlass java/util/Collection
instanceKlass java/lang/Iterable
instanceKlass java/util/AbstractMap
instanceKlass java/util/concurrent/ConcurrentMap
instanceKlass java/security/CodeSource
instanceKlass jdk/internal/loader/ClassLoaders
instanceKlass java/util/jar/Manifest
instanceKlass java/lang/Enum
instanceKlass java/net/URL
instanceKlass java/io/InputStream
instanceKlass java/io/Closeable
instanceKlass java/lang/AutoCloseable
instanceKlass jdk/internal/module/Modules
instanceKlass jdk/internal/misc/Unsafe
instanceKlass jdk/internal/misc/UnsafeConstants
instanceKlass java/lang/AbstractStringBuilder
instanceKlass java/lang/Appendable
instanceKlass java/lang/AssertionStatusDirectives
instanceKlass jdk/internal/foreign/abi/ABIDescriptor
instanceKlass jdk/internal/foreign/abi/NativeEntryPoint
instanceKlass java/lang/invoke/CallSite
instanceKlass java/lang/invoke/MethodType
instanceKlass java/lang/invoke/TypeDescriptor$OfMethod
instanceKlass java/lang/invoke/LambdaForm
instanceKlass java/lang/invoke/MethodHandleNatives
instanceKlass java/lang/invoke/ResolvedMethodName
instanceKlass java/lang/invoke/MemberName
instanceKlass java/lang/invoke/VarHandle
instanceKlass java/lang/invoke/MethodHandle
instanceKlass jdk/internal/reflect/CallerSensitive
instanceKlass java/lang/annotation/Annotation
instanceKlass jdk/internal/reflect/FieldAccessor
instanceKlass jdk/internal/reflect/ConstantPool
instanceKlass jdk/internal/reflect/ConstructorAccessor
instanceKlass jdk/internal/reflect/MethodAccessor
instanceKlass jdk/internal/reflect/MagicAccessorImpl
instanceKlass jdk/internal/vm/StackChunk
instanceKlass jdk/internal/vm/Continuation
instanceKlass jdk/internal/vm/ContinuationScope
instanceKlass java/lang/reflect/Parameter
instanceKlass java/lang/reflect/Member
instanceKlass java/lang/reflect/AccessibleObject
instanceKlass java/lang/Module
instanceKlass java/util/Dictionary
instanceKlass java/util/Map
instanceKlass java/lang/ThreadGroup
instanceKlass java/lang/Thread$UncaughtExceptionHandler
instanceKlass java/lang/Thread$Constants
instanceKlass java/lang/Thread$FieldHolder
instanceKlass java/lang/Thread
instanceKlass java/lang/Runnable
instanceKlass java/lang/ref/Reference
instanceKlass java/lang/Record
instanceKlass java/security/AccessController
instanceKlass java/security/AccessControlContext
instanceKlass java/security/ProtectionDomain
instanceKlass java/lang/SecurityManager
instanceKlass java/lang/Throwable
instanceKlass java/lang/System
instanceKlass java/lang/ClassLoader
instanceKlass java/lang/Cloneable
instanceKlass java/lang/Class
instanceKlass java/lang/invoke/TypeDescriptor$OfField
instanceKlass java/lang/invoke/TypeDescriptor
instanceKlass java/lang/reflect/Type
instanceKlass java/lang/reflect/GenericDeclaration
instanceKlass java/lang/reflect/AnnotatedElement
instanceKlass java/lang/String
instanceKlass java/lang/constant/ConstantDesc
instanceKlass java/lang/constant/Constable
instanceKlass java/lang/CharSequence
instanceKlass java/lang/Comparable
instanceKlass java/io/Serializable
ciInstanceKlass java/lang/Object 1 1 124 7 1 10 12 1 1 10 7 12 1 1 1 10 7 12 1 1 1 10 12 1 1 8 1 10 12 1 1 10 7 12 1 1 1 10 12 1 10 12 1 1 10 7 12 1 1 1 10 12 1 10 12 1 7 1 10 100 12 1 1 1 10 12 1 1 10 12 1 100 1 8 1 10 12 1 3 8 1 100 1 5 0 1 1 1 1 1 1 1 1 1 1 1 1 1 1 1 1 100 1 1 1 1 1 1 1 1 1 1 100 1 1 1 1 1 1 1 1 1 1 3 1 1
ciInstanceKlass java/io/Serializable 1 0 7 100 1 100 1 1 1
ciInstanceKlass java/lang/Comparable 1 1 12 100 1 100 1 1 1 1 1 1 1 1
ciInstanceKlass java/lang/CharSequence 1 1 131 11 100 12 1 1 1 18 12 1 1 100 1 10 100 12 1 1 1 18 10 100 12 1 1 1 11 12 1 1 11 100 1 11 12 1 1 10 100 12 1 1 1 11 12 1 1 100 1 10 12 1 1 10 100 12 1 1 1 100 1 10 10 12 1 1 100 1 1 1 1 1 1 1 1 1 1 1 1 1 1 1 1 1 1 1 1 1 1 1 1 1 1 1 1 1 1 1 1 1 16 1 15 11 12 16 15 11 12 15 10 100 12 1 1 1 1 1 100 1 100 1 1 100 1 1 100 1 100 1 1
ciInstanceKlass java/lang/constant/Constable 1 0 11 100 1 100 1 1 1 1 1 1 1
ciInstanceKlass java/lang/constant/ConstantDesc 1 0 37 100 1 100 1 1 1 1 100 1 1 1 1 100 1 100 1 100 1 100 1 100 1 100 1 100 1 100 1 100 1 1 100 1 100 1 1
ciInstanceKlass java/lang/String 1 1 1451 10 7 12 1 1 1 8 1 9 7 12 1 1 1 9 12 1 1 9 12 1 1 9 12 1 1 10 12 1 10 12 1 1 10 12 1 1 9 12 1 10 7 12 1 1 1 10 12 1 1 10 12 1 10 7 12 1 1 1 10 12 1 1 10 12 1 1 10 12 1 10 12 1 1 10 12 1 10 7 12 1 1 1 7 1 9 7 12 1 1 1 10 7 12 1 1 1 10 12 1 1 10 12 1 1 10 7 12 1 1 1 10 12 1 1 9 7 12 1 1 10 12 9 7 12 1 1 10 12 1 1 3 10 12 1 1 7 1 11 12 1 1 11 12 1 11 12 1 1 10 100 12 1 1 1 10 12 1 1 9 100 12 1 1 1 10 12 1 1 10 12 1 11 12 1 1 10 12 1 10 12 10 12 1 1 10 100 12 1 1 1 10 7 12 1 1 1 10 12 1 1 100 1 100 1 10 12 1 10 12 1 10 12 1 1 10 12 1 1 100 1 10 12 1 1 100 1 10 12 1 1 10 12 1 1 10 12 1 10 10 12 1 100 1 100 1 100 1 10 12 1 10 12 1 1 10 12 1 1 10 12 1 10 12 1 1 10 12 1 1 10 100 12 1 1 100 1 11 10 7 12 1 1 11 12 1 11 12 1 10 12 1 1 10 12 1 10 12 10 12 1 1 10 10 100 12 1 1 1 10 100 12 1 1 10 12 1 1 10 100 12 1 1 10 12 1 10 12 1 1 10 12 1 1 10 12 1 10 12 1 10 12 1 1 100 1 10 12 1 1 10 12 10 12 1 10 12 1 1 10 12 1 1 10 100 12 1 1 1 10 12 1 10 12 1 1 10 12 1 10 12 1 3 3 10 12 1 1 10 12 1 10 12 1 1 10 12 1 1 10 12 1 1 10 12 1 10 12 1 1 10 12 1 1 10 12 1 10 12 1 10 12 1 10 12 1 1 10 12 1 10 12 1 10 12 1 10 12 1 10 12 1 10 12 1 10 100 1 10 8 1 10 12 1 1 10 12 1 8 1 10 12 1 1 10 12 10 12 1 8 1 10 10 12 1 1 10 12 1 1 10 12 1 1 10 100 1 10 10 12 1 10 12 1 10 12 1 10 10 12 1 10 12 1 10 12 1 10 12 1 10 12 1 10 12 1 10 12 1 1 10 12 1 1 10 12 1 1 10 10 12 1 1 10 10 12 1 100 1 10 10 12 1 1 10 12 1 1 10 7 1 10 12 1 10 12 1 10 7 12 1 1 1 10 12 1 10 12 1 1 10 12 1 11 7 1 11 12 10 12 1 10 12 1 1 10 12 1 1 10 10 12 1 10 12 1 9 12 1 1 11 100 12 1 1 1 10 12 10 10 12 1 10 12 1 1 10 10 12 1 10 12 1 10 12 1 1 10 12 1 1 10 10 12 1 1 10 12 1 10 10 12 1 10 12 10 10 12 10 10 12 1 10 12 1 10 10 12 10 7 12 1 1 1 10 12 10 10 12 10 12 1 10 12 10 12 10 10 12 1 10 12 1 1 10 12 1 1 10 10 12 1 10 7 12 1 1 1 10 12 1 1 10 10 7 12 1 1 1 11 10 12 1 10 12 1 1 10 12 1 1 10 100 12 1 1 1 10 12 1 10 12 1 10 12 1 10 12 1 10 12 1 10 12 1 100 1 100 1 8 1 10 10 10 12 1 10 12 1 1 8 1 10 12 1 3 3 10 12 1 10 12 1 1 10 12 7 1 10 10 12 1 1 10 12 1 10 12 1 10 12 1 1 10 12 1 1 11 7 12 1 1 1 7 1 10 12 1 10 12 1 1 8 1 10 12 1 1 10 12 1 11 100 12 1 1 1 11 100 12 1 1 11 12 1 10 12 1 10 12 1 1 10 10 7 12 1 1 1 10 12 1 10 12 1 10 10 12 10 12 1 1 10 10 12 1 10 10 12 1 10 10 12 1 10 10 12 1 10 12 1 1 10 10 12 1 8 1 10 12 1 1 18 12 1 1 11 100 12 1 1 1 7 1 3 18 12 1 18 12 1 8 1 10 100 12 1 1 1 11 12 1 1 10 12 10 10 12 1 10 11 12 1 1 10 12 1 1 11 12 1 18 3 11 10 12 1 11 11 10 12 1 10 12 1 1 8 1 10 12 1 10 12 1 10 12 1 1 10 10 12 1 11 100 12 1 100 1 100 1 10 12 100 1 10 10 100 12 1 1 1 100 1 10 7 1 10 10 12 1 10 10 12 1 8 1 10 10 12 1 8 1 8 1 10 12 1 10 12 1 10 10 12 10 100 12 1 1 10 100 12 1 1 10 100 12 1 1 8 1 10 12 1 10 12 1 10 9 12 1 10 12 9 7 12 1 1 1 10 12 1 10 12 1 10 12 1 10 12 10 12 1 10 12 1 8 1 10 100 12 1 1 1 10 12 10 12 1 1 10 12 10 10 12 10 12 7 1 9 12 1 1 7 1 10 100 1 100 1 100 1 100 1 1 1 1 1 1 5 0 1 1 1 1 1 3 1 3 1 1 1 1 1 1 1 1 1 1 1 1 1 1 1 100 1 1 1 1 1 1 1 1 1 1 1 1 1 1 1 1 1 1 1 1 1 1 1 1 1 1 1 1 1 1 1 100 1 1 1 1 1 1 1 1 1 1 1 1 100 1 1 1 1 1 1 1 1 1 1 1 1 1 1 1 1 1 1 1 1 1 1 1 1 1 1 1 1 1 1 1 1 1 1 1 1 1 1 1 1 1 1 1 1 1 1 1 1 1 1 1 1 1 1 1 1 1 1 1 1 1 1 1 1 1 1 1 1 1 1 1 1 1 1 1 1 1 1 1 1 1 1 1 1 1 1 1 1 1 1 1 1 1 1 1 1 1 1 1 1 1 1 1 1 1 1 1 1 1 1 1 1 1 1 1 1 1 1 1 1 1 1 1 1 1 1 1 1 1 1 1 1 1 1 1 1 1 1 1 1 1 1 1 1 1 1 1 1 1 1 1 1 1 1 1 1 1 1 1 1 1 1 1 1 1 1 1 1 1 1 1 1 1 1 100 1 1 1 1 1 1 1 1 1 1 1 1 1 1 1 1 1 1 1 1 1 1 1 100 1 1 1 1 1 1 1 1 1 1 1 1 1 1 1 100 1 1 1 1 1 1 1 1 1 1 1 1 1 1 1 16 15 10 12 16 15 10 12 15 10 12 15 10 12 15 10 100 12 1 1 1 1 1 1 1 100 1 100 1 1 1
staticfield java/lang/String COMPACT_STRINGS Z 1
staticfield java/lang/String serialPersistentFields [Ljava/io/ObjectStreamField; 0 [Ljava/io/ObjectStreamField;
staticfield java/lang/String CASE_INSENSITIVE_ORDER Ljava/util/Comparator; java/lang/String$CaseInsensitiveComparator
ciInstanceKlass java/lang/reflect/AnnotatedElement 1 1 164 11 7 12 1 1 1 11 12 1 1 100 1 10 100 12 1 1 1 10 12 1 1 10 12 1 1 10 12 1 10 100 12 1 1 1 11 12 1 1 11 100 12 1 1 10 100 12 1 1 1 10 12 1 10 100 12 1 1 1 18 12 1 1 11 100 12 1 1 18 12 1 18 12 1 1 10 100 12 1 1 1 11 100 12 1 1 1 100 1 10 100 12 1 1 1 1 1 1 1 1 1 1 1 1 1 1 1 1 1 1 1 1 1 1 1 1 1 100 1 1 1 1 1 1 1 1 1 1 1 16 15 16 1 16 1 15 11 12 16 16 1 15 10 100 12 1 1 1 16 1 15 10 100 12 1 1 1 1 100 1 100 1 1
ciInstanceKlass java/lang/reflect/GenericDeclaration 1 0 30 100 1 100 1 100 1 1 1 1 1 1 1 1 100 1 8 1 1 12 10 1 1 1 8 1 1 1 8 1
ciInstanceKlass java/lang/reflect/Type 1 1 17 11 100 12 1 1 1 100 1 1 1 1 1 1 1 1 1
ciInstanceKlass java/lang/invoke/TypeDescriptor 1 0 17 100 1 100 1 1 1 1 1 1 100 1 100 1 1 1 1
ciInstanceKlass java/lang/invoke/TypeDescriptor$OfField 1 0 21 100 1 100 1 100 1 1 1 1 1 1 1 1 1 1 1 1 1 1 1
ciInstanceKlass java/lang/Class 1 1 1687 10 7 12 1 1 1 9 7 12 1 1 1 9 12 1 1 10 12 1 1 8 1 10 12 1 8 1 8 1 10 12 1 1 10 7 12 1 1 1 10 12 1 7 1 10 10 12 1 10 12 1 1 10 12 1 1 10 12 1 1 10 7 12 1 1 10 12 1 10 12 1 10 12 1 8 1 10 12 1 8 1 10 12 1 8 1 8 1 10 12 1 1 10 100 12 1 1 1 18 12 1 1 11 100 12 1 1 1 8 1 8 1 8 1 10 100 12 1 1 1 11 12 1 1 8 1 10 12 1 10 11 100 12 1 1 1 11 100 12 1 1 1 11 8 1 18 8 1 10 12 1 10 7 12 1 1 10 12 1 1 10 7 12 1 1 1 10 12 1 1 10 12 1 1 10 7 12 1 1 1 10 12 9 100 12 1 1 1 10 100 12 1 1 1 10 12 1 10 7 12 1 1 1 10 12 1 1 18 12 1 1 10 7 12 1 1 1 10 7 12 1 10 12 1 1 10 7 1 100 1 10 12 1 1 9 12 1 1 7 1 8 1 10 12 1 10 12 1 1 10 12 1 1 10 7 12 1 1 1 7 1 10 12 1 7 1 7 1 10 10 12 1 1 10 12 1 1 100 1 10 100 12 1 1 1 10 12 1 1 10 12 1 1 9 12 1 1 10 12 1 10 12 1 1 9 12 1 1 9 12 1 1 10 12 1 1 10 7 1 10 12 1 10 12 1 10 12 1 1 10 9 12 1 10 12 1 8 1 10 12 1 1 10 12 1 1 10 12 1 10 12 1 1 10 12 1 1 10 12 1 1 9 7 12 1 1 1 10 7 12 1 1 10 12 10 12 1 10 12 1 10 12 1 10 12 1 9 100 12 1 1 1 9 12 1 10 12 1 10 100 12 1 1 1 10 12 1 1 10 100 12 1 1 10 12 1 10 12 1 1 10 100 12 1 1 1 10 12 1 10 12 1 1 10 12 1 10 12 1 10 12 1 1 10 7 1 10 10 10 12 1 1 10 12 1 1 10 12 10 10 12 1 1 100 1 8 1 10 10 12 1 1 10 12 1 100 1 11 12 1 10 100 12 1 1 10 12 1 10 12 1 10 100 12 1 1 10 10 12 1 1 8 1 10 12 1 10 12 1 1 8 1 10 12 1 9 12 1 10 12 1 10 12 1 10 12 1 10 12 100 1 9 12 1 10 12 1 9 12 1 10 12 1 10 12 1 10 12 1 10 10 12 1 10 12 1 10 7 12 1 1 10 12 1 10 12 1 10 12 1 1 10 12 1 10 12 1 10 12 1 100 1 10 12 1 10 12 1 1 10 12 1 1 10 12 1 1 10 12 1 1 10 12 1 1 10 12 1 1 7 1 10 10 12 1 1 10 12 1 1 10 12 1 1 10 10 12 1 10 12 1 1 10 12 1 1 10 12 1 1 10 12 1 1 7 1 10 10 12 11 100 12 1 1 10 12 1 10 12 1 10 100 12 1 1 1 10 12 1 1 10 10 12 1 1 100 1 10 10 12 1 1 10 100 12 1 1 1 100 1 7 1 10 12 1 1 10 12 1 10 10 12 1 1 10 12 1 10 12 1 10 12 1 10 100 12 1 1 1 11 7 12 1 1 10 12 1 10 12 1 9 12 1 10 12 1 1 10 12 1 9 100 12 1 1 1 9 12 1 10 100 12 1 1 1 10 12 1 10 12 1 10 100 12 1 1 1 10 12 1 10 12 10 12 1 1 100 1 10 8 1 10 12 1 11 11 12 1 1 11 7 12 1 1 11 12 1 8 1 10 12 1 10 12 1 1 9 12 1 9 12 1 1 10 7 12 1 1 9 12 1 10 12 1 1 10 10 12 1 10 7 12 1 1 1 10 100 12 1 1 10 100 12 1 1 9 12 1 1 10 12 1 9 12 1 10 12 1 10 12 1 1 9 12 1 1 9 12 1 10 12 1 10 12 1 1 9 12 1 7 1 10 10 12 1 1 7 1 10 12 1 1 7 11 7 1 9 12 1 1 9 12 1 100 1 10 12 1 9 12 1 1 9 12 1 10 12 1 10 12 1 1 9 12 1 7 1 10 10 12 1 1 10 10 12 1 10 12 10 10 12 1 9 12 1 10 12 1 1 10 7 12 1 1 1 10 12 1 1 10 12 1 8 10 7 8 1 18 8 1 8 1 10 12 1 9 12 1 9 12 1 1 10 12 1 7 1 7 1 10 12 1 9 12 1 1 7 1 10 10 12 1 10 7 1 9 12 1 8 1 10 12 1 7 1 10 12 1 10 12 1 1 100 1 100 1 9 12 1 100 1 8 1 10 10 7 12 1 1 1 10 12 11 7 12 1 1 1 10 12 1 10 12 1 1 10 8 1 8 1 10 12 1 1 9 7 12 1 1 11 12 7 1 11 7 12 1 1 9 12 1 10 100 12 1 1 1 10 7 12 1 1 10 12 1 1 9 12 1 9 10 12 1 1 10 12 1 1 10 12 1 1 10 12 1 1 10 12 1 1 11 12 1 7 1 11 12 1 10 7 12 1 1 1 10 12 1 11 12 1 10 100 12 1 1 1 10 12 1 10 100 12 1 1 1 11 12 1 11 12 1 1 10 12 1 10 12 1 1 9 12 1 1 9 100 12 1 1 10 12 1 10 100 12 1 1 1 10 12 1 1 10 12 1 10 12 1 10 12 1 10 7 12 1 1 1 10 12 1 8 1 10 12 1 10 12 1 10 12 1 100 1 10 12 10 100 12 1 1 1 11 100 12 1 1 1 10 12 1 1 10 12 1 18 12 1 1 11 12 1 1 18 11 12 1 18 12 1 11 12 1 10 12 1 1 10 12 1 10 12 1 10 12 1 10 12 1 10 12 10 12 1 8 1 10 12 1 7 1 9 12 1 1 100 1 100 1 100 1 100 1 1 1 3 1 3 1 3 1 1 1 1 1 1 1 5 0 1 1 1 1 1 1 1 1 1 1 1 1 1 1 1 1 1 1 1 1 1 1 1 1 100 1 1 1 1 1 1 1 100 1 1 1 1 1 7 1 1 1 1 1 1 1 1 1 1 1 1 1 1 1 1 1 1 1 1 1 1 1 1 1 1 1 1 1 1 1 1 1 1 1 1 1 1 1 1 1 1 100 1 1 1 1 1 1 1 1 1 1 1 1 1 1 1 1 1 1 1 1 1 1 1 1 1 1 1 1 1 1 1 100 1 1 1 1 1 1 1 1 1 1 1 1 1 1 1 1 1 1 1 1 3 1 1 1 1 1 1 1 1 1 1 1 1 1 1 1 1 1 1 1 1 1 1 1 1 1 1 1 1 1 1 1 1 1 1 1 100 1 100 1 1 1 1 1 1 1 100 1 1 1 1 1 1 1 1 1 1 1 1 1 1 1 1 1 1 1 1 1 1 1 1 1 1 1 1 1 1 1 1 1 1 1 1 1 1 1 1 1 1 1 1 1 1 1 1 1 1 1 1 1 1 1 1 1 1 1 1 1 1 1 1 1 1 1 1 1 1 1 1 1 1 1 1 1 1 1 1 1 1 1 1 1 1 1 1 1 1 1 1 1 1 1 1 1 1 1 1 1 1 1 1 1 1 1 1 1 1 1 1 1 1 1 1 1 1 1 1 1 1 1 1 16 15 10 12 16 15 11 12 16 1 16 15 16 15 10 12 16 16 15 10 12 16 15 16 1 15 10 12 16 15 10 100 12 1 1 1 1 1 1 1 1 1 1 1 1 1 100 1 1 100 1 100 1 1 100 1 100 1 1 100 1 100 1 1
staticfield java/lang/Class EMPTY_CLASS_ARRAY [Ljava/lang/Class; 0 [Ljava/lang/Class;
staticfield java/lang/Class serialPersistentFields [Ljava/io/ObjectStreamField; 0 [Ljava/io/ObjectStreamField;
ciInstanceKlass java/lang/Cloneable 1 0 7 100 1 100 1 1 1
instanceKlass jdk/internal/reflect/DelegatingClassLoader
instanceKlass java/security/SecureClassLoader
ciInstanceKlass java/lang/ClassLoader 1 1 1108 9 7 12 1 1 1 10 7 12 1 1 1 9 12 1 1 10 7 12 1 1 1 7 1 10 12 1 1 10 12 1 1 9 12 1 1 10 12 1 1 100 1 10 12 1 10 12 1 1 10 7 12 1 1 1 100 1 8 1 10 12 1 10 7 12 1 1 1 10 100 12 1 10 7 1 10 7 1 7 1 7 1 10 12 1 10 12 1 9 12 1 1 10 10 7 12 1 1 1 9 12 1 1 9 12 1 9 12 1 1 9 12 1 9 12 1 1 9 12 1 1 7 1 10 12 1 9 12 1 1 10 12 1 1 10 7 12 1 1 1 9 12 1 9 12 1 1 9 12 1 10 12 1 1 9 12 10 12 1 1 7 1 10 8 1 10 12 1 1 10 12 1 10 7 1 7 1 10 12 1 1 10 7 12 1 1 1 8 1 10 12 1 10 12 1 10 12 1 1 10 12 1 1 10 12 1 1 10 12 1 1 10 12 1 1 10 12 1 7 1 10 12 1 10 7 12 1 1 1 10 12 1 1 10 12 1 10 12 1 10 12 1 10 12 1 10 12 1 1 10 10 12 1 10 12 1 10 100 12 1 1 10 12 1 1 10 12 1 1 10 12 1 100 1 10 12 1 100 1 10 12 1 10 100 12 1 1 1 10 10 12 1 1 10 12 1 1 100 1 8 1 10 8 1 10 12 1 10 12 1 100 1 8 1 10 12 1 1 10 12 1 1 10 10 12 1 1 10 12 1 1 10 12 1 1 10 7 1 10 12 1 1 10 12 1 1 10 12 1 1 10 12 1 1 10 12 1 1 10 12 1 1 10 12 1 10 7 12 1 1 1 10 12 1 10 12 1 10 12 1 1 10 12 1 10 12 1 10 12 1 10 12 1 1 10 12 1 10 12 1 1 8 1 9 12 1 10 12 1 1 8 1 8 1 10 7 12 1 1 100 1 10 10 12 10 12 1 10 12 1 10 12 1 10 12 1 1 10 7 12 1 1 10 12 1 10 7 1 7 1 10 12 1 1 10 12 1 10 7 1 10 12 1 100 1 18 12 1 10 100 12 1 1 1 10 100 12 1 1 1 10 7 12 1 1 10 12 1 10 12 1 100 1 10 12 1 8 1 10 10 12 1 1 10 12 1 10 12 1 1 100 1 10 12 1 10 12 1 1 10 7 12 1 1 10 12 1 8 1 100 1 10 10 12 1 9 12 1 10 7 12 1 1 10 12 1 100 1 8 1 10 12 1 10 8 1 8 1 10 12 1 1 10 12 1 1 10 12 1 1 10 100 12 1 1 100 1 100 1 10 12 1 1 100 1 100 1 10 100 12 1 1 10 12 1 10 12 1 1 10 12 1 10 12 1 1 10 12 1 1 9 100 12 1 1 1 10 12 1 1 10 12 1 10 12 1 10 12 1 1 10 12 1 8 1 7 1 18 12 1 1 10 12 1 1 10 12 1 10 12 1 10 12 1 8 1 10 12 1 10 12 1 18 12 1 11 100 12 1 1 1 100 1 10 12 1 1 10 12 1 10 11 12 1 1 10 18 10 12 1 1 11 100 12 1 18 12 1 11 12 1 1 10 12 10 12 1 1 10 12 1 1 100 1 8 1 10 10 12 1 8 1 8 1 10 100 12 1 1 10 12 1 100 1 10 10 12 1 8 1 8 1 8 1 10 12 1 10 12 1 1 10 12 1 10 100 12 1 1 1 11 100 12 1 1 100 1 10 11 10 12 1 10 12 1 10 12 1 1 9 100 12 1 1 9 12 1 1 9 12 9 12 1 9 12 1 9 12 1 8 10 12 1 1 10 7 12 1 1 1 10 12 1 1 10 12 1 1 10 12 1 10 10 12 1 11 12 1 1 10 100 12 1 1 1 100 1 10 12 1 10 12 1 10 12 1 1 1 1 1 1 1 1 1 1 1 1 1 1 1 1 1 1 1 1 1 1 1 1 1 1 1 1 100 1 1 1 1 1 1 1 1 1 1 1 1 1 1 1 1 1 1 1 1 1 100 1 1 1 1 1 1 1 1 1 1 100 1 1 1 1 1 1 1 1 1 1 1 1 1 1 1 1 1 1 1 1 1 1 1 1 1 1 1 1 1 1 1 1 1 1 1 1 1 1 1 1 1 100 1 1 1 1 1 1 1 1 1 1 1 1 1 1 1 1 1 1 1 100 1 1 1 1 1 1 1 1 1 1 1 1 1 1 1 1 1 1 1 1 1 1 1 1 1 1 1 1 1 1 1 1 1 1 1 1 1 1 1 1 1 1 1 1 1 1 1 1 1 1 100 1 1 1 1 1 1 1 1 1 1 1 1 1 1 1 1 1 1 1 1 1 1 1 1 1 1 1 1 1 1 1 1 1 1 1 1 1 1 1 1 1 1 1 1 1 1 16 1 15 10 12 16 1 16 15 10 12 16 1 16 1 15 10 12 16 15 10 12 16 15 10 12 16 15 10 100 12 1 1 1 1 1 100 1 100 1 1
staticfield java/lang/ClassLoader nocerts [Ljava/security/cert/Certificate; 0 [Ljava/security/cert/Certificate;
staticfield java/lang/ClassLoader $assertionsDisabled Z 1
ciInstanceKlass java/lang/System 1 1 856 10 100 12 1 1 1 9 7 12 1 1 1 10 12 1 10 12 1 1 10 12 1 1 10 12 1 9 12 1 1 10 7 12 1 1 1 11 100 12 1 1 1 10 100 12 1 1 1 10 12 1 1 10 12 1 1 100 1 8 1 10 12 1 10 100 12 1 1 1 10 100 12 1 1 1 18 12 1 1 10 100 12 1 1 1 100 1 10 12 1 1 10 100 12 1 1 1 10 12 1 10 7 12 1 1 1 9 100 12 1 1 1 10 7 12 1 1 1 11 7 12 1 1 1 10 12 1 1 10 100 12 1 1 1 100 1 10 10 12 1 1 8 1 10 12 1 8 1 10 12 1 9 12 1 1 8 1 10 7 12 1 1 1 10 12 1 1 100 1 8 1 10 9 12 1 1 8 1 10 12 1 1 10 100 12 1 1 1 8 1 10 12 1 100 1 10 12 1 8 1 10 12 1 10 12 1 1 100 1 10 12 10 12 1 9 12 1 1 9 12 1 1 10 7 12 1 1 1 10 7 12 1 1 1 10 12 1 1 10 12 1 10 12 1 10 7 12 1 1 1 10 12 1 100 1 100 1 8 1 10 12 1 10 12 1 1 7 1 10 12 1 100 1 8 1 10 10 12 1 100 1 8 1 10 8 1 10 7 12 1 1 8 1 10 12 100 1 8 1 10 10 12 1 1 10 100 12 1 1 1 100 1 18 12 1 100 1 9 100 12 1 1 1 10 12 1 100 1 10 12 1 1 10 12 1 1 10 7 12 1 1 1 10 12 1 1 10 12 1 10 12 1 10 12 1 1 10 12 1 7 1 10 12 1 9 7 12 1 1 1 10 7 12 1 1 1 10 12 1 10 12 1 10 7 12 1 1 1 100 1 8 1 10 9 12 1 9 12 1 10 12 1 10 100 12 1 1 10 12 1 10 12 1 1 8 1 10 12 1 1 8 1 11 12 1 10 12 11 12 1 1 11 7 12 1 1 1 11 7 12 1 1 11 12 1 1 7 1 11 12 1 10 12 1 8 1 10 12 1 1 8 1 8 1 8 1 8 1 11 12 1 10 12 1 10 12 1 10 12 1 8 1 10 12 1 1 8 1 9 12 1 8 1 10 7 12 1 1 8 1 7 1 9 7 12 1 1 1 10 12 1 7 1 9 12 10 9 12 7 1 10 12 9 12 1 1 8 1 10 12 1 1 8 1 10 7 12 1 1 10 12 1 10 12 1 1 11 7 12 1 1 10 12 10 7 12 1 1 1 9 12 1 1 100 1 8 1 10 12 1 1 10 7 12 1 1 1 7 1 10 12 1 1 10 12 1 8 1 8 1 10 8 1 8 1 8 1 8 1 10 10 7 12 1 1 10 12 1 10 12 1 1 10 12 1 1 10 12 1 10 100 12 1 1 1 10 100 1 8 1 10 10 10 12 1 1 10 12 1 1 8 1 10 12 1 8 1 8 1 10 12 1 10 7 12 1 1 1 10 12 1 1 8 1 10 12 1 8 1 10 100 12 1 1 7 1 10 10 12 1 10 12 1 9 12 1 1 3 1 3 1 1 1 1 1 1 1 1 1 1 1 1 100 1 1 100 1 1 1 1 1 1 1 1 1 1 1 100 1 100 1 1 1 1 1 1 1 1 1 1 1 1 1 1 1 1 1 1 1 1 1 1 1 1 1 1 1 1 1 1 1 1 1 1 1 1 1 1 1 1 1 1 1 1 1 1 1 1 1 1 1 1 1 1 1 1 1 1 100 1 1 1 1 1 1 1 1 1 1 1 1 1 1 1 1 1 1 1 1 1 1 1 1 1 1 1 1 1 1 1 1 1 1 1 1 1 1 100 1 1 16 15 10 12 1 1 16 15 10 12 16 1 15 10 100 12 1 1 1 1 1 1 1 1 100 1 100 1 1 1 100 1 100 1 1
staticfield java/lang/System in Ljava/io/InputStream; java/io/BufferedInputStream
staticfield java/lang/System out Ljava/io/PrintStream; java/io/PrintStream
staticfield java/lang/System err Ljava/io/PrintStream; java/io/PrintStream
instanceKlass org/jetbrains/kotlin/load/java/structure/impl/classFiles/BinaryClassSignatureParser$ClsFormatException
instanceKlass java/lang/Exception
instanceKlass java/lang/Error
ciInstanceKlass java/lang/Throwable 1 1 428 10 7 12 1 1 1 9 7 12 1 1 1 9 12 1 1 9 12 1 9 12 1 1 9 12 1 10 12 1 1 9 12 1 1 10 12 1 1 10 12 1 100 1 7 1 10 8 1 10 12 1 1 8 1 10 100 12 1 1 10 10 12 1 100 1 8 1 10 10 12 1 1 10 7 12 1 1 10 12 1 8 1 9 100 12 1 1 1 10 12 1 1 100 1 10 12 10 12 1 10 100 12 1 1 1 100 1 10 12 10 12 1 10 12 1 100 1 10 10 7 12 1 1 1 11 100 12 1 1 1 10 12 1 1 10 12 1 1 8 1 10 12 1 10 12 1 1 8 1 8 1 10 12 1 1 10 12 1 8 1 8 1 9 12 1 1 10 12 1 1 100 1 10 11 12 1 8 1 8 1 10 7 12 1 1 8 1 10 12 1 8 1 100 1 10 12 1 9 12 1 1 10 12 1 10 100 12 1 9 12 1 1 10 12 1 1 100 1 8 1 10 12 1 10 100 12 1 1 10 12 1 1 100 1 10 100 12 1 1 1 10 12 1 11 100 12 1 1 1 11 100 12 1 1 11 12 1 8 1 10 12 1 1 8 1 10 10 9 100 12 1 1 1 8 1 10 12 1 1 11 10 100 1 8 1 10 11 12 1 1 8 1 9 12 1 10 100 12 1 1 11 9 12 1 1 11 12 1 1 100 9 12 1 1 11 100 12 1 1 100 1 10 12 1 10 12 1 1 100 1 1 1 1 5 0 1 1 1 1 1 1 1 1 1 1 1 1 1 1 1 1 1 1 1 1 1 1 1 1 1 1 1 1 1 1 1 1 1 1 1 1 1 1 1 1 1 1 1 1 1 1 1 1 1 1 1 1 1 1 1 1 1 100 1 100 1 1 1 1 1 1 1 1 1 1 1 1 1 1 1 1 1 1 1 1 1 1 1 1 1 1 1 100 1 100 1 1
staticfield java/lang/Throwable UNASSIGNED_STACK [Ljava/lang/StackTraceElement; 0 [Ljava/lang/StackTraceElement;
staticfield java/lang/Throwable SUPPRESSED_SENTINEL Ljava/util/List; java/util/Collections$EmptyList
staticfield java/lang/Throwable EMPTY_THROWABLE_ARRAY [Ljava/lang/Throwable; 0 [Ljava/lang/Throwable;
staticfield java/lang/Throwable $assertionsDisabled Z 1
instanceKlass java/io/IOError
instanceKlass kotlin/reflect/jvm/internal/KotlinReflectionInternalError
instanceKlass kotlin/NotImplementedError
instanceKlass kotlin/jvm/KotlinReflectionNotSupportedError
instanceKlass java/lang/AssertionError
instanceKlass java/lang/VirtualMachineError
instanceKlass java/lang/LinkageError
ciInstanceKlass java/lang/Error 1 1 40 10 7 12 1 1 1 10 12 1 10 12 1 10 12 1 10 12 1 100 1 1 1 1 5 0 1 1 1 1 1 1 1 1 1 1 1 1 1 1
instanceKlass org/jetbrains/kotlin/types/TypeSubstitutor$SubstitutionException
instanceKlass org/jetbrains/kotlin/com/intellij/util/AstLoadingException
instanceKlass org/jetbrains/kotlin/container/UnresolvedDependenciesException
instanceKlass org/jetbrains/kotlin/container/InvalidCardinalityException
instanceKlass org/jetbrains/kotlin/container/ContainerConsistencyException
instanceKlass kotlin/reflect/full/IllegalPropertyDelegateAccessException
instanceKlass kotlin/reflect/full/IllegalCallableAccessException
instanceKlass com/sun/tools/javac/main/Option$InvalidValueException
instanceKlass org/jetbrains/kotlin/com/intellij/psi/scope/MethodProcessorSetupFailedException
instanceKlass javax/xml/stream/XMLStreamException
instanceKlass java/text/ParseException
instanceKlass org/jetbrains/kotlin/com/intellij/util/cls/ClsFormatException
instanceKlass sun/nio/fs/WindowsException
instanceKlass java/net/URISyntaxException
instanceKlass java/lang/CloneNotSupportedException
instanceKlass java/lang/InterruptedException
instanceKlass java/io/IOException
instanceKlass java/lang/ReflectiveOperationException
instanceKlass java/lang/RuntimeException
ciInstanceKlass java/lang/Exception 1 1 54 10 7 12 1 1 1 10 12 1 10 12 1 10 12 1 10 12 1 100 1 1 1 1 5 0 1 1 1 1 1 1 1 1 1 1 1 1 1 1 1 100 1 100 1 100 1 100 1 1 1 1 1 1
instanceKlass org/jetbrains/kotlin/com/intellij/psi/impl/compiled/OutOfOrderInnerClassException
instanceKlass org/jetbrains/kotlin/com/intellij/psi/impl/compiled/ClsElementImpl$InvalidMirrorException
instanceKlass org/jetbrains/kotlin/lexer/KotlinLexerException
instanceKlass org/jetbrains/kotlin/com/intellij/psi/text/BlockSupport$ReparsedSuccessfullyException
instanceKlass org/jetbrains/kotlin/com/intellij/psi/impl/DebugUtil$IncorrectTreeStructureException
instanceKlass org/jetbrains/kotlin/types/error/LazyWrappedTypeComputationException
instanceKlass org/jetbrains/kotlin/protobuf/UninitializedMessageException
instanceKlass org/jetbrains/kotlin/com/intellij/openapi/util/RecursionManager$CachingPreventedException
instanceKlass org/jetbrains/kotlin/com/intellij/core/CoreJavaCodeStyleManager$1CancelException
instanceKlass org/jetbrains/kotlin/com/intellij/openapi/util/StackOverflowPreventedException
instanceKlass org/jetbrains/kotlin/com/intellij/openapi/vfs/InvalidVirtualFileAccessException
instanceKlass org/jetbrains/kotlin/com/intellij/psi/PsiInvalidElementAccessException
instanceKlass org/jetbrains/kotlin/com/fasterxml/aalto/UncheckedStreamException
instanceKlass org/jetbrains/kotlin/com/intellij/diagnostic/PluginException
instanceKlass java/io/UncheckedIOException
instanceKlass java/util/MissingResourceException
instanceKlass org/jetbrains/kotlin/com/intellij/openapi/extensions/SortingException
instanceKlass org/jetbrains/kotlin/com/intellij/diagnostic/ImplementationConflictException
instanceKlass java/util/EmptyStackException
instanceKlass org/jetbrains/kotlin/com/intellij/openapi/diagnostic/RuntimeExceptionWithAttachments
instanceKlass org/jetbrains/kotlin/com/intellij/openapi/project/IndexNotReadyException
instanceKlass org/jetbrains/kotlin/com/intellij/openapi/editor/ReadOnlyModificationException
instanceKlass org/jetbrains/kotlin/com/intellij/openapi/editor/ReadOnlyFragmentModificationException
instanceKlass org/jetbrains/kotlin/com/intellij/util/lang/CompoundRuntimeException
instanceKlass org/jetbrains/kotlin/org/picocontainer/PicoException
instanceKlass org/jetbrains/kotlin/com/intellij/openapi/extensions/ExtensionNotApplicableException
instanceKlass java/nio/file/FileSystemNotFoundException
instanceKlass org/jetbrains/kotlin/util/ServiceLoaderLite$ServiceLoadingException
instanceKlass org/jetbrains/kotlin/compiler/plugin/PluginProcessingException
instanceKlass java/lang/SecurityException
instanceKlass org/jetbrains/kotlin/compiler/plugin/CliOptionProcessingException
instanceKlass org/jetbrains/kotlin/backend/common/CompilationException
instanceKlass org/jetbrains/kotlin/com/intellij/util/IncorrectOperationException
instanceKlass org/jetbrains/kotlin/utils/WrappedValues$WrappedProcessCanceledException
instanceKlass java/util/ConcurrentModificationException
instanceKlass java/lang/reflect/UndeclaredThrowableException
instanceKlass java/util/NoSuchElementException
instanceKlass kotlin/NoWhenBranchMatchedException
instanceKlass java/lang/IndexOutOfBoundsException
instanceKlass kotlin/UninitializedPropertyAccessException
instanceKlass java/lang/UnsupportedOperationException
instanceKlass java/lang/IllegalStateException
instanceKlass org/jetbrains/kotlin/cli/jvm/compiler/CompileEnvironmentException
instanceKlass org/jetbrains/kotlin/utils/KotlinExceptionWithAttachments
instanceKlass org/jetbrains/kotlin/analyzer/CompilationErrorException
instanceKlass org/jetbrains/kotlin/com/intellij/openapi/progress/ProcessCanceledException
instanceKlass java/lang/IllegalArgumentException
instanceKlass java/lang/ArithmeticException
instanceKlass java/lang/NullPointerException
instanceKlass java/lang/IllegalMonitorStateException
instanceKlass java/lang/ArrayStoreException
instanceKlass java/lang/ClassCastException
ciInstanceKlass java/lang/RuntimeException 1 1 40 10 7 12 1 1 1 10 12 1 10 12 1 10 12 1 10 12 1 100 1 1 1 1 5 0 1 1 1 1 1 1 1 1 1 1 1 1 1 1
ciInstanceKlass java/lang/SecurityManager 0 0 576 10 100 12 1 1 1 9 100 12 1 1 1 10 100 12 1 1 1 100 1 8 1 10 12 1 10 12 1 1 10 100 12 1 1 1 10 100 1 10 100 1 10 9 100 12 1 1 1 10 100 12 1 1 1 10 12 1 1 10 100 12 1 1 100 1 8 1 10 9 12 1 1 9 12 1 8 1 9 12 1 100 1 10 8 1 10 12 1 1 10 12 1 10 12 1 1 100 1 10 10 12 1 1 100 1 8 1 10 12 1 8 1 8 1 8 1 8 1 8 1 8 1 10 12 1 8 1 8 1 8 1 8 1 8 1 10 100 12 1 1 1 10 12 1 1 8 1 100 1 8 1 10 8 1 8 1 8 1 8 1 8 1 10 100 12 1 1 8 1 100 1 8 1 8 1 10 8 1 10 12 1 100 1 8 1 10 10 12 1 1 10 12 1 10 12 1 10 12 1 10 100 12 1 1 1 10 12 1 10 100 12 1 1 11 100 12 1 1 1 18 12 1 1 11 100 12 1 1 1 18 12 1 1 11 12 1 1 18 18 11 12 1 18 12 1 11 12 1 1 9 12 1 1 9 12 1 9 12 1 9 12 1 100 1 10 100 12 1 1 10 12 1 10 12 1 18 12 1 18 10 100 12 1 1 1 18 12 1 10 12 1 18 18 8 1 10 12 1 9 12 1 1 11 100 12 1 1 1 8 1 100 1 10 12 1 10 12 1 1 10 12 1 1 9 12 1 1 10 12 1 10 12 1 1 8 1 100 1 10 9 12 1 8 1 10 12 1 8 1 100 1 10 10 100 12 1 1 10 100 1 9 100 12 1 1 1 11 12 1 1 10 12 1 11 12 1 10 12 1 100 1 10 10 12 1 1 10 12 1 1 1 1 1 1 1 1 1 1 1 100 1 1 1 1 1 1 1 1 1 1 1 1 1 1 1 1 1 1 1 1 1 1 1 1 1 1 1 1 1 1 1 1 1 1 1 1 1 1 1 1 1 1 1 1 1 1 1 1 1 1 1 1 1 1 1 1 3 1 1 1 1 1 1 1 1 1 1 100 1 1 1 1 1 1 1 1 1 1 1 1 1 1 1 1 1 1 1 1 1 1 1 1 1 1 1 1 1 1 1 1 1 1 1 1 1 1 16 15 10 100 12 1 1 1 16 1 16 15 10 12 16 1 15 10 12 16 15 11 100 1 16 1 16 1 15 10 12 16 15 10 12 16 15 10 12 1 16 1 15 11 12 1 15 10 12 16 15 10 16 1 15 10 100 12 1 1 1 1 1 1 100 1 100 1 1
ciInstanceKlass java/security/ProtectionDomain 1 1 348 10 7 12 1 1 1 9 7 12 1 1 1 7 1 10 9 12 1 1 9 12 1 1 9 12 1 1 10 7 12 1 1 7 1 9 12 1 9 12 1 1 7 1 9 12 1 1 9 12 1 10 100 12 1 1 10 100 12 1 1 1 10 12 1 1 10 12 1 9 12 1 9 100 12 1 1 10 12 1 1 10 100 1 10 12 1 1 8 1 100 1 8 1 10 12 1 10 11 10 100 12 1 1 1 10 12 1 1 8 1 11 8 1 10 12 1 8 1 8 1 10 12 1 1 10 12 1 10 12 1 1 10 12 1 8 1 10 12 1 8 1 8 1 10 100 12 1 1 1 9 100 12 1 1 1 10 12 1 1 9 100 12 1 1 1 10 100 12 1 1 1 100 1 18 12 1 1 10 100 12 1 1 1 10 100 1 10 12 1 10 12 1 1 11 100 12 1 1 11 12 1 100 1 11 100 12 1 1 1 10 12 1 10 11 12 1 1 11 12 1 1 10 12 1 10 7 12 1 1 10 100 12 1 1 11 12 1 10 12 10 12 1 8 1 8 1 10 7 12 1 1 1 7 1 10 10 7 12 1 1 1 1 1 1 1 1 1 1 100 1 1 100 1 1 1 1 1 1 1 1 1 1 1 1 1 1 1 1 1 1 1 1 1 1 1 1 1 1 1 1 1 1 1 1 1 1 1 1 1 1 1 1 1 1 1 1 100 1 1 1 1 1 1 100 1 1 16 15 10 12 16 15 10 100 12 1 1 1 1 1 1 1 100 1 100 1 1
staticfield java/security/ProtectionDomain filePermCompatInPD Z 0
ciInstanceKlass java/security/AccessControlContext 1 1 374 9 7 12 1 1 1 9 12 1 1 10 100 12 1 1 1 8 1 10 100 12 1 1 1 10 7 12 1 1 1 9 12 1 9 12 1 1 9 12 1 1 10 7 12 1 1 100 1 10 12 1 11 100 12 1 1 1 11 12 1 11 12 1 11 12 1 1 100 1 11 12 1 1 10 12 1 10 100 12 1 1 1 9 100 12 1 1 1 10 100 12 1 1 1 11 100 12 1 1 1 10 7 1 100 1 8 1 10 12 1 10 12 1 1 7 1 10 7 12 1 1 1 9 12 1 9 12 1 9 12 1 9 12 1 1 9 12 1 1 9 12 1 9 12 1 10 7 12 1 1 1 9 12 1 10 12 1 1 10 12 1 1 8 1 10 12 1 1 10 12 1 1 10 100 12 1 1 1 100 1 10 10 12 1 1 10 100 12 1 1 1 10 8 1 10 100 12 1 1 8 1 10 100 12 1 1 8 1 8 1 10 12 1 8 1 10 12 1 8 1 10 12 1 10 12 1 10 12 1 1 8 1 8 1 100 1 10 12 1 10 12 1 1 100 1 10 12 1 8 1 10 12 1 10 12 1 10 8 1 10 12 1 1 10 12 1 1 10 12 1 1 10 12 1 1 10 12 1 10 12 1 11 10 12 1 10 12 1 1 10 10 10 12 1 1 1 1 1 1 1 1 1 1 1 1 1 1 1 1 1 1 1 1 1 1 1 1 100 1 1 1 1 1 1 1 1 1 1 1 1 1 1 1 1 1 1 1 1 1 1 1 1 1 1 1 1 1 1 1 1 1 1 1 1 1 1 1 1 1 1 1 1 1 1 1 1 1 1 1 1 3 1 1
ciInstanceKlass java/security/AccessController 1 1 295 10 100 12 1 1 1 10 7 12 1 1 1 10 7 12 1 1 1 10 12 1 1 10 12 1 1 10 7 12 1 1 1 10 12 1 1 10 12 1 10 12 1 1 10 12 1 100 1 8 1 10 12 1 10 12 1 10 12 1 1 10 12 1 100 1 100 1 10 12 1 1 10 12 1 10 12 1 10 12 1 1 10 7 12 1 1 1 10 12 1 1 9 100 12 1 1 1 10 100 12 1 1 1 10 12 1 10 12 1 9 100 12 1 1 1 10 12 1 10 12 1 1 9 12 1 1 10 100 1 10 11 7 12 1 1 1 10 7 12 1 1 11 7 1 100 1 10 12 1 10 12 1 10 12 1 8 1 10 12 1 1 8 1 10 100 12 1 1 1 8 1 100 1 10 10 12 1 1 10 12 1 10 7 12 1 1 1 10 12 1 8 1 10 100 12 1 1 8 1 8 1 10 12 1 8 1 10 12 1 10 12 1 1 10 12 1 1 1 1 1 1 1 1 1 1 1 1 1 1 1 1 1 1 1 1 1 1 1 1 1 1 1 1 100 1 1 1 1 1 1 1 1 1 1 1 1 1 1 1 1 1 1 1 1 1 1 1 1 1 1 1 1 1 1 1 1 1 1 100 1 100 1 1 1 1 1 1 1 1 1 3 1 1 1
staticfield java/security/AccessController $assertionsDisabled Z 1
instanceKlass java/net/URLClassLoader
instanceKlass jdk/internal/loader/BuiltinClassLoader
ciInstanceKlass java/security/SecureClassLoader 1 1 102 10 7 12 1 1 1 7 1 10 12 1 9 7 12 1 1 1 10 12 1 10 12 1 10 12 1 1 10 12 1 1 10 12 1 7 1 10 7 1 10 12 1 7 1 10 12 1 11 7 12 1 1 1 7 1 11 12 1 10 12 1 1 1 1 1 1 1 1 1 1 1 1 1 1 1 1 1 1 1 1 1 1 1 1 1 1 1 1 1 1 1 1 1 1 1 1 100 1 1 1 1
instanceKlass java/lang/reflect/InvocationTargetException
instanceKlass java/lang/InstantiationException
instanceKlass java/lang/IllegalAccessException
instanceKlass java/lang/NoSuchFieldException
instanceKlass java/lang/NoSuchMethodException
instanceKlass java/lang/ClassNotFoundException
ciInstanceKlass java/lang/ReflectiveOperationException 1 1 34 10 7 12 1 1 1 10 12 1 10 12 1 10 12 1 100 1 1 1 1 5 0 1 1 1 1 1 1 1 1 1 1 1
ciInstanceKlass java/lang/ClassNotFoundException 1 1 96 7 1 10 7 12 1 1 1 10 12 1 10 12 1 1 10 100 12 1 1 1 8 1 10 100 12 1 1 1 10 7 12 1 1 10 100 12 1 1 1 10 100 12 1 1 1 10 12 1 1 7 1 10 12 1 9 12 1 1 1 1 1 5 0 1 1 1 1 1 1 1 1 1 1 1 1 1 1 1 1 1 1 100 1 1 1 1 1 1 1 1 1 1 1 1
staticfield java/lang/ClassNotFoundException serialPersistentFields [Ljava/io/ObjectStreamField; 1 [Ljava/io/ObjectStreamField;
instanceKlass java/util/stream/Collectors$CollectorImpl
instanceKlass java/lang/reflect/Proxy$ProxyBuilder$ProxyClassContext
instanceKlass java/nio/DirectByteBuffer$Deallocator
instanceKlass java/io/IoOverNioFileSystem$StreamInitializationBundle
instanceKlass java/security/SecureClassLoader$CodeSourceKey
instanceKlass jdk/internal/reflect/ReflectionFactory$Config
instanceKlass jdk/internal/foreign/abi/UpcallLinker$CallRegs
instanceKlass jdk/internal/foreign/abi/VMStorage
ciInstanceKlass java/lang/Record 1 1 22 10 7 12 1 1 1 100 1 1 1 1 1 1 1 1 1 1 1 1 1 1
instanceKlass java/lang/IncompatibleClassChangeError
instanceKlass java/lang/UnsatisfiedLinkError
instanceKlass java/lang/BootstrapMethodError
instanceKlass java/lang/NoClassDefFoundError
ciInstanceKlass java/lang/LinkageError 1 1 31 10 7 12 1 1 1 10 12 1 10 12 1 100 1 1 1 1 5 0 1 1 1 1 1 1 1 1 1 1 1
ciInstanceKlass java/lang/NoClassDefFoundError 0 0 26 10 100 12 1 1 1 10 12 1 100 1 1 1 1 5 0 1 1 1 1 1 1 1 1 1
ciInstanceKlass java/lang/ClassCastException 1 1 26 10 100 12 1 1 1 10 12 1 100 1 1 1 1 5 0 1 1 1 1 1 1 1 1 1
ciInstanceKlass java/lang/ArrayStoreException 1 1 26 10 100 12 1 1 1 10 12 1 100 1 1 1 1 5 0 1 1 1 1 1 1 1 1 1
instanceKlass java/lang/StackOverflowError
instanceKlass java/lang/OutOfMemoryError
instanceKlass java/lang/InternalError
ciInstanceKlass java/lang/VirtualMachineError 1 1 34 10 100 12 1 1 1 10 12 1 10 12 1 10 12 1 100 1 1 1 1 5 0 1 1 1 1 1 1 1 1 1 1 1
ciInstanceKlass java/lang/InternalError 0 0 34 10 100 12 1 1 1 10 12 1 10 12 1 10 12 1 100 1 1 1 1 5 0 1 1 1 1 1 1 1 1 1 1 1
ciInstanceKlass java/lang/OutOfMemoryError 1 1 26 10 100 12 1 1 1 10 12 1 100 1 1 1 1 5 0 1 1 1 1 1 1 1 1 1
ciInstanceKlass java/lang/StackOverflowError 1 1 26 10 100 12 1 1 1 10 12 1 100 1 1 1 1 5 0 1 1 1 1 1 1 1 1 1
ciInstanceKlass java/lang/IllegalMonitorStateException 1 1 26 10 100 12 1 1 1 10 12 1 100 1 1 1 1 5 0 1 1 1 1 1 1 1 1 1
instanceKlass java/lang/ref/PhantomReference
instanceKlass java/lang/ref/FinalReference
instanceKlass java/lang/ref/WeakReference
instanceKlass java/lang/ref/SoftReference
ciInstanceKlass java/lang/ref/Reference 1 1 190 9 7 12 1 1 1 9 7 12 1 1 10 12 1 1 10 12 1 1 9 12 1 1 10 12 1 1 9 12 1 1 9 12 1 1 7 1 10 12 1 10 7 12 1 1 10 12 1 10 12 1 1 10 12 1 7 1 8 1 10 12 1 1 7 1 10 12 1 1 10 12 1 1 10 12 1 9 12 1 10 12 1 1 10 12 1 10 12 1 9 12 1 100 1 100 1 10 12 9 12 1 9 12 1 100 1 10 10 12 1 10 10 7 12 1 1 7 1 10 10 7 12 1 1 1 1 1 1 1 1 1 1 1 1 1 1 1 1 1 1 1 100 1 1 1 100 1 1 1 1 1 1 1 1 1 1 1 1 1 1 1 1 1 1 1 1 1 1 1 1 1 1 1 1 1 1 1 1 1 1 1 100 1 100 1 100 1 1 1
staticfield java/lang/ref/Reference processPendingLock Ljava/lang/Object; java/lang/Object
staticfield java/lang/ref/Reference $assertionsDisabled Z 1
instanceKlass org/jetbrains/kotlin/com/intellij/util/containers/ConcurrentSoftKeySoftValueHashMap$SoftKey
instanceKlass org/jetbrains/kotlin/com/intellij/util/containers/ConcurrentSoftValueHashMap$MySoftReference
instanceKlass org/jetbrains/kotlin/com/intellij/util/containers/ConcurrentWeakKeySoftValueHashMap$SoftValue
instanceKlass org/jetbrains/kotlin/com/intellij/util/containers/SoftKeySoftValueHashMap$ValueReference
instanceKlass org/jetbrains/kotlin/com/intellij/reference/SoftReference
instanceKlass java/lang/invoke/LambdaFormEditor$Transform
ciInstanceKlass java/lang/ref/SoftReference 1 1 47 10 7 12 1 1 1 9 7 12 1 1 1 9 12 1 10 12 1 10 12 1 1 1 1 1 1 1 1 1 1 1 1 1 1 1 1 1 1 1 1 100 1 1 1 1 1
instanceKlass org/jetbrains/kotlin/com/intellij/util/containers/ConcurrentWeakKeyWeakValueHashMap$WeakValue
instanceKlass org/jetbrains/kotlin/com/intellij/util/containers/ConcurrentWeakKeySoftValueHashMap$WeakKey
instanceKlass org/jetbrains/kotlin/com/intellij/util/PatchedWeakReference
instanceKlass org/jetbrains/kotlin/com/intellij/util/containers/ConcurrentWeakValueHashMap$MyWeakReference
instanceKlass org/jetbrains/kotlin/com/intellij/util/containers/UnsafeWeakList$MyReference
instanceKlass java/util/logging/LogManager$LoggerWeakRef
instanceKlass java/util/logging/Level$KnownLevel
instanceKlass org/jetbrains/kotlin/com/intellij/util/containers/IntKeyWeakValueHashMap$MyReference
instanceKlass java/lang/WeakPairMap$WeakRefPeer
instanceKlass java/lang/ClassValue$Entry
instanceKlass jdk/internal/util/WeakReferenceKey
instanceKlass java/lang/ThreadLocal$ThreadLocalMap$Entry
instanceKlass java/util/WeakHashMap$Entry
ciInstanceKlass java/lang/ref/WeakReference 1 1 31 10 7 12 1 1 1 10 12 1 100 1 1 1 1 1 1 1 1 1 1 1 1 1 1 1 1 1 1 1 1
instanceKlass java/lang/ref/Finalizer
ciInstanceKlass java/lang/ref/FinalReference 1 1 50 10 100 12 1 1 1 10 100 12 1 1 1 10 12 1 1 100 1 8 1 10 12 1 1 1 1 1 1 1 1 1 1 1 1 1 1 1 1 1 1 1 1 1 1 1 1 1 100 1
instanceKlass jdk/internal/ref/Cleaner
instanceKlass jdk/internal/ref/PhantomCleanable
ciInstanceKlass java/lang/ref/PhantomReference 1 1 39 10 100 12 1 1 1 10 7 12 1 1 1 1 1 1 1 1 1 1 1 1 1 1 1 1 1 1 1 1 1 1 1 1 1 1 1 1 1
ciInstanceKlass java/lang/ref/Finalizer 1 1 155 9 7 12 1 1 1 10 100 12 1 1 1 9 12 1 1 9 12 1 1 9 12 1 9 12 1 9 12 1 1 10 12 1 100 1 8 1 10 12 1 10 12 1 1 9 12 1 100 1 10 12 1 100 1 11 100 12 1 1 10 12 1 100 1 10 12 1 100 1 10 12 1 10 100 12 1 1 1 10 100 12 1 1 1 100 1 10 10 12 1 7 1 10 12 1 7 1 10 12 1 1 10 12 1 1 10 12 1 10 7 12 1 1 1 7 1 10 7 1 10 10 12 1 1 1 1 1 1 1 1 1 1 1 1 1 1 1 1 1 1 1 1 1 1 1 1 1 1 1 1 1 1 1 1
staticfield java/lang/ref/Finalizer lock Ljava/lang/Object; java/lang/Object
staticfield java/lang/ref/Finalizer ENABLED Z 1
staticfield java/lang/ref/Finalizer $assertionsDisabled Z 1
ciInstanceKlass java/lang/Runnable 1 0 11 100 1 100 1 1 1 1 1 1 1
instanceKlass java/util/logging/LogManager$Cleaner
instanceKlass java/util/concurrent/ForkJoinWorkerThread
instanceKlass java/lang/ref/Finalizer$FinalizerThread
instanceKlass java/lang/ref/Reference$ReferenceHandler
instanceKlass jdk/internal/misc/InnocuousThread
instanceKlass java/lang/BaseVirtualThread
ciInstanceKlass java/lang/Thread 1 1 870 10 7 12 1 1 1 9 12 1 1 10 100 12 1 1 10 12 1 10 100 12 1 1 100 1 8 1 10 12 1 1 9 12 1 9 12 1 1 9 12 1 1 100 1 10 12 1 1 10 12 1 10 100 12 1 1 1 10 12 9 12 1 1 10 12 1 100 1 10 12 1 100 1 8 1 10 9 100 12 1 1 1 10 12 1 1 10 12 1 1 10 12 1 1 10 12 1 10 12 1 1 3 8 1 100 1 5 0 10 7 12 1 1 1 9 12 1 10 12 1 1 10 7 12 1 1 1 10 7 12 1 1 1 10 12 1 1 10 12 1 1 9 12 1 1 10 100 1 8 1 10 7 1 10 12 1 9 12 1 1 10 100 12 1 1 1 10 10 12 1 1 9 100 12 1 1 1 10 12 1 1 10 12 1 1 10 7 12 1 1 10 12 1 10 12 1 10 7 12 1 1 9 12 1 10 7 12 1 1 1 10 12 1 1 9 12 1 1 9 12 1 1 10 7 12 1 1 1 9 12 1 1 10 100 12 1 1 10 100 12 1 1 1 10 12 1 10 12 1 10 7 12 1 1 9 12 1 8 1 9 100 12 1 1 9 12 1 1 5 0 100 1 10 100 1 10 100 1 10 100 1 10 8 1 10 12 1 1 10 100 12 1 10 12 1 10 12 1 100 1 8 1 10 10 12 1 10 12 1 1 10 100 12 1 1 1 10 100 12 1 1 1 10 12 1 7 1 9 12 1 1 100 1 10 10 12 1 9 12 1 1 10 12 1 1 10 12 1 1 10 12 1 10 12 1 9 12 1 1 10 10 12 1 1 10 12 1 1 11 7 12 1 1 10 100 12 1 1 9 12 1 9 12 1 1 9 12 1 1 10 100 12 1 1 10 12 1 1 9 100 12 1 1 1 10 100 12 1 1 10 12 1 10 12 1 100 1 10 10 12 9 12 1 1 10 12 1 11 100 12 1 1 10 12 1 10 12 1 10 12 1 9 12 1 10 10 12 1 10 12 1 1 9 12 1 9 12 10 12 1 8 1 10 12 1 10 12 1 10 12 1 10 12 1 10 12 1 1 10 12 1 10 12 1 1 10 12 1 10 12 1 10 12 1 10 12 1 10 12 1 1 9 7 12 1 1 1 8 1 10 9 12 1 10 12 1 100 1 8 1 10 10 12 1 8 1 10 12 1 1 9 12 10 12 8 1 10 10 12 1 10 12 1 8 1 10 12 1 10 8 1 10 100 12 1 1 10 12 1 1 100 1 8 1 10 9 12 1 9 12 1 1 10 12 1 1 10 10 12 1 10 12 1 100 10 7 12 1 1 1 9 12 1 10 12 1 1 10 12 1 1 10 100 12 1 1 1 11 100 12 1 1 1 9 100 12 1 1 1 10 100 12 1 1 1 100 1 10 12 1 100 1 10 12 1 10 12 1 1 10 12 1 1 8 1 9 12 1 10 12 1 10 12 1 1 11 100 12 1 1 1 10 12 1 1 1 1 3 1 3 1 3 1 3 1 1 1 1 1 1 1 1 1 1 1 1 1 1 1 1 1 1 1 1 1 100 1 1 1 1 1 1 1 1 1 1 1 1 1 1 1 1 1 1 1 1 1 1 100 1 1 1 1 1 1 1 1 1 1 1 1 1 1 1 1 100 1 100 1 1 1 1 1 1 1 1 1 1 1 1 1 1 1 1 1 1 1 1 1 1 1 1 1 1 1 1 1 1 1 1 1 1 1 1 1 1 1 1 1 1 1 1 1 1 1 1 1 1 1 1 1 1 1 1 1 1 1 1 1 1 1 1 1 1 1 1 1 1 1 1 1 1 1 1 100 100 1 1 1 1 1 1 1 1 1 1 1 1 1 1 1 1 1 1 1 1 1 1 1 1 1 1 100 1 100 1 100 1 100 1 100 1 1 100 1 1 1 1 1 1 1 1 1 1 1 1 1 1 1
staticfield java/lang/Thread NEW_THREAD_BINDINGS Ljava/lang/Object; java/lang/Class
staticfield java/lang/Thread EMPTY_STACK_TRACE [Ljava/lang/StackTraceElement; 0 [Ljava/lang/StackTraceElement;
ciInstanceKlass java/lang/Thread$FieldHolder 1 1 48 10 7 12 1 1 1 9 7 12 1 1 1 9 12 1 1 9 12 1 1 9 12 1 1 9 12 1 1 1 1 1 1 1 1 1 1 100 1 100 1 1 1 1 100 1 1 1
ciInstanceKlass java/lang/Thread$Constants 0 0 59 100 1 10 100 12 1 1 1 100 1 10 10 100 12 1 1 1 100 1 8 1 10 12 1 9 100 12 1 1 1 100 1 100 1 10 12 1 10 12 1 9 12 1 1 1 1 1 1 1 1 1 1 1 1 1 1 1 1
ciInstanceKlass java/lang/Thread$UncaughtExceptionHandler 1 0 16 100 1 100 1 1 1 1 1 1 1 1 100 1 1 1
ciInstanceKlass java/lang/ThreadGroup 1 1 411 10 7 12 1 1 1 9 7 12 1 1 1 8 1 9 12 1 1 100 1 9 12 1 1 9 12 1 1 10 7 12 1 1 1 10 12 1 1 10 12 1 10 12 1 10 12 1 10 12 1 1 10 12 1 1 10 12 1 10 12 1 1 10 12 1 10 12 1 10 100 12 1 1 1 10 12 1 1 18 12 1 1 11 100 12 1 1 1 10 7 12 1 1 1 10 100 12 1 10 12 1 1 10 12 1 1 10 12 1 1 10 100 12 1 1 1 10 12 1 11 12 1 1 11 100 12 1 1 11 12 1 1 10 12 1 1 10 12 1 10 12 1 11 12 1 11 12 1 1 100 1 10 10 12 1 100 1 10 18 12 1 1 11 100 12 1 1 1 11 12 1 1 9 12 1 1 10 12 1 1 8 1 10 100 12 1 1 1 10 100 12 1 1 1 10 12 1 1 11 12 10 12 1 1 10 12 1 1 11 100 1 9 12 1 100 1 10 8 1 10 12 1 1 10 12 1 1 8 1 10 12 1 10 100 12 1 1 1 10 12 1 1 10 7 1 8 1 10 8 1 10 12 1 10 12 1 8 1 9 12 1 1 9 12 1 10 100 12 1 1 1 100 9 12 1 1 100 1 9 12 1 10 12 10 12 1 1 100 10 12 9 12 1 10 12 1 100 1 10 11 12 1 1 100 1 10 10 12 1 10 12 1 1 1 1 1 1 1 1 1 1 1 1 1 1 1 1 1 1 3 1 1 1 1 1 1 1 1 1 1 1 1 100 1 1 1 1 1 1 1 1 1 1 1 1 1 1 1 1 1 1 1 1 1 1 1 1 1 1 1 1 1 1 1 1 1 1 1 1 1 1 1 1 1 1 1 16 15 10 12 16 16 15 10 12 16 15 10 100 12 1 1 1 1 1 100 1 100 1 1
staticfield java/lang/ThreadGroup $assertionsDisabled Z 1
instanceKlass java/lang/ThreadBuilders$BoundVirtualThread
instanceKlass java/lang/VirtualThread
ciInstanceKlass java/lang/BaseVirtualThread 0 0 36 10 100 12 1 1 1 100 1 1 1 1 1 1 1 1 1 1 1 1 1 1 1 1 1 1 1 1 100 1 100 1 1 100 1 1
ciInstanceKlass java/lang/VirtualThread 0 0 907 9 100 12 1 1 1 10 100 12 1 1 1 10 100 12 1 1 1 10 100 12 1 1 1 9 12 1 1 9 12 1 1 100 1 10 12 1 9 12 1 1 18 12 1 1 9 12 1 1 10 12 1 1 100 1 10 12 1 10 12 1 1 10 12 1 1 10 12 1 1 10 12 1 10 100 12 1 10 12 1 10 12 1 10 12 1 10 12 1 11 100 12 1 1 1 100 1 10 12 1 1 10 100 12 1 1 1 10 100 12 1 1 1 10 12 1 100 1 10 10 12 1 10 12 1 1 9 12 1 1 10 12 1 1 9 12 1 1 10 12 1 9 12 1 1 9 12 1 100 1 10 10 12 1 10 100 12 1 1 10 9 10 10 12 1 1 10 12 1 1 10 100 12 1 1 10 100 1 10 9 10 10 12 1 100 1 10 12 1 1 10 12 1 10 12 1 10 12 1 1 9 12 1 10 12 1 10 12 1 9 12 1 1 10 12 1 10 12 1 9 12 1 1 10 12 1 10 12 1 10 12 1 11 100 12 1 1 10 12 1 1 10 12 1 1 10 12 1 1 9 12 1 10 100 1 10 12 1 1 10 12 1 1 10 12 1 10 12 1 10 12 1 10 12 9 12 1 1 10 100 12 1 1 10 12 1 10 12 1 1 10 100 12 1 1 10 12 1 100 1 8 1 10 12 1 10 12 1 1 10 12 1 10 12 1 10 100 12 1 1 10 12 1 10 12 1 1 10 12 1 10 12 1 1 10 100 12 1 1 10 12 1 1 10 12 1 1 100 1 10 10 12 1 100 1 9 12 1 1 10 100 12 1 1 10 9 12 1 1 18 9 100 12 1 1 1 11 100 12 1 1 1 11 100 1 11 12 10 12 1 10 12 1 1 10 12 1 100 1 10 10 12 1 10 12 1 1 10 12 1 1 10 12 1 10 12 1 10 12 1 9 12 1 1 11 100 12 1 1 10 12 9 100 12 1 1 1 9 12 1 10 12 1 1 9 12 1 9 12 1 9 12 1 100 1 10 10 12 1 1 10 12 1 10 12 100 1 100 1 10 8 1 10 12 1 1 10 12 1 10 12 1 10 10 12 1 8 1 10 10 12 1 10 12 1 10 100 12 1 1 8 1 8 1 10 9 100 12 1 1 1 10 12 1 1 10 12 1 10 10 10 12 9 12 1 10 12 1 1 9 12 1 10 12 1 1 9 12 1 10 12 1 1 18 12 1 1 18 12 1 10 100 12 1 1 1 8 1 10 100 12 1 1 1 10 100 12 1 1 1 18 12 1 10 100 12 1 1 1 100 1 10 12 1 8 1 10 12 1 8 1 10 12 1 1 8 1 8 1 10 100 12 1 1 8 1 10 12 1 8 1 8 1 10 100 12 1 1 1 10 12 1 10 12 1 1 10 12 1 18 12 1 1 18 12 1 1 5 0 9 12 1 10 12 1 18 12 1 100 1 10 12 10 100 12 1 1 10 12 1 1 100 1 8 1 10 10 12 1 10 12 1 1 10 12 1 9 12 1 8 10 12 1 1 8 8 9 12 1 8 10 12 1 1 3 1 3 1 3 1 3 1 3 1 3 1 3 1 3 1 3 1 3 1 3 1 3 3 1 3 1 1 1 1 1 1 1 1 1 1 1 1 1 1 100 1 1 1 1 1 1 1 1 1 1 1 1 1 1 100 1 1 1 1 1 1 1 1 1 1 1 100 1 1 1 1 1 1 1 1 1 1 1 1 1 1 1 1 1 1 1 1 1 1 1 1 1 1 1 1 1 1 1 1 1 1 1 1 1 1 1 100 1 1 1 1 1 1 1 1 1 1 1 1 1 1 1 1 1 1 1 1 1 1 1 1 1 1 1 1 1 1 1 1 1 1 1 100 1 1 1 1 1 1 1 1 1 1 1 1 1 1 100 1 1 16 15 10 12 15 16 15 10 12 16 15 10 12 16 16 15 10 12 16 15 10 12 16 15 10 12 16 15 10 12 16 1 15 10 100 12 1 1 1 1 1 1 1 100 1 1 100 1 100 1 1
ciInstanceKlass java/lang/ThreadBuilders$BoundVirtualThread 0 0 132 10 100 12 1 1 1 9 100 12 1 1 1 10 100 12 1 1 1 9 12 1 1 10 12 1 1 10 12 1 1 9 12 1 1 10 100 12 1 1 1 10 12 1 1 100 1 8 1 10 12 1 10 12 1 1 10 12 1 1 10 12 1 1 10 100 12 1 1 1 8 1 10 12 1 8 1 10 12 1 1 10 100 12 1 1 9 100 12 1 1 1 10 12 1 1 10 10 12 1 1 1 1 1 1 1 1 1 1 1 1 1 1 1 1 1 1 1 1 1 1 1 1 1 1 1 1 100 1 1 1 1
ciInstanceKlass java/util/Map 1 1 263 11 7 12 1 1 1 11 12 1 1 10 100 12 1 1 11 12 1 1 11 7 12 1 1 1 11 100 12 1 1 1 11 12 1 1 7 1 11 12 1 11 12 1 100 1 100 1 10 12 1 1 11 100 12 1 1 1 11 100 12 1 1 1 11 12 1 11 12 1 10 12 1 1 11 12 1 11 100 12 1 9 7 12 1 1 1 100 1 10 12 7 1 7 1 10 12 1 7 1 10 7 1 11 12 1 11 12 1 1 11 12 1 1 7 1 11 12 1 1 1 1 1 1 1 1 1 1 1 1 1 1 1 1 1 1 1 1 1 1 1 1 1 1 1 1 1 1 1 1 1 1 1 1 1 1 1 1 1 1 1 1 1 1 1 1 1 1 1 1 1 1 1 1 1 1 1 1 1 1 1 1 1 1 1 1 1 1 1 1 1 1 1 1 1 1 1 1 1 1 1 1 1 1 1 1 1 1 1 1 1 1 1 1 1 1 1 1 1 1 1 1 1 1 1 1 1 1 1 1 1 1 1 1 1 1 1 1 1 1 1 1 1 1 100 1 1 1 1 1 1 1 1 1 1 1 1 1 1 1 1 1 1
instanceKlass java/util/Hashtable
ciInstanceKlass java/util/Dictionary 1 1 36 10 7 12 1 1 1 100 1 1 1 1 1 1 1 1 1 1 1 1 1 1 1 1 1 1 1 1 1 1 1 1 1 1 1 1
instanceKlass java/util/Properties
ciInstanceKlass java/util/Hashtable 1 1 516 100 1 10 7 12 1 1 1 9 7 12 1 1 1 100 1 100 1 10 8 1 10 12 1 1 10 12 1 10 12 1 1 10 12 1 10 7 12 1 1 1 8 1 10 12 1 9 12 1 1 7 1 9 12 1 1 4 10 7 12 1 1 1 9 12 1 4 10 12 1 11 100 12 1 1 1 10 12 1 1 10 12 1 1 9 12 1 10 12 1 1 100 1 10 9 12 1 1 10 7 12 1 1 1 9 12 1 1 10 12 1 10 12 1 3 9 12 1 9 12 1 3 10 12 1 10 12 1 10 12 1 1 11 12 1 1 11 100 12 1 1 1 11 100 12 1 1 1 11 12 1 100 1 11 12 1 11 12 1 10 12 1 1 10 12 1 1 10 12 1 9 12 1 1 9 12 9 12 1 1 10 100 1 100 1 10 12 1 10 8 1 10 10 12 1 8 1 10 8 1 10 100 12 1 1 1 7 1 10 12 1 10 12 1 100 1 10 12 1 10 12 1 1 100 1 10 100 1 10 10 12 1 1 11 12 1 1 11 12 1 100 1 10 10 10 100 12 1 1 11 100 12 1 1 1 100 1 10 11 100 12 1 1 11 100 12 1 10 12 1 10 12 1 1 10 100 12 1 1 10 12 1 1 10 12 1 1 10 12 1 1 10 100 12 1 1 1 8 10 100 12 1 1 100 1 8 1 10 4 4 10 12 1 1 10 12 1 8 1 4 10 12 10 100 12 1 1 1 100 1 11 100 12 1 1 1 10 100 12 1 1 1 10 12 1 10 12 1 1 10 100 1 100 1 1 1 1 1 1 5 0 1 1 1 1 1 3 1 3 1 3 1 1 1 1 1 1 1 1 1 1 1 1 1 1 1 1 1 1 1 1 1 1 1 1 1 100 1 1 1 1 1 1 1 1 1 1 1 1 1 1 1 1 1 1 1 1 1 1 1 1 1 1 1 1 1 100 1 1 1 1 1 1 1 1 1 1 1 1 1 1 100 1 1 1 1 1 1 1 1 1 1 1 1 1 1 1 1 1 1 1 1 1 1 1 1 1 1 1 1 1 1 1 1 1 1 1 1 1 1 1 1 1 1 1 1 100 1 1 1 100 1 1 1 1 1 100 1 1 1 1 1 1 1 1 1 1 1 1 1 1 1 1 1 1
ciInstanceKlass java/util/Properties 1 1 690 10 7 12 1 1 1 100 1 10 7 12 1 1 7 1 10 12 1 9 12 1 1 9 12 1 1 9 12 1 1 10 7 12 1 1 1 10 12 1 1 8 1 10 7 12 1 1 1 7 1 10 12 1 10 12 1 1 8 1 10 12 1 7 1 10 12 10 12 1 1 9 12 1 1 10 12 1 1 7 1 10 12 1 10 12 1 10 12 1 1 100 1 8 1 10 12 1 10 12 1 10 12 1 1 10 12 1 100 1 3 10 10 100 12 1 1 1 10 12 1 10 12 1 1 8 1 10 12 1 10 12 1 1 8 1 10 100 12 1 1 10 12 1 1 10 12 1 10 12 1 1 100 1 10 12 1 10 12 1 1 100 1 9 100 12 1 1 1 10 12 1 10 12 1 1 10 12 1 1 10 12 1 1 100 1 9 12 1 1 7 1 100 1 10 12 1 100 1 11 7 12 1 1 1 11 12 1 1 11 100 12 1 1 1 11 7 12 1 1 1 11 12 1 1 11 12 1 11 12 1 10 12 1 1 8 1 10 12 1 10 100 12 1 1 10 12 1 100 1 10 10 12 1 10 12 1 100 1 10 10 12 1 1 10 100 12 1 1 9 100 12 1 1 10 12 1 1 10 100 12 1 1 1 100 1 100 1 100 1 10 8 1 8 1 10 12 1 10 12 1 10 12 1 1 10 10 12 1 1 10 12 1 1 100 1 10 10 12 1 11 7 12 1 1 10 7 12 1 1 1 8 1 10 100 12 1 1 11 11 7 1 8 1 10 100 1 11 10 12 1 10 10 12 1 10 12 1 1 10 12 1 1 10 12 1 1 10 12 1 10 12 1 10 10 12 1 10 12 1 10 12 1 10 10 12 1 1 10 12 1 1 10 10 12 1 10 12 1 10 12 1 10 12 1 10 12 1 1 10 12 1 1 10 12 1 10 12 1 10 12 1 1 10 12 10 12 1 1 10 12 1 1 10 12 1 10 12 1 1 10 12 1 1 10 12 10 11 12 1 4 11 10 12 1 1 10 100 12 1 1 11 12 1 10 12 1 1 10 100 12 1 1 10 12 1 100 1 8 1 10 12 1 10 10 100 12 1 1 1 100 1 6 0 10 12 1 1 11 100 12 1 1 1 10 12 1 10 12 1 1 1 1 1 5 0 1 1 1 1 1 1 1 1 1 1 1 1 1 1 1 1 1 1 1 1 1 1 1 1 1 1 1 1 1 1 1 1 1 1 1 1 1 1 1 100 1 1 1 1 1 1 1 1 1 1 1 1 1 1 1 1 1 1 1 1 100 1 1 1 1 1 1 1 1 1 1 1 1 100 1 100 1 1 1 1 1 100 1 1 1 1 1 1 1 1 1 1 1 1 1 1 1 1 1 1 1 1 1 1 1 1 1 1 1 1 1 1 1 1 1 1 1 1 1 1 1 1 1 1 1 1 1 1 1 1 1 1 1 1 1 1 1 1 1 1 1 1 1 1 1 1 1 1 1 1 1 1 1 1 1 1 1 1 1 100 1 1 1 1 1 1 1 1 1 1 1 100 1 1
staticfield java/util/Properties UNSAFE Ljdk/internal/misc/Unsafe; jdk/internal/misc/Unsafe
ciInstanceKlass java/lang/Module 1 1 1070 10 7 12 1 1 1 9 7 12 1 1 1 10 7 12 1 1 1 9 12 1 9 12 1 1 9 12 1 1 10 12 1 1 10 12 1 10 12 1 1 10 7 12 1 1 1 7 1 10 7 12 1 1 1 10 12 1 1 11 7 12 1 1 1 10 12 1 1 10 7 12 1 1 1 10 12 1 1 10 7 12 1 1 1 9 100 12 1 1 1 10 100 12 1 1 1 10 12 1 8 1 10 7 12 1 1 1 10 7 12 1 1 1 10 7 12 1 1 1 10 12 1 10 12 1 9 12 1 1 10 100 12 1 1 100 1 7 1 10 8 1 10 12 1 1 10 12 1 10 12 10 12 1 10 7 12 1 1 8 1 8 1 10 8 1 8 1 9 12 1 1 8 1 10 100 12 1 1 1 10 12 1 9 12 1 1 11 12 1 9 7 12 1 1 10 7 12 1 1 1 10 100 12 1 1 1 10 12 1 1 8 1 10 12 1 1 10 12 1 10 12 1 1 9 7 12 1 1 1 10 12 1 1 10 12 1 1 9 12 1 10 12 1 10 12 1 9 12 1 1 11 7 12 1 1 10 12 1 1 9 12 1 9 12 1 10 12 1 10 12 1 100 1 8 1 10 10 12 1 1 10 12 1 8 1 10 12 1 1 8 1 8 1 10 12 1 1 10 12 1 10 12 1 1 18 12 1 1 10 12 1 1 11 12 1 9 12 1 11 12 10 100 12 1 1 100 1 8 1 10 11 12 1 1 10 7 12 1 1 1 10 12 1 10 12 1 1 11 12 1 1 11 7 12 1 1 11 12 1 1 9 12 1 11 12 1 10 12 1 1 10 12 1 1 9 12 1 10 12 10 7 12 1 1 10 7 1 18 12 1 1 11 100 12 1 1 1 18 12 1 11 12 1 1 10 100 12 1 1 1 11 12 1 1 10 7 12 1 1 7 1 11 12 1 7 1 7 1 10 12 1 10 7 12 1 1 1 10 11 7 12 1 8 1 10 10 12 1 1 10 7 12 1 1 10 12 1 10 12 1 7 1 10 12 1 10 11 12 1 1 10 12 10 12 1 1 9 12 1 1 100 1 10 10 12 1 1 11 7 1 10 12 1 1 11 12 1 10 10 12 1 11 10 12 1 1 10 12 1 1 10 12 1 1 10 7 12 1 1 10 12 1 10 12 1 1 10 10 12 1 1 10 12 1 18 12 1 11 12 1 18 12 1 10 12 1 10 12 1 10 12 7 1 10 12 1 10 12 1 10 12 1 9 12 1 7 1 10 10 10 10 12 1 10 12 1 10 12 1 10 12 1 1 10 12 1 1 10 12 1 9 12 1 18 12 1 1 10 100 12 1 1 1 100 1 8 1 10 12 1 1 10 12 1 1 10 100 12 1 1 100 1 10 12 1 1 100 1 8 1 10 12 1 1 100 1 11 12 1 1 10 100 12 1 1 1 18 12 1 1 11 100 12 1 1 1 100 1 10 12 1 10 12 1 1 100 1 100 1 10 12 8 1 10 12 1 1 10 12 1 1 10 100 12 1 1 10 12 1 1 10 12 1 10 12 10 12 1 1 100 1 10 10 12 1 1 10 100 12 1 1 1 100 1 10 12 1 1 10 7 12 1 1 8 1 18 12 1 1 100 1 100 1 9 12 1 1 9 12 1 9 12 1 11 100 12 1 1 1 100 1 11 12 1 1 100 1 10 12 1 8 1 10 12 1 10 12 10 12 1 8 1 10 10 100 12 1 1 7 1 10 10 12 1 10 7 12 1 1 9 12 1 9 12 1 9 12 1 9 12 1 10 12 11 12 1 10 12 1 100 1 1 1 1 1 1 1 1 1 1 1 1 1 1 1 1 1 1 1 100 1 1 1 1 1 1 1 1 1 1 1 1 1 1 1 1 1 1 1 1 1 1 1 1 1 1 1 1 1 1 1 1 1 1 1 1 1 1 1 1 1 1 1 1 1 1 1 1 1 1 1 1 1 1 1 1 1 1 1 1 1 1 1 1 1 1 1 1 1 1 1 1 1 1 1 1 1 1 1 1 1 1 1 1 1 1 1 1 1 1 1 1 1 1 1 100 100 1 1 1 1 1 1 1 1 1 1 1 1 1 1 1 1 1 1 1 1 1 1 1 1 1 1 1 100 1 7 1 1 1 1 1 1 1 1 1 1 1 1 1 1 1 1 1 1 1 1 100 1 1 1 1 1 1 1 1 1 1 1 1 1 1 1 1 1 1 1 1 1 1 1 16 15 10 12 16 16 15 10 12 16 16 15 10 16 1 15 10 12 16 1 15 10 12 16 1 16 15 10 12 16 16 1 15 10 12 16 15 10 7 12 1 1 1 15 10 100 12 1 1 1 1 1 1 1 1 1 1 1 100 1 100 1 1 100 1 100 1 1
staticfield java/lang/Module ALL_UNNAMED_MODULE Ljava/lang/Module; java/lang/Module
staticfield java/lang/Module ALL_UNNAMED_MODULE_SET Ljava/util/Set; java/util/ImmutableCollections$Set12
staticfield java/lang/Module EVERYONE_MODULE Ljava/lang/Module; java/lang/Module
staticfield java/lang/Module EVERYONE_SET Ljava/util/Set; java/util/ImmutableCollections$Set12
staticfield java/lang/Module $assertionsDisabled Z 1
instanceKlass java/lang/reflect/Executable
instanceKlass java/lang/reflect/Field
ciInstanceKlass java/lang/reflect/AccessibleObject 1 1 400 10 7 12 1 1 1 9 100 12 1 1 1 10 100 12 1 1 1 10 7 12 1 1 10 7 12 1 1 1 10 100 12 1 1 1 10 12 1 1 10 12 1 1 9 12 1 1 7 1 10 7 12 1 1 1 11 12 1 100 1 10 12 1 7 1 100 1 10 12 1 10 12 1 1 10 12 1 1 10 12 1 1 10 12 1 1 7 1 10 7 12 1 1 1 10 12 1 1 11 10 7 12 1 1 1 10 12 1 1 10 12 1 10 12 1 10 12 1 1 10 12 1 8 1 100 1 100 1 10 10 12 1 1 8 1 10 12 1 10 12 1 8 1 8 1 8 1 8 1 8 1 8 1 8 1 8 1 8 1 100 1 10 12 1 10 12 1 9 12 1 1 10 12 1 1 10 12 1 10 100 1 100 1 8 1 10 8 1 10 12 1 8 1 10 12 1 10 12 1 1 10 100 1 8 1 10 11 7 12 1 1 1 10 12 1 1 10 12 1 1 10 12 1 1 9 12 1 1 100 1 10 12 1 7 1 10 12 1 10 12 1 1 10 100 1 10 12 1 10 12 10 12 1 10 12 1 10 12 1 1 10 12 1 9 12 1 10 7 12 1 1 8 1 10 7 12 1 1 1 8 1 10 100 12 1 1 1 9 12 1 100 1 10 7 1 10 10 7 12 1 1 1 7 1 10 10 7 12 1 1 1 7 1 9 12 1 1 1 1 1 1 1 1 1 1 1 1 1 1 1 1 1 1 1 1 1 1 1 1 1 1 1 1 1 1 1 1 1 1 1 1 1 1 1 1 1 1 1 1 1 1 1 1 1 1 1 1 1 1 1 1 1 1 1 1 1 1 1 1 1 1 1 1 1 1 1 1 1 1 1 1 1 1 1 1 1 1 1 1
staticfield java/lang/reflect/AccessibleObject reflectionFactory Ljdk/internal/reflect/ReflectionFactory; jdk/internal/reflect/ReflectionFactory
ciInstanceKlass java/lang/reflect/Member 1 1 37 100 1 10 12 1 1 100 1 100 1 1 1 1 3 1 3 1 1 1 1 1 1 1 1 1 1 1 1 1 1 1 1 1 1 1 1
ciInstanceKlass java/lang/reflect/Field 1 1 457 9 7 12 1 1 1 10 12 1 1 10 100 12 1 1 1 10 100 12 1 1 9 12 1 1 10 12 1 1 10 12 1 1 10 100 12 1 1 10 7 12 1 1 1 9 12 1 1 9 12 1 9 12 1 9 12 1 1 9 12 1 1 9 12 1 9 12 1 1 9 12 1 1 100 1 8 1 10 12 1 10 12 1 9 12 1 1 9 12 1 10 12 1 10 7 12 1 1 10 12 1 1 10 12 1 1 10 12 1 10 12 1 1 9 100 12 1 1 1 10 100 12 1 1 1 7 1 10 12 1 1 10 12 1 1 10 12 1 1 10 12 1 10 12 1 10 7 1 10 7 12 1 1 100 1 10 8 1 10 12 1 1 10 12 1 1 8 1 10 12 10 12 1 8 1 8 1 10 11 100 1 9 12 1 10 12 1 1 10 12 1 1 11 7 12 1 1 1 10 12 1 11 12 1 1 11 12 1 1 11 12 1 1 11 12 1 1 11 12 1 1 11 12 1 1 11 12 1 1 11 12 1 1 11 12 1 1 11 12 1 1 11 12 1 1 11 12 1 1 11 12 1 1 11 12 1 1 11 12 1 1 11 12 1 1 11 12 1 1 10 12 1 10 100 12 1 1 10 12 1 10 12 1 10 12 1 9 12 1 1 10 7 12 1 1 1 10 12 1 1 10 12 1 10 7 12 1 1 10 12 1 1 11 7 1 10 12 1 7 1 10 100 12 1 1 1 10 7 12 1 1 1 9 12 1 10 7 12 1 1 1 11 7 12 1 1 1 10 12 1 1 10 12 1 1 9 100 12 1 1 10 100 12 1 1 1 10 12 1 1 100 1 1 1 1 1 1 1 1 1 1 1 1 1 1 1 1 1 1 1 1 1 1 1 1 1 1 1 1 1 1 1 1 1 1 1 1 1 1 1 100 1 1 1 1 1 1 1 1 1 1 1 1 1 1 1 1 1 1 1 1 1 1 1 1 1 1 1 1 1 1 1 1 100 1 1 1 1 1 1 1 1 1 100 1 1
ciInstanceKlass java/lang/reflect/Parameter 0 0 243 10 100 12 1 1 1 9 100 12 1 1 1 9 12 1 1 9 12 1 1 9 12 1 10 12 1 1 10 12 1 1 10 100 12 1 1 1 100 1 10 10 12 1 1 11 100 12 1 1 1 10 12 1 10 100 12 1 1 1 10 12 1 1 10 12 1 10 12 1 8 1 8 1 10 100 12 1 1 1 10 12 1 10 12 9 100 12 1 1 1 10 100 12 1 1 1 10 12 1 8 1 10 12 1 9 12 1 1 10 12 1 1 9 12 1 1 10 12 1 1 10 12 1 1 10 12 1 1 10 12 1 10 10 12 1 10 100 12 1 1 1 10 12 1 1 11 100 12 1 1 10 100 12 1 1 100 1 10 100 12 1 1 1 10 12 1 1 10 12 1 1 10 12 1 1 10 12 1 1 9 12 1 100 1 10 11 12 1 1 11 12 1 1 100 1 1 1 1 1 1 1 1 1 1 1 1 1 1 1 1 1 1 1 1 1 1 1 1 1 1 1 1 1 1 1 1 1 1 1 1 1 1 1 1 1 100 1 1 1 1 1 1
instanceKlass java/lang/reflect/Constructor
instanceKlass java/lang/reflect/Method
ciInstanceKlass java/lang/reflect/Executable 1 1 581 10 7 12 1 1 1 10 7 12 1 1 1 10 7 12 1 1 1 11 7 12 1 1 1 10 7 12 1 1 1 10 12 1 1 10 7 12 1 1 1 10 100 12 1 1 1 10 12 1 8 1 10 10 12 1 1 10 12 1 1 10 100 12 1 1 1 18 12 1 1 11 100 12 1 1 1 8 1 8 1 8 1 10 100 12 1 1 1 11 12 1 1 100 1 8 1 8 1 10 12 1 100 1 8 1 10 12 1 8 1 11 100 12 1 1 1 100 1 11 100 12 1 1 1 11 12 1 8 1 18 8 1 10 12 1 10 12 1 1 18 8 1 10 12 1 100 1 10 12 1 10 12 1 11 12 1 10 12 1 1 8 1 8 1 10 12 1 1 10 12 1 1 10 10 12 1 9 100 12 1 1 1 10 100 12 1 1 1 10 12 1 10 12 1 1 10 7 12 1 1 10 12 1 10 12 1 10 12 1 10 7 12 1 1 100 1 10 100 12 1 1 1 10 12 1 1 10 100 12 1 1 10 12 1 10 12 1 1 9 100 12 1 1 1 10 100 10 12 1 8 1 10 12 1 10 12 1 3 100 1 8 1 10 12 1 10 12 1 10 10 12 1 10 12 1 1 8 1 8 1 8 1 9 12 1 1 9 12 1 10 12 1 100 1 8 1 10 12 1 10 12 1 10 12 1 1 10 12 1 1 10 12 1 10 12 10 12 1 100 1 10 12 1 10 12 1 1 100 1 10 100 12 1 1 1 100 1 10 7 12 1 1 1 10 12 1 1 11 7 12 1 1 10 12 1 10 100 12 1 1 1 10 12 1 1 9 12 1 10 12 1 1 10 12 1 10 12 1 1 9 100 12 1 1 1 10 100 12 1 1 1 10 12 1 10 12 1 1 9 12 1 10 10 10 10 100 12 1 1 1 10 12 1 9 12 1 10 12 1 1 9 12 1 100 1 100 1 1 1 1 1 1 1 1 1 1 1 1 1 1 1 1 1 1 1 1 1 1 1 1 1 1 1 1 1 1 1 1 1 1 1 1 100 1 1 1 1 1 1 1 1 1 1 1 1 1 1 1 1 1 1 1 100 1 1 1 1 1 1 1 1 1 1 1 1 1 1 1 1 1 1 1 1 1 1 1 1 1 1 1 1 1 1 1 1 1 1 1 1 1 1 1 1 1 1 1 100 1 1 1 1 1 1 1 1 1 1 1 1 1 1 1 1 1 1 1 1 1 1 100 1 1 16 15 16 1 16 1 15 10 12 16 15 10 100 12 1 1 1 1 1 1 100 1 1 100 1 100 1 1
ciInstanceKlass java/lang/reflect/Method 1 1 472 9 7 12 1 1 1 10 7 12 1 1 1 10 7 12 1 1 9 12 1 1 10 12 1 1 10 12 1 1 10 7 12 1 1 10 7 12 1 1 1 9 12 1 1 9 12 1 9 12 1 1 9 12 1 9 12 1 9 12 1 1 9 12 1 9 12 1 1 9 12 1 9 12 1 9 12 1 1 100 1 8 1 10 12 1 10 12 1 9 12 1 1 8 1 10 7 12 1 1 10 7 12 1 1 1 10 12 1 1 10 12 1 1 10 12 1 10 12 1 1 10 12 1 1 9 100 12 1 1 1 10 12 1 1 10 12 10 7 12 1 1 10 12 1 1 10 12 1 10 12 1 10 12 1 10 7 12 1 1 1 10 12 1 1 10 7 1 10 100 12 1 1 1 10 7 12 1 1 10 12 1 1 10 12 1 1 10 12 1 10 7 12 1 1 1 10 12 1 10 8 1 10 12 1 10 12 1 7 1 8 1 8 1 8 1 10 12 1 10 12 1 1 10 12 1 1 10 10 12 1 1 10 12 1 11 100 1 10 12 1 9 12 1 1 10 12 1 1 10 12 1 10 12 1 1 10 12 1 1 11 7 12 1 1 1 11 12 1 9 12 1 1 10 12 1 10 12 1 10 12 1 10 12 1 10 12 1 10 12 1 9 12 1 1 10 7 12 1 1 1 10 7 12 1 1 10 12 1 1 10 7 12 1 1 1 10 7 12 1 1 1 10 7 12 1 1 1 11 7 12 1 1 1 10 7 12 1 1 1 7 1 100 1 100 1 10 12 1 10 12 1 1 10 12 1 100 1 8 1 10 12 1 10 10 12 1 1 10 12 1 1 10 12 1 1 10 12 1 1 8 1 10 12 1 1 1 1 1 1 1 1 1 1 1 1 1 1 1 1 1 1 1 1 1 1 1 1 1 1 1 1 1 1 1 1 1 1 1 1 1 1 1 1 1 1 1 1 1 1 1 1 1 1 1 1 1 100 1 100 1 100 1 1 1 1 1 1 1 1 1 1 1 1 1 1 1 1 1 1 1 1 1 1 1 1 1 1 1 1 1 1
ciInstanceKlass java/lang/reflect/Constructor 1 1 439 10 7 12 1 1 1 10 7 12 1 1 9 7 12 1 1 1 10 12 1 1 10 12 1 1 10 7 12 1 1 9 12 1 1 10 7 12 1 1 1 9 12 1 1 9 12 1 1 9 12 1 9 12 1 1 9 12 1 9 12 1 1 9 12 1 1 9 12 1 100 1 8 1 10 12 1 10 12 1 9 12 1 1 10 7 12 1 1 10 7 12 1 1 1 10 12 1 1 10 12 1 1 10 12 1 7 1 100 1 8 1 10 10 12 1 10 12 1 10 12 1 1 10 12 1 1 9 100 12 1 1 1 10 7 12 1 1 10 12 1 1 10 12 1 10 12 1 1 10 100 12 1 1 1 10 100 12 1 1 10 12 1 1 10 12 1 10 100 12 1 1 1 8 1 10 10 12 1 100 1 8 1 10 12 1 10 12 1 1 10 12 1 1 10 12 1 10 12 1 10 12 1 1 10 12 1 1 9 12 1 1 10 12 1 1 10 12 1 1 10 12 1 1 11 7 12 1 1 1 10 12 1 1 10 12 1 10 12 1 10 12 1 8 1 9 12 1 1 10 7 12 1 1 1 10 7 12 1 1 10 12 1 1 10 12 1 1 10 12 1 1 10 12 1 1 10 12 1 9 100 12 1 1 10 12 1 10 12 1 10 12 1 100 1 8 1 10 10 12 1 1 10 12 1 10 10 12 1 1 10 12 1 1 10 100 12 1 1 1 11 100 12 1 1 1 10 12 1 1 9 100 12 1 1 1 10 100 12 1 1 1 10 12 1 1 1 1 1 1 1 1 1 1 1 1 1 1 1 1 1 1 1 1 1 1 1 1 1 1 1 1 1 1 1 1 1 1 1 1 1 1 1 1 1 1 1 1 1 1 1 1 1 1 1 1 100 1 100 1 100 1 100 1 1 1 1 1 1 1 1 1 1 1 1 1 1 1 1 1 1 1 1 1 1 1 1 1 1 1 1 1 1 1 1 1 100 1 1
ciInstanceKlass jdk/internal/vm/ContinuationScope 0 0 50 10 100 12 1 1 1 10 100 12 1 1 1 100 1 9 100 12 1 1 1 10 12 1 1 10 100 12 1 1 1 10 12 1 1 10 12 1 1 1 1 1 1 1 1 1 1 1 1 1
ciInstanceKlass jdk/internal/vm/Continuation 0 0 549 9 100 12 1 1 1 9 12 1 9 12 1 100 1 100 1 10 12 1 1 8 1 10 12 1 1 10 12 1 10 12 1 1 10 12 1 9 100 12 1 1 1 11 100 12 1 1 1 10 100 1 9 12 1 1 9 12 1 1 10 8 1 10 12 1 9 12 1 1 10 11 12 1 1 100 1 10 100 12 1 1 1 10 12 1 1 10 12 1 10 12 1 1 11 12 1 1 9 12 1 1 10 12 1 1 18 12 1 1 10 100 12 1 1 1 100 1 10 12 1 11 100 12 1 1 1 10 12 1 9 12 1 10 12 1 1 100 1 8 1 10 12 1 10 12 1 1 9 12 1 1 11 12 1 1 9 12 1 1 8 1 10 11 12 1 1 11 12 1 1 10 12 1 1 10 12 1 1 9 12 1 10 12 1 10 10 12 1 8 1 10 12 1 8 1 8 1 10 100 12 1 1 1 10 100 12 1 1 1 10 12 1 9 12 1 11 12 1 100 1 10 12 1 10 12 1 1 9 12 1 1 100 1 10 12 1 1 9 12 1 1 10 12 1 10 12 1 11 100 12 1 1 10 100 1 10 12 1 8 1 9 12 1 10 12 1 1 9 12 1 1 10 100 12 1 1 8 1 8 1 8 1 8 1 10 12 1 1 10 12 1 10 12 1 10 12 1 10 12 1 1 10 12 1 1 8 1 10 12 1 1 9 12 1 1 10 12 1 1 9 12 1 8 1 10 100 12 1 1 1 10 12 1 8 1 100 1 8 1 10 9 12 1 1 8 1 10 100 12 1 1 10 100 12 1 1 8 1 8 1 10 12 10 100 12 1 1 1 10 100 1 10 100 12 1 1 1 18 11 100 12 1 1 1 18 12 1 11 12 1 1 100 1 10 100 12 1 1 10 12 1 1 8 10 12 1 1 10 100 12 1 1 1 10 100 12 1 1 10 12 1 8 1 10 12 1 100 1 100 1 10 12 1 1 1 1 1 1 1 1 1 1 1 1 1 1 1 1 1 1 1 1 1 1 1 1 1 1 1 1 1 1 1 1 1 1 1 1 1 1 1 1 1 1 1 1 1 1 1 1 1 1 1 1 1 1 1 1 1 1 1 1 1 1 1 1 1 1 1 1 1 1 1 1 1 1 1 100 1 1 16 1 15 10 12 16 15 11 100 12 1 1 1 16 1 16 1 15 10 12 16 15 10 100 12 1 1 1 1 1 1 1 1 100 1 100 1 1
ciInstanceKlass jdk/internal/vm/StackChunk 0 0 32 10 100 12 1 1 1 9 100 12 1 1 1 9 12 1 1 9 12 1 1 1 1 1 1 1 1 1 1 1 1 1
instanceKlass jdk/internal/reflect/FieldAccessorImpl
instanceKlass jdk/internal/reflect/ConstructorAccessorImpl
instanceKlass jdk/internal/reflect/MethodAccessorImpl
ciInstanceKlass jdk/internal/reflect/MagicAccessorImpl 1 1 16 10 7 12 1 1 1 100 1 1 1 1 1 1 1 1
ciInstanceKlass jdk/internal/reflect/MethodAccessor 1 0 17 100 1 100 1 1 1 1 100 1 100 1 1 1 1 1 1
instanceKlass jdk/internal/reflect/DirectMethodHandleAccessor
ciInstanceKlass jdk/internal/reflect/MethodAccessorImpl 1 1 38 10 7 12 1 1 1 10 100 12 1 1 1 100 1 1 1 1 1 1 1 100 1 100 1 1 1 1 1 1 1 1 1 1 1 1 1 1
ciInstanceKlass jdk/internal/reflect/ConstructorAccessor 1 0 16 100 1 100 1 1 1 1 100 1 100 1 100 1 1 1
instanceKlass jdk/internal/reflect/DirectConstructorHandleAccessor$NativeAccessor
instanceKlass jdk/internal/reflect/DirectConstructorHandleAccessor
instanceKlass jdk/internal/reflect/NativeConstructorAccessorImpl
ciInstanceKlass jdk/internal/reflect/ConstructorAccessorImpl 1 1 27 10 7 12 1 1 1 100 1 100 1 1 1 1 1 1 1 1 1 100 1 100 1 100 1 1 1
ciInstanceKlass jdk/internal/reflect/DelegatingClassLoader 0 0 18 10 100 12 1 1 1 100 1 1 1 1 1 1 1 1 1 1
ciInstanceKlass jdk/internal/reflect/ConstantPool 1 1 142 10 100 12 1 1 1 9 7 12 1 1 1 10 12 1 1 10 12 1 1 10 12 1 10 12 1 1 10 12 1 1 10 12 1 10 12 1 1 10 12 1 10 12 1 1 10 12 1 10 12 1 10 12 1 10 12 1 1 10 12 1 1 10 12 1 1 10 12 1 1 10 12 1 10 12 1 1 10 100 12 1 1 1 8 11 7 12 1 1 1 10 7 12 1 1 1 1 1 1 1 1 1 1 1 1 1 1 1 1 1 1 1 1 1 1 1 1 1 1 1 1 1 1 1 1 1 1 1 1 1 1 1 1 1 1 1 1 1 1 1 1
ciInstanceKlass jdk/internal/reflect/FieldAccessor 1 0 48 100 1 100 1 1 1 1 100 1 1 1 1 1 1 1 1 1 1 1 1 1 1 1 1 1 1 1 100 1 1 1 1 1 1 1 1 1 1 1 1 1 1 1 1 1 1 1
instanceKlass jdk/internal/reflect/MethodHandleFieldAccessorImpl
instanceKlass jdk/internal/reflect/UnsafeFieldAccessorImpl
ciInstanceKlass jdk/internal/reflect/FieldAccessorImpl 1 1 269 10 7 12 1 1 1 9 7 12 1 1 1 10 100 12 1 1 1 10 100 12 1 1 10 100 12 1 1 1 10 12 1 1 100 1 10 10 12 1 1 10 12 1 1 8 1 10 10 12 1 100 1 8 1 10 12 1 8 1 10 12 1 8 1 10 12 1 100 1 10 12 1 1 10 8 1 10 12 1 1 8 1 10 100 12 1 1 8 1 10 100 12 1 1 8 1 10 100 12 1 1 8 1 10 100 12 1 1 8 1 10 100 12 1 1 8 1 10 100 12 1 1 8 1 10 100 12 1 1 8 1 10 100 12 1 1 10 12 1 1 8 1 10 12 1 1 10 100 12 1 1 1 8 1 10 12 1 8 1 8 1 8 1 8 1 10 100 12 1 1 1 8 1 8 1 8 1 10 12 100 1 1 1 1 1 1 1 1 1 1 1 1 1 1 1 1 1 1 1 1 1 1 1 1 1 1 1 1 1 1 1 1 1 1 1 1 1 1 1 1 1 1 1 1 1 1 1 1 1 1 1 1 1 1 1 1 1 1 1 1 1 1 1 1 1 1 1 1 1 1 1 1 1 1 1 1 1 1 1 1 1 1 1 1 1 1 1 1
instanceKlass jdk/internal/reflect/UnsafeStaticFieldAccessorImpl
ciInstanceKlass jdk/internal/reflect/UnsafeFieldAccessorImpl 0 0 62 10 100 12 1 1 1 10 100 12 1 1 1 10 100 12 1 1 1 9 100 12 1 1 10 12 1 9 12 1 1 10 100 12 1 1 1 9 12 1 1 10 12 1 10 12 1 1 1 1 1 1 1 1 1 1 1 1 1 1 1 1
ciInstanceKlass jdk/internal/reflect/UnsafeStaticFieldAccessorImpl 0 0 47 10 100 12 1 1 1 9 100 12 1 1 1 10 100 12 1 1 1 9 12 1 1 8 11 100 12 1 1 1 10 100 12 1 1 1 1 1 1 1 1 1 1 1 1 1 1
ciInstanceKlass java/lang/annotation/Annotation 1 0 17 100 1 100 1 1 1 1 1 1 1 1 1 1 1 1 1
ciInstanceKlass jdk/internal/reflect/CallerSensitive 0 0 17 100 1 100 1 100 1 1 1 1 1 1 1 1 1 1 1
ciInstanceKlass jdk/internal/reflect/NativeConstructorAccessorImpl 0 0 125 10 100 12 1 1 1 9 100 12 1 1 1 100 1 10 12 1 9 12 1 1 9 12 1 1 10 100 12 1 1 1 10 100 12 1 1 1 10 100 12 1 1 1 9 12 1 9 12 1 1 9 12 1 1 10 100 12 1 1 1 100 1 10 10 12 1 1 10 12 1 10 12 1 1 10 12 1 100 1 10 12 1 1 10 12 1 1 8 10 12 1 1 1 1 1 1 1 1 1 1 1 1 1 1 1 1 1 1 1 1 1 1 100 1 100 1 100 1 1 1 1 1 1 1
instanceKlass java/lang/invoke/DelegatingMethodHandle
instanceKlass java/lang/invoke/BoundMethodHandle
instanceKlass java/lang/invoke/DirectMethodHandle
ciInstanceKlass java/lang/invoke/MethodHandle 1 1 733 100 1 9 7 12 1 1 1 10 7 12 1 1 1 10 7 12 1 1 1 7 1 7 1 10 12 1 1 9 12 1 1 10 12 1 10 12 1 1 10 12 1 1 10 100 12 1 1 1 10 12 1 1 10 12 1 1 11 100 12 1 1 1 10 12 1 1 10 12 1 10 12 1 10 12 1 1 9 12 1 1 9 12 1 1 10 100 12 1 1 1 10 12 1 1 10 12 1 10 12 1 100 1 100 1 10 8 1 10 12 1 1 10 12 1 8 1 10 12 1 1 10 12 1 10 7 12 1 1 1 10 12 1 1 10 12 1 1 10 12 1 1 10 7 12 1 1 1 10 12 1 1 10 12 1 1 10 12 1 10 12 1 1 10 100 12 1 1 10 7 12 1 1 10 12 1 10 12 1 10 12 1 1 10 12 1 1 10 12 1 1 10 12 1 1 10 7 12 1 1 1 10 7 12 1 1 1 10 12 1 1 10 12 1 1 10 12 1 1 8 1 10 7 12 1 1 1 8 1 10 12 1 10 12 1 1 10 12 1 1 10 12 1 8 1 10 12 1 1 8 1 10 12 1 8 1 10 100 12 1 1 1 9 12 1 1 100 1 10 9 100 12 1 1 1 9 100 1 8 1 10 12 1 1 10 12 1 10 12 1 1 10 12 1 10 12 1 1 10 12 1 10 12 1 1 10 12 1 10 12 1 1 10 12 1 1 8 1 10 12 1 1 8 1 10 12 1 10 12 1 1 10 12 1 10 12 1 10 12 1 1 9 100 12 1 1 1 10 12 1 1 11 12 1 10 12 1 10 12 1 1 10 100 12 1 1 100 1 11 12 1 10 100 1 11 12 1 100 1 10 12 1 11 12 1 9 100 12 1 1 1 11 12 1 1 11 100 12 1 1 1 10 12 1 1 9 12 1 11 12 1 9 12 1 9 12 1 9 12 1 11 12 1 1 9 12 1 9 12 1 9 12 1 9 12 1 9 12 1 9 12 1 9 12 1 8 1 10 12 1 10 12 1 8 1 10 12 1 10 12 1 10 12 1 1 10 10 10 7 12 1 1 10 12 1 1 100 1 100 1 8 1 8 1 10 10 12 1 1 10 12 1 10 12 1 100 1 10 100 12 1 1 1 10 9 7 12 1 1 1 10 12 1 1 10 12 1 1 8 1 8 1 10 100 12 1 1 9 12 1 9 12 1 1 9 12 1 1 10 12 1 7 1 10 12 1 10 12 1 1 9 12 1 1 9 12 1 1 10 7 12 1 1 1 11 7 12 1 1 9 12 1 10 12 1 1 9 12 1 10 12 1 8 10 12 1 1 8 1 1 1 1 1 1 1 1 100 1 1 1 1 1 1 1 1 1 1 1 1 1 1 1 1 1 1 1 1 1 1 1 1 1 1 1 1 1 1 100 1 1 1 1 1 1 1 1 1 1 1 1 1 1 1 1 1 1 1 1 1 1 1 1 1 1 1 1 1 1 1 1 1 1 1 1 1 1 1 1 1 1 1 1 1 1 1 1 1 1 1 1 1 1 1 1 1 1 1 1 1 1 1 1 1 1 1 1 1 1 1 1 1 1 1 1 1 1 1 1 1 1 1 1 1 1 100 1 1 100 1 100 1 100 1 1 100 1 1 100 1 1 1 1
staticfield java/lang/invoke/MethodHandle FORM_OFFSET J 20
staticfield java/lang/invoke/MethodHandle UPDATE_OFFSET J 13
staticfield java/lang/invoke/MethodHandle $assertionsDisabled Z 1
instanceKlass java/lang/invoke/DirectMethodHandle$Interface
instanceKlass java/lang/invoke/DirectMethodHandle$Special
instanceKlass java/lang/invoke/DirectMethodHandle$Constructor
instanceKlass java/lang/invoke/DirectMethodHandle$Accessor
instanceKlass java/lang/invoke/DirectMethodHandle$StaticAccessor
ciInstanceKlass java/lang/invoke/DirectMethodHandle 1 1 923 7 1 7 1 100 1 7 1 7 1 10 7 12 1 1 1 10 7 12 1 1 1 100 1 10 12 1 10 12 1 1 10 7 12 1 1 10 12 1 1 10 12 1 10 12 1 7 1 10 12 1 1 10 12 1 1 10 12 1 10 12 1 1 10 7 12 1 1 1 10 12 1 9 12 1 1 100 1 10 9 12 1 1 9 12 1 10 12 1 10 12 1 10 12 1 1 10 12 1 10 12 1 10 12 1 10 7 12 1 1 1 10 12 1 10 12 1 1 8 1 10 12 1 1 7 1 10 12 1 7 1 10 10 12 1 10 12 1 10 12 1 10 7 12 1 1 1 10 12 1 1 7 1 10 12 1 10 12 1 7 1 10 12 1 10 12 1 1 10 12 1 1 10 12 1 8 10 100 12 1 1 1 10 12 1 10 12 1 10 12 1 1 10 12 1 9 7 12 1 1 1 7 1 10 12 1 10 7 12 1 1 1 10 12 1 10 12 1 1 9 12 1 1 100 1 10 8 1 10 12 1 1 10 12 1 1 8 1 10 12 1 10 12 1 10 10 12 1 10 12 1 10 12 1 10 12 1 10 12 1 1 10 12 1 10 12 1 1 10 12 1 10 12 1 1 10 10 7 12 1 1 1 10 12 1 10 12 1 1 10 12 1 10 12 1 1 8 1 9 7 12 1 1 1 8 1 9 12 1 9 12 1 8 1 9 12 1 9 12 1 8 1 9 12 1 9 12 1 8 1 10 12 1 10 12 1 1 9 12 1 1 7 1 10 12 1 1 100 1 10 7 12 1 1 1 10 12 1 1 10 12 1 10 12 1 1 7 1 10 12 1 1 10 12 1 10 12 1 1 7 1 10 12 1 1 10 12 1 10 7 12 1 1 1 10 12 1 10 12 1 1 10 12 1 9 12 1 1 10 7 1 9 12 9 12 1 10 7 12 1 1 1 10 12 1 7 1 7 1 7 1 9 12 1 1 10 7 12 1 1 1 10 12 10 12 1 100 1 10 12 1 10 12 1 1 8 1 9 12 1 9 12 1 10 12 1 1 9 12 1 1 10 7 12 1 1 1 9 12 1 1 9 12 1 1 10 12 1 10 12 1 10 12 1 10 12 1 1 10 12 1 9 12 1 10 12 1 10 12 1 10 12 1 10 12 1 1 10 12 1 1 9 12 1 1 10 12 1 1 9 7 12 1 1 1 9 12 1 9 12 1 9 12 1 9 12 1 9 12 1 9 12 1 9 12 1 9 12 1 9 12 1 9 12 1 9 12 1 9 12 1 9 12 1 9 12 1 9 12 1 9 12 1 9 12 1 9 12 1 9 12 1 9 12 1 9 12 1 9 12 1 9 12 1 9 12 1 9 12 1 9 12 1 9 12 1 9 12 1 9 12 1 9 12 1 9 12 1 9 12 1 9 12 1 9 12 1 9 12 1 9 12 1 8 1 9 12 1 1 9 12 1 1 10 12 1 10 12 1 1 9 7 1 10 12 1 9 12 1 1 10 12 10 12 1 10 12 1 10 12 1 10 12 1 10 8 1 8 1 8 1 8 1 10 12 1 1 9 12 1 1 10 12 1 10 100 12 1 1 1 8 9 12 1 1 10 12 1 1 8 1 8 8 9 12 1 8 1 8 8 8 8 8 1 8 10 12 1 7 1 10 12 1 8 1 8 1 10 12 1 10 12 1 10 12 1 10 12 1 1 7 1 1 1 1 3 1 3 1 3 1 3 1 3 1 3 1 3 1 3 1 3 1 3 1 1 1 1 1 1 1 1 1 1 3 1 3 1 1 1 1 3 1 1 1 1 1 1 1 1 1 1 1 1 1 1 1 1 1 1 1 1 1 1 1 1 1 1 1 1 1 1 1 1 1 1 1 1 1 1 1 1 1 1 1 1 1 1 1 1 1 1 1 1 1 1 1 1 1 100 1 1 1 1 1 1 1 1 1 100 1 1 1 1 1 1 1 1 1 1 1 1 1 1 1 1 1 1 1 1 1 1 1 1 1 1 1 1 1 1 1 1 1 1 1 1 1 1 1 1 1 1 1 1 1 1 1 1 1 1 1 1
staticfield java/lang/invoke/DirectMethodHandle IMPL_NAMES Ljava/lang/invoke/MemberName$Factory; java/lang/invoke/MemberName$Factory
staticfield java/lang/invoke/DirectMethodHandle FT_UNCHECKED_REF I 8
staticfield java/lang/invoke/DirectMethodHandle ACCESSOR_FORMS [Ljava/lang/invoke/LambdaForm; 132 [Ljava/lang/invoke/LambdaForm;
staticfield java/lang/invoke/DirectMethodHandle ALL_WRAPPERS [Lsun/invoke/util/Wrapper; 10 [Lsun/invoke/util/Wrapper;
staticfield java/lang/invoke/DirectMethodHandle NFS [Ljava/lang/invoke/LambdaForm$NamedFunction; 12 [Ljava/lang/invoke/LambdaForm$NamedFunction;
staticfield java/lang/invoke/DirectMethodHandle OBJ_OBJ_TYPE Ljava/lang/invoke/MethodType; java/lang/invoke/MethodType
staticfield java/lang/invoke/DirectMethodHandle LONG_OBJ_TYPE Ljava/lang/invoke/MethodType; java/lang/invoke/MethodType
staticfield java/lang/invoke/DirectMethodHandle $assertionsDisabled Z 1
ciInstanceKlass java/lang/invoke/DirectMethodHandle$StaticAccessor 1 1 96 10 7 12 1 1 1 10 7 12 1 1 1 9 7 12 1 1 1 9 12 1 1 9 12 1 1 10 7 12 1 1 1 9 12 1 1 9 12 1 1 10 12 1 9 12 1 10 12 1 1 100 1 10 12 1 9 12 1 1 10 12 1 1 10 12 1 1 1 1 1 1 1 1 1 1 1 1 1 1 1 1 1 1 1 1 1 1 1 1 1 1 1 1 1 1
staticfield java/lang/invoke/DirectMethodHandle$StaticAccessor $assertionsDisabled Z 1
ciInstanceKlass java/lang/invoke/DirectMethodHandle$Accessor 1 1 93 10 7 12 1 1 1 10 7 12 1 1 1 9 7 12 1 1 1 9 12 1 1 10 7 12 1 1 1 9 12 1 1 9 12 1 1 10 12 1 9 12 1 10 12 1 1 100 1 10 12 1 9 12 1 1 10 12 1 1 10 12 1 1 1 1 1 1 1 1 1 1 1 1 1 1 1 1 1 1 1 1 1 1 1 1 1 1 1 1 1 1 1
staticfield java/lang/invoke/DirectMethodHandle$Accessor $assertionsDisabled Z 1
instanceKlass java/lang/invoke/VarHandleByteArrayAsDoubles$ByteArrayViewVarHandle
instanceKlass java/lang/invoke/VarHandleByteArrayAsLongs$ByteArrayViewVarHandle
instanceKlass java/lang/invoke/VarHandleByteArrayAsFloats$ByteArrayViewVarHandle
instanceKlass java/lang/invoke/VarHandleByteArrayAsInts$ByteArrayViewVarHandle
instanceKlass java/lang/invoke/VarHandleByteArrayAsChars$ByteArrayViewVarHandle
instanceKlass java/lang/invoke/VarHandleByteArrayAsShorts$ByteArrayViewVarHandle
instanceKlass java/lang/invoke/VarHandleReferences$Array
instanceKlass java/lang/invoke/VarHandleInts$FieldInstanceReadOnly
instanceKlass java/lang/invoke/VarHandleReferences$FieldInstanceReadOnly
ciInstanceKlass java/lang/invoke/VarHandle 1 1 474 10 7 12 1 1 1 10 7 12 1 1 9 12 1 1 9 12 1 1 100 1 10 8 1 10 12 1 1 10 7 12 1 1 1 10 12 1 1 10 100 12 1 1 1 9 100 12 1 1 1 10 12 1 1 10 100 12 1 1 1 10 12 1 1 9 12 1 10 12 1 9 12 1 1 10 100 12 1 1 10 12 1 9 100 12 1 1 1 9 12 1 1 10 12 1 1 100 1 100 1 10 8 1 10 12 1 1 10 12 1 8 1 10 12 1 10 12 1 9 12 1 1 9 12 1 10 12 1 10 12 1 1 10 12 1 10 10 100 12 1 1 1 10 12 1 1 10 12 1 1 10 100 12 1 1 1 10 100 12 1 1 1 10 100 12 1 1 1 9 12 1 1 9 10 12 1 10 12 1 1 10 12 1 1 10 12 1 10 100 12 1 1 1 9 12 1 1 10 12 1 1 9 12 1 10 12 1 10 12 1 10 100 12 1 1 100 1 10 9 7 12 1 1 1 9 12 1 1 10 7 12 1 1 1 10 12 1 10 12 1 10 12 1 10 12 1 10 12 1 10 12 1 1 8 10 12 1 1 7 1 10 12 1 1 100 1 1 1 1 1 1 1 1 1 1 1 1 1 1 1 1 1 1 1 1 1 1 1 1 1 1 1 1 1 1 1 1 1 1 1 1 1 1 1 1 1 1 1 1 1 1 1 1 1 1 1 1 1 1 1 1 1 1 1 1 1 1 1 1 1 1 1 1 100 1 1 1 1 1 1 1 1 100 1 1 1 1 1 1 1 1 1 1 1 1 100 1 100 1 1 100 1 100 1 100 1 100 1 100 1 100 1 100 1 100 1 100 1 100 1 100 1 100 1 100 1 100 1 100 1 100 1 100 1 100 1 100 1 100 1 100 1 100 1 100 1 100 1 100 1 100 1 100 1 100 1 100 1 100 1 100 1 100 1 100 1 100 1 100 1 1 1 1 1 1 100 1 1 1 100 1 1 100 1 100 1 100 1 100 1 100 1 100 1 1 1 1 100 1 100 1 100 1 100 1 100 1 100 1 100 1 100 1
staticfield java/lang/invoke/VarHandle VFORM_OFFSET J 16
staticfield java/lang/invoke/VarHandle $assertionsDisabled Z 1
ciInstanceKlass java/lang/invoke/MemberName 1 1 724 7 1 7 1 100 1 9 12 1 1 10 7 12 1 1 1 9 12 1 1 10 12 1 1 10 12 1 1 10 12 1 1 10 12 1 10 12 1 1 10 7 12 1 1 1 10 12 1 9 7 12 1 1 10 12 1 100 1 100 1 10 12 1 8 1 10 12 1 1 10 12 1 10 12 1 1 10 12 1 9 12 1 1 8 1 10 100 12 1 1 1 7 1 10 10 12 1 1 7 1 7 1 10 12 1 9 12 1 1 100 1 8 1 10 12 1 10 12 1 10 12 1 10 12 1 10 12 1 1 10 12 1 10 12 1 10 12 1 1 8 1 8 1 10 12 1 8 1 9 12 1 1 3 10 12 1 10 12 1 10 12 1 10 10 7 12 1 1 1 10 12 1 10 12 1 10 12 1 10 12 1 7 1 8 10 12 1 1 10 12 1 1 8 1 9 100 1 8 9 100 1 10 12 1 1 10 12 1 10 12 1 8 1 10 12 1 1 10 12 1 10 12 1 10 12 1 10 12 1 1 100 1 10 12 1 1 10 12 1 8 1 10 12 1 10 12 1 8 1 10 12 1 1 10 12 1 1 100 1 10 12 1 1 10 12 8 1 8 1 100 1 10 12 1 10 100 12 1 1 1 100 1 10 12 10 12 1 10 12 1 10 12 1 10 12 1 10 10 12 1 10 12 1 10 12 1 3 10 12 1 3 10 12 1 3 3 3 3 3 3 10 12 1 3 9 12 1 10 12 1 1 3 10 12 1 10 10 7 12 1 1 1 10 12 1 1 10 7 12 1 1 10 10 12 1 10 12 1 1 10 12 1 10 10 12 1 1 10 12 1 10 12 1 10 12 1 100 1 10 10 10 12 100 1 10 10 10 12 1 1 10 12 1 1 10 10 12 1 8 10 7 1 10 12 1 10 7 1 10 12 1 10 12 1 10 12 1 10 10 12 1 10 12 1 1 10 12 1 1 10 12 1 10 12 1 10 12 1 100 1 10 12 1 1 100 1 8 1 10 7 1 10 12 1 10 12 10 12 1 1 10 12 1 10 12 1 8 1 8 1 8 1 8 1 10 12 1 10 12 1 10 7 12 1 1 1 8 1 8 1 10 12 1 8 1 10 10 10 12 1 10 12 1 8 1 8 1 10 10 12 1 8 1 10 100 12 1 1 1 8 1 100 1 10 12 1 10 12 1 1 10 12 1 8 1 8 1 8 1 8 1 100 1 10 8 1 8 1 8 1 8 1 10 12 1 100 1 100 1 100 1 10 100 1 10 100 1 10 100 12 1 1 1 9 7 12 1 1 1 100 1 100 1 1 1 1 1 1 1 3 1 3 1 3 1 3 1 3 1 3 1 1 1 1 1 1 1 1 3 1 3 1 1 1 1 1 1 1 1 1 1 1 1 1 1 1 1 1 1 1 1 1 1 1 1 1 1 1 1 1 1 1 1 1 1 1 1 1 1 1 1 1 1 1 1 1 1 1 1 1 1 1 1 1 1 1 1 1 1 1 1 1 1 1 1 1 1 1 1 1 1 1 1 1 1 1 1 1 1 1 1 1 1 1 1 1 1 1 1 1 1 1 1 1 1 1 1 100 1 1 1 1 1 1 1 1 1 1 1 1 1 1 1
staticfield java/lang/invoke/MemberName $assertionsDisabled Z 1
ciInstanceKlass java/lang/invoke/ResolvedMethodName 1 1 16 10 100 12 1 1 1 100 1 1 1 1 1 1 1 1
ciInstanceKlass java/lang/invoke/MethodHandleNatives 1 1 685 100 1 10 7 12 1 1 1 9 7 12 1 1 1 10 12 1 1 100 1 10 10 12 1 1 10 12 1 10 12 1 8 1 8 1 8 1 8 1 8 1 8 1 8 1 8 1 8 1 8 1 10 12 1 1 7 1 10 7 12 1 1 1 10 100 12 1 1 1 7 1 10 10 12 1 1 8 1 10 12 1 8 1 10 12 1 1 8 1 10 12 1 1 9 100 12 1 1 1 8 1 10 100 12 1 1 1 100 1 10 12 100 1 100 1 8 1 7 1 10 10 12 1 7 1 9 7 12 1 1 10 12 1 1 10 12 1 10 7 12 1 1 1 10 12 1 1 9 12 1 8 1 10 12 1 1 10 12 1 8 1 10 12 1 1 7 1 10 12 1 10 7 12 1 1 1 10 12 1 10 12 1 1 10 12 1 1 8 1 10 12 1 1 8 1 10 12 1 8 1 8 1 8 1 100 1 10 12 1 8 1 10 100 12 1 1 1 10 12 1 1 10 100 12 1 1 10 10 12 1 1 10 12 1 10 100 12 1 1 1 100 1 8 1 10 100 12 1 1 1 7 1 8 1 10 12 1 8 1 8 1 8 1 8 1 8 1 10 12 1 1 10 12 1 1 10 12 1 10 12 1 1 10 12 1 1 7 1 10 12 1 100 1 100 1 10 12 1 10 12 1 8 1 8 1 10 10 12 1 1 10 12 1 1 8 1 10 100 12 1 1 8 1 8 1 10 12 1 1 10 7 12 1 1 1 100 1 10 12 1 1 7 1 9 12 1 1 10 7 12 1 1 1 10 10 12 1 9 12 1 10 12 1 9 12 1 9 12 1 10 12 1 1 10 12 1 10 12 1 1 7 1 7 1 10 12 1 1 10 12 1 10 12 1 1 10 7 12 1 1 1 10 12 1 8 1 10 12 1 10 12 1 10 12 1 1 10 12 1 10 7 12 1 1 1 10 12 1 1 100 1 8 1 10 9 7 12 1 1 1 10 12 1 1 10 12 1 1 100 1 10 12 1 1 10 12 1 1 100 1 100 1 10 10 100 1 100 1 10 100 1 10 10 12 1 1 10 100 1 10 12 1 10 12 1 1 10 12 1 1 10 12 1 1 10 12 1 10 12 1 1 10 8 1 10 12 1 10 12 1 10 12 1 10 12 1 10 12 1 1 10 12 1 10 12 1 10 12 1 10 10 7 12 1 1 10 12 1 1 1 1 1 1 1 1 1 1 1 1 1 100 1 1 1 1 1 1 1 1 1 1 1 1 1 1 1 1 1 1 1 1 1 1 1 1 1 1 1 1 1 1 1 1 1 1 1 1 1 1 1 1 1 1 1 1 1 1 1 1 1 1 1 1 1 1 1 1 1 1 1 1 1 1 1 100 1 1 1 1 1 1 1 1 1 1 1 1 1 1 1 1 1 1 1 1 1 1 1 1 1 1 1 1 1 1 1 1 1 100 1 1 1 1 1 1 1 1 1 1 1 1 1 1 1 1 1 1 1 1 1 1 1 1 1 1 1 1 1 1 1 1 100 1 1
staticfield java/lang/invoke/MethodHandleNatives $assertionsDisabled Z 1
ciInstanceKlass java/lang/invoke/LambdaForm 1 1 1059 7 1 100 1 10 7 12 1 1 1 9 12 1 1 9 12 1 9 12 1 9 12 1 1 9 12 1 1 9 12 1 1 9 12 1 1 9 12 1 1 9 12 1 10 7 12 1 1 9 12 1 10 12 1 1 100 1 10 10 12 1 1 10 12 1 10 12 1 10 12 1 1 10 12 1 9 12 1 9 12 1 10 12 1 1 10 7 12 1 1 1 10 12 1 1 9 100 12 1 1 1 10 12 1 1 9 7 12 1 1 10 12 1 10 12 1 1 10 12 1 1 10 12 1 1 7 1 10 7 12 1 1 1 10 12 1 1 10 12 1 10 12 1 1 9 12 1 1 9 12 1 9 12 1 1 10 12 1 9 12 1 10 100 12 1 1 1 10 12 1 1 100 1 10 12 1 9 12 1 1 10 100 12 1 1 1 10 12 1 10 12 1 7 1 10 12 1 10 12 1 10 12 1 1 10 12 1 1 10 12 1 10 12 1 10 12 1 10 12 1 1 8 1 10 12 1 10 12 1 10 10 12 1 8 1 8 1 9 12 1 9 12 1 1 10 12 1 1 10 12 1 9 12 1 10 12 1 1 10 7 12 1 1 1 10 12 1 1 10 12 1 10 12 1 10 100 12 1 1 1 9 12 1 10 12 1 8 1 8 1 8 1 8 1 8 1 8 1 8 1 8 1 10 12 1 9 12 1 7 1 10 12 1 1 9 12 1 10 12 1 10 12 1 1 10 12 10 12 1 10 12 1 1 10 12 1 1 10 10 12 1 1 10 12 1 1 7 1 8 1 10 12 1 1 10 12 1 10 12 1 1 10 8 1 10 12 1 1 8 1 8 1 8 1 10 12 1 10 12 1 10 12 1 1 100 1 10 12 1 1 10 12 1 1 10 7 12 1 1 1 10 12 1 1 9 12 1 1 8 1 10 100 12 1 1 1 10 7 12 1 1 10 12 10 12 1 1 10 12 1 1 9 12 1 8 10 12 1 1 100 1 10 12 1 1 10 12 1 9 7 12 1 1 9 100 12 1 1 1 8 1 10 100 12 1 1 10 12 1 1 100 1 100 1 10 10 12 1 1 10 12 1 1 8 1 8 1 100 1 8 1 10 12 10 12 1 10 12 1 10 12 1 1 8 1 8 1 10 12 1 10 12 1 1 8 1 8 1 8 1 100 1 8 1 100 1 8 1 100 1 8 1 10 12 1 8 1 9 10 7 12 1 1 1 10 12 1 9 12 1 1 10 12 1 10 10 12 1 10 12 1 10 12 1 10 12 1 1 10 12 1 10 12 1 1 10 12 1 1 10 12 1 1 10 12 1 1 8 1 100 10 12 1 10 12 1 9 12 1 1 10 7 12 1 1 8 1 8 1 100 1 8 1 8 1 8 1 8 1 8 1 8 1 8 1 8 1 10 12 1 1 10 12 1 1 10 12 1 10 12 1 10 12 1 10 12 1 8 1 8 1 8 1 10 12 1 8 1 10 12 1 8 1 8 1 8 1 8 1 8 1 10 12 1 10 12 1 10 12 1 1 10 7 12 1 1 1 10 12 1 10 12 1 10 12 1 10 12 1 10 12 1 10 12 1 10 12 1 9 12 1 1 8 1 10 12 1 1 9 12 1 1 10 12 1 1 9 12 1 9 12 1 1 9 12 1 9 12 1 1 7 1 10 7 12 1 1 1 9 12 1 10 12 1 10 12 1 8 1 10 12 1 9 12 1 1 7 1 10 7 12 1 1 1 8 1 100 1 10 12 1 9 12 1 9 12 1 10 12 1 10 12 1 10 7 12 1 1 1 10 12 1 9 7 12 1 1 10 12 1 1 10 12 1 10 12 1 10 12 1 9 12 10 12 1 10 10 12 1 9 12 1 9 9 12 1 7 9 12 1 1 10 12 1 1 9 12 1 10 12 1 10 7 1 9 1 1 1 1 3 1 3 1 1 3 1 3 1 1 1 1 1 1 1 1 1 1 1 1 1 1 1 1 1 1 1 1 1 1 1 1 1 1 1 1 1 1 1 1 1 1 1 1 1 1 1 1 1 1 1 1 1 1 1 1 1 1 1 100 1 1 1 1 1 1 1 1 1 1 1 1 1 1 1 1 1 1 1 1 1 1 1 1 1 1 1 1 1 1 1 1 1 1 1 1 1 1 1 1 1 1 1 1 1 1 1 1 1 1 1 1 1 1 1 1 1 1 1 1 1 1 100 1 1 1 1 1 1 1 1 1 1 1 1 1 1 1 1 1 1 1 1 1 1 1 1 1 1 1 1 1 1 1 1 1 1 100 1 1 1 1 1 1 1 1 1 1 1 1 1 1 1 1 1 1 1 1 1 1 100 1 1 1 100 1 1 100 1 1 1 1 1 1 1 1 1 1 1
staticfield java/lang/invoke/LambdaForm DEFAULT_CUSTOMIZED Ljava/lang/invoke/MethodHandle; 
staticfield java/lang/invoke/LambdaForm DEFAULT_KIND Ljava/lang/invoke/LambdaForm$Kind; java/lang/invoke/LambdaForm$Kind
staticfield java/lang/invoke/LambdaForm COMPILE_THRESHOLD I 0
staticfield java/lang/invoke/LambdaForm INTERNED_ARGUMENTS [[Ljava/lang/invoke/LambdaForm$Name; 5 [[Ljava/lang/invoke/LambdaForm$Name;
staticfield java/lang/invoke/LambdaForm IMPL_NAMES Ljava/lang/invoke/MemberName$Factory; java/lang/invoke/MemberName$Factory
staticfield java/lang/invoke/LambdaForm LF_identity [Ljava/lang/invoke/LambdaForm; 6 [Ljava/lang/invoke/LambdaForm;
staticfield java/lang/invoke/LambdaForm LF_zero [Ljava/lang/invoke/LambdaForm; 6 [Ljava/lang/invoke/LambdaForm;
staticfield java/lang/invoke/LambdaForm NF_identity [Ljava/lang/invoke/LambdaForm$NamedFunction; 6 [Ljava/lang/invoke/LambdaForm$NamedFunction;
staticfield java/lang/invoke/LambdaForm NF_zero [Ljava/lang/invoke/LambdaForm$NamedFunction; 6 [Ljava/lang/invoke/LambdaForm$NamedFunction;
staticfield java/lang/invoke/LambdaForm createFormsLock Ljava/lang/Object; java/lang/Object
staticfield java/lang/invoke/LambdaForm DEBUG_NAME_COUNTERS Ljava/util/HashMap; 
staticfield java/lang/invoke/LambdaForm DEBUG_NAMES Ljava/util/HashMap; 
staticfield java/lang/invoke/LambdaForm TRACE_INTERPRETER Z 0
staticfield java/lang/invoke/LambdaForm $assertionsDisabled Z 1
ciInstanceKlass java/lang/invoke/TypeDescriptor$OfMethod 1 0 43 100 1 100 1 100 1 1 1 1 1 1 1 1 1 1 1 1 1 1 1 1 1 1 1 1 1 1 1 1 1 1 1 1 1 1 1 1 1 1 100 1 1
ciInstanceKlass java/lang/invoke/MethodType 1 1 780 7 1 10 7 12 1 1 1 9 12 1 1 9 12 1 1 9 12 1 1 10 7 12 1 1 1 9 7 12 1 1 8 1 10 100 12 1 1 1 9 7 1 9 7 1 10 12 1 1 100 1 10 8 1 10 12 1 1 10 12 1 10 12 1 1 100 1 8 1 10 12 1 100 1 10 10 12 1 10 12 1 1 10 12 1 1 11 7 12 1 1 1 9 12 1 11 12 1 1 7 10 12 1 1 10 12 1 1 7 1 7 1 10 7 12 1 1 1 10 12 1 10 12 1 9 12 1 1 10 7 12 1 1 10 12 1 1 10 7 12 1 1 1 10 7 12 1 1 1 10 12 1 9 12 1 1 10 12 1 1 10 12 1 1 10 12 1 1 10 12 1 1 10 12 1 1 10 12 1 10 12 1 10 12 1 1 10 12 1 8 1 8 1 10 12 1 1 9 12 1 1 100 1 10 10 12 1 1 10 12 1 10 12 1 1 10 12 1 1 10 12 1 10 12 1 10 12 1 8 1 10 12 1 1 10 100 12 1 1 1 10 12 1 10 12 1 1 10 12 1 10 12 1 10 12 1 1 10 12 1 10 12 1 9 12 1 10 12 1 10 10 12 1 1 10 12 1 9 12 1 1 10 12 1 1 11 12 1 1 10 12 1 1 10 12 1 10 12 1 100 1 8 1 8 1 8 1 10 12 1 10 12 1 10 12 1 1 10 10 12 1 11 12 1 1 11 12 1 10 100 12 1 1 1 9 12 1 10 12 1 10 12 1 1 10 12 1 1 10 12 1 10 12 1 10 100 12 1 1 1 10 12 1 1 10 12 1 10 12 1 10 12 1 10 9 12 1 1 7 1 10 12 1 10 12 1 1 9 100 12 1 1 1 10 100 12 1 1 1 10 100 12 1 1 1 10 12 1 1 10 100 12 1 1 1 10 12 1 1 8 1 10 7 12 1 1 1 11 12 1 1 9 12 1 1 10 12 1 1 10 12 1 10 12 1 1 10 12 1 1 10 100 12 1 1 100 1 10 12 1 1 11 100 12 1 1 18 12 1 1 11 12 1 1 18 12 1 11 12 1 100 1 11 100 12 1 1 10 12 1 100 1 10 12 1 10 100 12 1 1 10 12 1 1 9 12 1 1 9 100 12 1 1 1 10 100 12 1 1 1 9 12 1 10 100 12 1 1 10 12 1 100 10 12 1 1 10 12 1 7 1 10 10 12 1 1 7 1 7 1 9 12 1 1 100 1 100 1 100 1 1 1 5 0 1 1 1 1 1 1 1 3 1 3 1 3 1 1 1 1 1 1 1 1 1 1 1 1 1 1 1 1 1 1 1 1 1 1 1 1 1 1 1 1 1 1 1 1 1 1 1 1 1 1 1 1 1 1 1 1 1 1 1 1 1 1 1 1 1 1 1 1 1 1 1 1 1 1 1 1 1 1 1 1 1 1 1 1 1 1 1 1 1 1 1 1 1 1 1 1 1 1 1 1 1 1 1 1 1 1 1 1 1 1 1 1 1 1 1 1 1 1 1 1 1 1 1 1 1 1 1 1 1 1 1 1 1 1 1 1 1 1 1 1 1 1 100 1 100 1 1 1 1 1 1 1 1 1 1 1 1 1 100 1 1 1 100 1 1 1 1 1 1 1 1 1 1 1 1 1 1 1 1 1 1 1 1 1 1 16 15 10 12 16 16 15 10 12 16 15 10 100 12 1 1 1 1 1 100 1 1 100 1 1 100 1 100 1 1
staticfield java/lang/invoke/MethodType internTable Ljdk/internal/util/ReferencedKeySet; jdk/internal/util/ReferencedKeySet
staticfield java/lang/invoke/MethodType NO_PTYPES [Ljava/lang/Class; 0 [Ljava/lang/Class;
staticfield java/lang/invoke/MethodType objectOnlyTypes [Ljava/lang/invoke/MethodType; 20 [Ljava/lang/invoke/MethodType;
staticfield java/lang/invoke/MethodType METHOD_HANDLE_ARRAY [Ljava/lang/Class; 1 [Ljava/lang/Class;
staticfield java/lang/invoke/MethodType serialPersistentFields [Ljava/io/ObjectStreamField; 0 [Ljava/io/ObjectStreamField;
staticfield java/lang/invoke/MethodType $assertionsDisabled Z 1
ciInstanceKlass java/lang/BootstrapMethodError 0 0 45 10 100 12 1 1 1 10 12 1 10 12 1 10 100 12 1 1 1 10 100 12 1 1 1 1 1 1 5 0 1 1 1 1 1 1 1 1 1 1 1 100 1 1 1
instanceKlass java/lang/invoke/VolatileCallSite
instanceKlass java/lang/invoke/MutableCallSite
instanceKlass java/lang/invoke/ConstantCallSite
ciInstanceKlass java/lang/invoke/CallSite 1 1 296 10 7 12 1 1 1 10 7 12 1 1 1 9 12 1 1 10 7 12 1 1 1 10 12 1 100 1 10 12 1 1 10 12 1 1 9 100 12 1 1 1 10 100 12 1 1 10 12 1 1 100 1 100 1 10 10 100 12 1 1 1 10 12 1 1 8 1 10 12 1 10 12 1 1 10 12 1 10 12 1 1 10 12 1 1 10 10 100 12 1 1 10 12 1 1 9 12 1 9 100 12 1 1 1 8 1 10 7 12 1 1 1 10 12 1 1 100 1 10 12 1 1 9 12 1 8 1 100 1 10 12 1 10 12 1 100 1 8 1 10 10 12 1 10 12 1 1 100 1 10 12 1 1 10 12 1 10 12 1 10 12 1 1 10 12 1 1 9 12 1 1 8 10 12 1 1 9 12 1 1 100 1 10 10 12 1 10 100 12 1 1 1 10 12 1 1 10 12 1 1 10 12 1 10 7 12 1 1 1 100 1 8 1 10 10 12 10 12 1 1 100 1 100 1 100 1 8 1 10 12 1 10 7 12 1 1 1 1 1 1 1 1 1 1 1 1 1 1 1 1 1 1 1 1 1 1 1 1 1 1 1 1 1 1 1 1 1 1 1 1 1 1 1 1 1 1 1 1 1 1 1 1 1 1 1 1 1 1 1 100 1 100 1 1 1
staticfield java/lang/invoke/CallSite $assertionsDisabled Z 1
ciInstanceKlass jdk/internal/foreign/abi/NativeEntryPoint 0 0 194 10 100 12 1 1 1 9 100 12 1 1 1 9 12 1 1 100 1 8 1 10 12 1 10 12 1 1 100 1 10 100 12 1 1 1 10 12 1 9 12 1 1 18 12 1 1 10 100 12 1 1 1 10 100 12 1 1 1 9 100 12 1 1 1 100 1 10 8 1 10 12 1 1 10 12 1 10 12 1 1 8 1 10 12 1 1 100 1 8 1 10 12 1 10 12 1 1 10 12 1 9 12 1 1 18 12 1 1 10 100 12 1 1 1 10 12 1 1 10 12 1 10 100 12 1 1 1 10 1 1 1 1 1 1 1 1 1 1 1 1 1 1 1 1 1 1 1 1 1 1 1 1 1 1 1 1 1 1 1 1 1 1 1 1 1 16 1 15 10 12 16 1 16 15 10 12 15 10 100 12 1 1 1 1 1 100 1 1 100 1 100 1 1
ciInstanceKlass jdk/internal/foreign/abi/ABIDescriptor 0 0 55 10 100 12 1 1 1 9 100 12 1 1 1 9 12 1 1 9 12 1 9 12 1 9 12 1 1 9 12 1 9 12 1 1 9 12 1 9 12 1 9 12 1 9 12 1 1 1 1 1 1 1 1 1 1
ciInstanceKlass jdk/internal/foreign/abi/VMStorage 0 0 91 10 100 12 1 1 1 9 100 12 1 1 1 9 12 1 1 9 12 1 1 9 12 1 1 100 1 10 8 1 10 12 1 1 10 12 1 10 12 1 1 10 12 1 18 12 1 18 12 1 1 18 12 1 1 1 1 1 1 1 1 1 1 1 1 1 1 1 1 1 1 1 8 1 15 15 15 15 15 10 100 12 1 1 1 1 100 1 100 1 1
ciInstanceKlass jdk/internal/foreign/abi/UpcallLinker$CallRegs 0 0 66 10 100 12 1 1 1 9 100 12 1 1 1 9 12 1 18 12 1 1 18 12 1 1 18 12 1 1 1 1 1 1 1 1 1 1 1 1 1 1 1 1 1 1 100 1 1 1 8 1 15 15 15 10 100 12 1 1 1 1 1 100 1 100 1 1
ciInstanceKlass java/lang/invoke/ConstantCallSite 1 1 65 10 7 12 1 1 1 9 7 12 1 1 1 9 12 1 1 10 7 12 1 1 1 10 12 1 100 1 10 12 9 12 1 1 100 1 10 10 12 1 1 10 12 1 1 1 1 1 1 1 1 1 1 1 1 1 100 1 1 1 1 1 1 1 1
staticfield java/lang/invoke/ConstantCallSite UNSAFE Ljdk/internal/misc/Unsafe; jdk/internal/misc/Unsafe
ciInstanceKlass java/lang/invoke/MutableCallSite 0 0 63 10 100 12 1 1 1 10 12 1 9 100 12 1 1 1 10 12 1 10 12 1 1 9 12 1 1 10 100 12 1 1 1 10 100 12 1 1 1 10 12 1 1 1 1 1 1 1 1 1 1 1 1 1 1 1 1 1 1 100 1 1 1
ciInstanceKlass java/lang/invoke/VolatileCallSite 0 0 37 10 100 12 1 1 1 10 12 1 10 100 12 1 1 1 10 12 1 10 12 1 1 1 1 1 1 1 1 1 1 1 1 1 1 1 1
ciInstanceKlass java/lang/AssertionStatusDirectives 0 0 24 10 100 12 1 1 1 100 1 1 1 1 1 1 1 1 1 1 1 1 1 1 1 1
ciInstanceKlass java/lang/Appendable 1 0 14 100 1 100 1 1 1 1 100 1 1 1 1 1
instanceKlass java/lang/StringBuilder
instanceKlass java/lang/StringBuffer
ciInstanceKlass java/lang/AbstractStringBuilder 1 1 607 7 1 10 7 12 1 1 1 9 7 12 1 1 1 9 12 1 9 12 1 1 9 12 1 1 10 100 12 1 1 1 10 12 1 1 7 1 3 3 10 12 1 10 12 1 1 11 7 1 100 1 100 1 10 8 1 10 12 1 10 12 1 10 12 1 1 10 12 1 10 12 1 9 12 1 10 12 1 9 12 1 1 10 12 1 1 10 7 12 1 1 1 10 10 12 1 10 12 1 10 12 1 1 10 12 1 1 10 7 12 1 1 1 10 7 12 1 1 1 100 1 8 1 10 10 12 1 1 100 1 10 12 10 12 1 1 10 10 12 1 1 10 12 1 1 10 12 1 1 10 12 1 1 10 10 7 12 1 1 1 10 12 1 100 1 10 10 100 12 1 1 1 9 12 1 1 9 12 1 10 12 1 1 10 10 12 1 1 10 12 10 12 1 10 12 1 1 10 12 1 1 10 12 1 1 10 12 1 10 12 1 1 10 12 1 1 10 12 1 10 12 1 1 8 1 10 12 1 1 10 12 1 10 12 1 10 12 1 10 12 1 10 12 1 10 12 1 10 7 12 1 1 10 12 1 10 12 1 10 100 12 1 1 1 100 1 100 1 10 12 1 10 100 12 1 1 10 12 1 10 12 1 1 10 12 1 10 12 1 1 10 12 1 10 12 1 1 10 12 1 1 10 10 7 12 1 1 1 10 12 1 10 12 1 10 12 1 1 10 12 1 10 12 1 10 12 1 10 12 1 10 12 1 10 12 1 10 12 1 10 12 1 1 10 12 1 10 12 1 10 12 10 12 1 1 18 12 1 1 100 1 10 100 12 1 1 1 18 10 12 1 1 10 12 1 1 10 12 1 10 12 1 1 11 12 1 1 10 12 1 10 12 1 10 12 10 10 10 12 1 10 5 0 10 10 12 1 1 100 1 8 1 10 10 12 1 1 10 100 12 1 1 1 10 12 1 10 12 1 1 100 1 10 12 100 1 10 100 1 10 100 1 1 1 1 1 1 1 1 1 1 1 100 1 1 1 1 1 1 1 1 1 1 1 1 1 1 1 1 1 1 1 1 1 1 1 1 1 1 1 1 1 1 1 1 1 1 1 1 1 1 1 1 1 1 1 1 1 1 1 1 1 1 1 1 1 1 1 1 1 1 1 1 1 1 1 1 1 1 1 1 1 1 1 1 1 1 1 1 1 1 1 1 1 1 1 1 1 1 1 1 1 1 1 1 1 1 1 1 1 1 1 1 100 1 1 1 1 1 1 1 1 1 1 1 1 1 1 1 1 1 100 1 1 1 1 1 1 100 1 1 16 1 15 10 12 16 15 10 12 15 10 100 12 1 1 1 1 1 1 1 100 1 100 1 1
staticfield java/lang/AbstractStringBuilder EMPTYVALUE [B 0
ciInstanceKlass java/lang/StringBuffer 0 0 483 10 100 12 1 1 1 10 12 1 10 12 1 10 12 1 1 9 100 12 1 1 1 10 12 1 1 10 12 1 10 12 1 1 9 12 1 1 10 12 1 10 12 1 1 10 12 1 1 10 12 1 10 12 1 1 10 12 1 10 12 1 1 10 12 1 1 10 100 12 1 1 1 10 12 1 1 10 12 1 10 12 1 10 12 1 10 12 1 10 12 1 10 12 1 10 12 1 10 12 1 10 12 1 10 12 1 10 12 1 10 12 1 10 12 1 10 12 1 1 10 12 1 10 12 1 1 10 12 1 1 10 10 12 1 1 10 12 1 10 12 1 10 12 1 10 12 1 10 12 1 10 12 1 10 12 10 12 1 10 12 1 10 12 1 10 12 1 1 10 12 1 10 12 1 10 10 12 1 1 10 12 1 10 12 1 10 12 1 10 10 100 12 1 1 1 10 10 12 1 1 9 12 1 1 10 100 12 1 1 10 100 1 8 10 100 12 1 1 1 8 10 12 1 8 1 10 12 1 10 12 1 10 100 12 1 1 1 10 100 12 1 1 1 100 1 10 12 100 1 8 1 10 10 12 1 1 10 12 1 1 10 12 1 10 12 1 10 12 1 1 10 12 1 10 12 1 10 12 1 10 12 1 10 12 1 10 12 10 12 1 10 12 1 10 12 1 10 12 1 10 12 1 10 12 1 10 12 1 10 12 1 10 12 1 10 12 1 10 12 10 12 10 12 1 10 12 1 10 12 1 10 12 10 12 1 10 12 1 10 12 1 10 12 1 10 12 1 10 12 1 10 12 1 10 12 1 10 12 1 10 12 1 10 12 1 100 1 10 12 1 9 100 12 1 1 1 9 100 1 9 12 1 1 100 1 100 1 100 1 100 1 1 1 1 5 0 1 1 1 1 1 1 1 1 1 1 1 1 1 1 1 1 1 1 1 1 1 1 1 1 1 1 1 1 1 1 1 1 1 1 1 1 1 1 1 1 1 1 1 1 1 1 1 1 1 1 1 1 1 1 1 1 1 1 1 1 1 100 1 1 1 1 1 100 1 1 1 1 1 1 1 1 1 1 1 1 1 1 1 1 1 1
ciInstanceKlass java/lang/StringBuilder 1 1 422 10 7 12 1 1 1 10 12 1 10 12 1 10 12 1 1 10 7 12 1 1 1 10 7 12 1 1 1 10 12 1 10 12 1 10 12 1 10 12 1 10 12 1 10 12 1 10 12 1 10 12 1 10 12 1 10 12 1 10 12 1 10 12 1 10 12 1 10 12 1 1 10 12 1 10 12 1 1 10 12 1 1 10 12 1 10 12 1 10 12 1 10 12 1 10 12 1 10 12 1 10 12 1 10 12 10 12 1 10 12 1 10 12 1 10 12 1 1 10 12 1 10 12 1 10 12 10 12 1 1 10 12 1 10 12 1 10 12 1 10 100 12 1 1 1 9 12 1 1 10 12 1 10 12 1 1 10 12 1 1 9 12 1 1 10 100 12 1 1 1 10 100 1 10 12 1 1 10 100 12 1 1 10 12 1 10 12 1 1 100 1 100 1 8 1 10 10 12 1 1 10 12 1 10 12 1 10 12 1 1 10 12 1 10 12 1 10 12 1 10 12 1 10 12 1 10 12 10 12 1 10 12 1 10 12 1 10 12 1 10 12 1 10 12 1 10 12 1 10 12 1 10 12 1 1 10 12 1 1 10 12 1 10 12 1 10 12 1 10 12 10 12 10 12 1 10 12 1 10 12 1 10 12 10 12 1 10 12 1 10 12 1 10 12 1 10 12 1 10 12 1 10 12 1 10 12 1 10 12 1 1 10 12 1 10 12 1 1 10 12 1 10 12 1 1 10 12 1 10 12 1 1 10 12 1 10 12 1 10 12 1 10 10 12 1 10 12 1 100 1 100 1 100 1 100 1 1 1 1 5 0 1 1 1 1 1 1 1 1 1 1 1 1 1 1 1 1 1 1 1 1 1 1 1 1 1 1 1 1 1 1 1 1 1 1 1 1 1 1 1 1 1 1 1 1 100 1 1 1 100 1 1 1 1 1 1 1 1 1 1 1
ciInstanceKlass jdk/internal/misc/UnsafeConstants 1 1 34 10 100 12 1 1 1 9 7 12 1 1 1 9 12 1 9 12 1 1 9 12 1 9 12 1 1 1 1 1 1 1 1 1
staticfield jdk/internal/misc/UnsafeConstants ADDRESS_SIZE0 I 8
staticfield jdk/internal/misc/UnsafeConstants PAGE_SIZE I 4096
staticfield jdk/internal/misc/UnsafeConstants BIG_ENDIAN Z 0
staticfield jdk/internal/misc/UnsafeConstants UNALIGNED_ACCESS Z 1
staticfield jdk/internal/misc/UnsafeConstants DATA_CACHE_LINE_FLUSH_SIZE I 0
ciInstanceKlass jdk/internal/misc/Unsafe 1 1 1287 10 7 12 1 1 1 9 7 12 1 1 1 9 12 1 1 10 12 1 1 10 7 12 1 1 1 10 12 1 1 10 12 1 1 10 12 1 1 10 12 1 1 10 12 1 1 10 12 1 1 10 12 1 1 10 12 1 1 10 12 1 1 10 12 1 1 10 12 1 1 10 12 1 1 10 12 1 1 10 12 1 10 12 1 100 1 10 10 12 1 1 10 12 1 1 5 0 10 12 1 1 10 12 1 1 10 7 12 1 1 1 10 12 1 1 10 12 1 10 12 1 10 12 1 1 10 12 1 1 10 12 1 10 12 1 100 1 100 1 10 8 1 10 12 1 1 10 12 1 8 1 10 12 1 1 10 12 1 10 12 1 10 12 1 1 10 12 1 10 12 1 1 10 12 1 1 10 12 1 10 12 1 10 12 1 10 12 1 1 10 12 1 10 12 1 10 12 1 1 10 12 1 5 0 5 0 5 0 10 12 1 10 12 1 10 12 1 10 12 1 10 12 1 10 12 1 10 12 1 10 12 1 10 12 1 1 10 12 1 10 12 1 100 1 8 1 10 100 1 10 10 12 1 1 10 12 1 1 10 12 1 10 12 1 1 10 12 1 1 10 12 1 10 12 1 1 10 12 1 9 7 12 1 1 9 12 1 100 1 10 10 12 1 1 8 1 10 8 1 8 1 10 12 1 1 9 7 12 1 1 1 9 100 1 9 7 1 9 100 1 9 9 100 1 9 100 1 9 100 1 10 12 1 1 10 12 1 1 10 12 1 1 10 12 1 1 5 0 5 0 9 12 1 1 10 12 1 10 12 1 10 12 1 1 10 12 1 1 10 12 1 8 1 3 10 12 1 1 10 12 1 1 10 12 1 10 12 1 1 10 12 1 1 10 12 1 10 12 1 10 12 1 10 12 1 10 12 1 10 12 1 1 10 12 1 1 10 12 1 10 12 1 10 12 1 10 12 1 10 12 1 10 12 1 1 10 12 1 1 10 12 1 10 12 1 10 12 1 10 12 1 10 12 1 10 12 1 1 10 12 1 1 10 12 1 1 10 12 1 1 10 12 1 10 12 1 10 12 1 10 12 1 10 12 1 10 12 1 10 12 1 1 10 12 1 1 10 12 1 10 12 1 10 12 1 10 12 1 10 12 1 10 12 1 10 12 1 1 10 12 1 1 10 12 1 10 12 1 10 12 1 10 12 1 10 12 1 10 12 1 10 12 1 10 12 1 1 10 12 1 10 12 1 10 12 1 10 12 1 10 12 1 1 10 12 1 10 12 1 10 12 1 10 12 1 10 12 1 10 12 1 10 12 1 10 12 1 1 10 12 1 10 12 1 10 12 1 10 12 1 10 12 1 10 12 1 1 10 12 1 10 12 1 10 12 1 1 10 12 1 10 12 1 10 12 1 10 12 1 10 12 1 10 12 1 10 12 1 10 12 1 10 12 1 10 12 1 10 12 1 10 12 1 10 12 1 10 12 1 10 12 1 10 12 1 10 12 1 10 12 1 10 12 1 10 12 1 10 12 1 10 12 1 10 12 1 100 1 10 100 1 10 9 12 1 5 0 10 12 1 1 5 0 10 12 1 5 0 10 12 1 10 12 1 10 12 1 1 10 12 1 1 10 12 1 10 12 1 10 12 1 10 12 1 1 10 12 1 10 12 1 10 12 1 10 12 1 10 12 1 1 10 12 1 10 12 1 10 12 1 10 12 1 1 10 12 1 10 12 1 10 12 1 1 10 12 1 10 12 1 10 12 1 10 12 1 1 10 12 1 10 10 12 1 1 10 12 1 10 12 1 1 10 12 1 10 12 5 0 5 0 5 0 10 12 1 1 10 12 1 10 12 1 10 12 10 100 12 1 1 8 1 100 1 11 12 1 1 8 1 11 12 1 1 10 100 12 1 1 10 12 1 10 12 1 10 12 1 10 12 1 10 12 1 1 10 12 1 10 12 1 10 12 1 10 12 1 10 12 1 10 12 1 10 7 1 10 12 1 9 12 1 7 1 9 12 1 7 1 9 12 1 7 1 9 12 1 7 1 9 12 1 7 1 9 12 1 7 1 9 12 1 7 1 9 12 1 7 1 9 12 1 10 12 1 9 12 1 9 12 1 9 12 1 9 12 1 9 12 1 9 12 1 9 12 1 9 12 1 9 12 1 9 12 1 1 1 3 1 1 1 1 1 1 1 1 1 1 1 1 1 1 1 1 1 1 1 1 1 1 1 1 1 1 1 1 1 1 1 1 1 1 1 1 1 1 1 1 1 1 1 1 1 1 1 1 1 1 1 1 1 1 1 1 1 1 1 1 1 1 1 1 1 1 1 1 1 1 1 1 1 1 1 1 1 1 1 1 1 1 1 1 1 1 1 1 1 100 1 1 1 1 1 1 1 1 1 1 1 1 1 1 1 1 1 1 1 1 1 1 1 1 1 1 1 1 1 1 1 1 1 1 1 1 1 1 1 1 1 1 1 1 1 1 1 1 1 1 1 1 1 1 1 1 1 1 1 1 1 1 1 1 1 1 1 1 1 1 1 1 1 1 1 1 1 1 1 1 1 1 1 1 1 1 1 1 1 1 1 1 1 1 1 1 1 1 1 1 1 1 1 1 1 1 1 1 1 1 1 1 1 1 1 1 1 1 1 1 1 1 1 1 1 1 1 1 1 1 1 1 1 1 1 1 1 1 1 1 1 1 1 1 1 1 1 1 1 1 1 1 1 1 1 1 1 1 1 1 1 1 1 1 1 1 1 1 1 1 1 1 1 1 1 1 1 1 1 1 1 1 1 1 1 1 1 1 1 1 1 1 1 1 1 1 1 1 1 1 1 1 1 1 1 1 3 1 1 1 1 1 1 1 1 1 1 1 1 1 1 1 1 1 1 1 1 1
staticfield jdk/internal/misc/Unsafe theUnsafe Ljdk/internal/misc/Unsafe; jdk/internal/misc/Unsafe
staticfield jdk/internal/misc/Unsafe ARRAY_BOOLEAN_BASE_OFFSET I 16
staticfield jdk/internal/misc/Unsafe ARRAY_BYTE_BASE_OFFSET I 16
staticfield jdk/internal/misc/Unsafe ARRAY_SHORT_BASE_OFFSET I 16
staticfield jdk/internal/misc/Unsafe ARRAY_CHAR_BASE_OFFSET I 16
staticfield jdk/internal/misc/Unsafe ARRAY_INT_BASE_OFFSET I 16
staticfield jdk/internal/misc/Unsafe ARRAY_LONG_BASE_OFFSET I 16
staticfield jdk/internal/misc/Unsafe ARRAY_FLOAT_BASE_OFFSET I 16
staticfield jdk/internal/misc/Unsafe ARRAY_DOUBLE_BASE_OFFSET I 16
staticfield jdk/internal/misc/Unsafe ARRAY_OBJECT_BASE_OFFSET I 16
staticfield jdk/internal/misc/Unsafe ARRAY_BOOLEAN_INDEX_SCALE I 1
staticfield jdk/internal/misc/Unsafe ARRAY_BYTE_INDEX_SCALE I 1
staticfield jdk/internal/misc/Unsafe ARRAY_SHORT_INDEX_SCALE I 2
staticfield jdk/internal/misc/Unsafe ARRAY_CHAR_INDEX_SCALE I 2
staticfield jdk/internal/misc/Unsafe ARRAY_INT_INDEX_SCALE I 4
staticfield jdk/internal/misc/Unsafe ARRAY_LONG_INDEX_SCALE I 8
staticfield jdk/internal/misc/Unsafe ARRAY_FLOAT_INDEX_SCALE I 4
staticfield jdk/internal/misc/Unsafe ARRAY_DOUBLE_INDEX_SCALE I 8
staticfield jdk/internal/misc/Unsafe ARRAY_OBJECT_INDEX_SCALE I 4
staticfield jdk/internal/misc/Unsafe ADDRESS_SIZE I 8
ciInstanceKlass jdk/internal/module/Modules 1 1 504 10 100 12 1 1 1 9 7 12 1 1 1 11 7 12 1 1 1 11 12 1 1 11 12 1 1 11 12 1 1 11 12 1 11 12 1 11 12 1 11 12 1 11 12 1 1 10 100 12 1 1 1 10 100 12 1 1 1 18 12 1 1 10 100 12 1 1 1 100 1 10 100 12 1 1 1 10 100 12 1 1 1 10 100 12 1 1 10 12 1 1 11 12 1 9 12 1 1 11 100 12 1 1 1 10 12 1 1 10 10 12 1 10 9 12 1 1 10 100 12 1 1 10 12 1 1 10 100 12 1 1 100 1 11 100 12 1 1 1 10 100 12 1 1 1 11 100 12 1 1 10 12 1 1 10 100 12 1 1 10 100 12 1 1 1 10 12 1 1 10 12 1 1 11 12 1 1 18 12 1 1 11 100 12 1 1 10 100 12 1 1 1 11 100 12 1 1 1 100 1 11 12 1 1 11 100 12 1 1 1 11 12 1 1 10 12 1 1 10 100 12 1 1 18 12 1 1 11 12 1 1 18 12 1 1 11 12 1 1 10 12 1 18 18 10 12 1 1 9 12 1 1 11 100 12 1 1 1 100 1 10 11 12 1 11 12 1 1 11 12 1 1 10 100 1 10 12 1 1 10 100 12 1 1 10 12 1 1 11 12 10 12 1 1 100 1 10 18 12 1 10 12 1 1 100 1 8 1 10 12 1 10 100 12 1 1 18 12 1 11 11 12 10 12 1 10 10 100 1 18 12 1 10 10 10 7 12 1 1 10 7 12 1 1 1 10 12 1 1 1 1 1 1 1 1 1 1 1 1 1 1 1 1 1 1 1 1 1 1 1 1 1 1 1 1 1 1 1 1 1 100 1 1 1 1 1 1 1 1 1 1 1 1 1 1 1 1 1 1 1 1 1 1 1 1 1 1 1 1 1 1 1 1 1 1 1 100 1 1 1 1 1 1 1 1 1 1 1 1 1 1 1 1 1 1 1 1 1 1 1 16 15 10 12 1 16 16 15 10 12 1 16 1 16 1 15 10 12 1 16 1 16 1 15 10 12 16 1 15 10 16 1 15 10 12 16 1 15 10 12 16 15 10 12 16 15 10 12 15 10 100 12 1 1 1 1 1 1 100 1 100 1 1
staticfield jdk/internal/module/Modules JLA Ljdk/internal/access/JavaLangAccess; java/lang/System$2
staticfield jdk/internal/module/Modules JLMA Ljdk/internal/access/JavaLangModuleAccess; java/lang/module/ModuleDescriptor$1
staticfield jdk/internal/module/Modules $assertionsDisabled Z 1
ciInstanceKlass java/lang/AutoCloseable 1 0 12 100 1 100 1 1 1 1 100 1 1 1
ciInstanceKlass java/io/Closeable 1 0 14 100 1 100 1 100 1 1 1 1 100 1 1 1
instanceKlass org/jetbrains/kotlin/protobuf/RopeByteString$RopeInputStream
instanceKlass org/jetbrains/kotlin/com/intellij/util/io/UnsyncByteArrayInputStream
instanceKlass org/jetbrains/kotlin/com/fasterxml/aalto/in/MergedStream
instanceKlass java/util/zip/ZipFile$ZipFileInputStream
instanceKlass java/io/FilterInputStream
instanceKlass java/io/FileInputStream
instanceKlass java/io/ByteArrayInputStream
ciInstanceKlass java/io/InputStream 1 1 195 100 1 10 7 12 1 1 1 100 1 10 10 7 12 1 1 1 10 7 12 1 1 1 10 12 1 100 1 3 10 12 1 1 100 1 8 1 10 12 1 10 100 12 1 1 1 3 100 1 8 1 10 10 100 12 1 1 1 100 1 10 11 100 12 1 1 1 10 12 1 1 11 12 1 1 11 100 12 1 1 1 11 12 1 1 100 1 10 100 12 1 1 1 5 0 10 12 1 10 12 1 1 100 1 10 8 1 10 8 1 8 1 10 12 1 1 10 100 12 1 1 1 100 1 5 0 10 12 1 100 1 100 1 1 1 1 3 1 3 1 1 1 1 1 1 1 1 1 1 1 1 1 1 1 1 1 1 1 1 1 1 1 1 1 1 1 1 1 1 1 1 1 1 1 1 1 1 1 1 1 1 1 1 1 1 1 1 1 1 1 1 1 1 1
ciInstanceKlass java/io/ByteArrayInputStream 1 1 117 10 7 12 1 1 1 9 7 12 1 1 1 9 12 1 1 9 12 1 9 12 1 10 100 12 1 1 1 10 7 12 1 1 1 10 7 12 1 1 1 10 100 12 1 1 1 10 12 1 1 3 10 100 1 10 100 12 1 1 1 9 12 1 1 100 1 10 10 7 12 1 1 1 1 1 1 1 1 1 1 1 1 1 1 1 1 1 1 1 1 1 1 1 1 1 1 1 1 1 1 1 100 1 1 1 1 1 1 1 1 1 1 1 1 1 1
staticfield java/io/ByteArrayInputStream $assertionsDisabled Z 1
ciInstanceKlass java/net/URL 1 1 771 10 7 12 1 1 1 10 12 1 10 7 12 1 1 9 12 1 1 9 12 1 10 7 12 1 1 1 10 12 1 1 10 12 1 1 9 12 1 1 10 7 12 1 1 1 8 1 10 12 1 1 100 1 10 10 12 1 1 8 1 10 12 1 1 9 12 1 100 1 8 1 10 12 1 10 12 1 8 1 9 12 1 10 12 1 1 9 12 1 10 12 1 10 12 1 9 12 1 9 12 1 8 1 9 12 1 10 12 1 1 8 1 9 12 1 1 10 12 1 1 10 7 12 1 1 1 8 1 10 12 1 7 1 10 12 1 10 12 1 10 12 1 10 12 1 1 10 12 1 1 8 1 10 12 1 1 10 12 1 8 1 9 12 1 8 1 10 12 1 10 7 12 1 1 1 100 1 10 12 1 10 12 1 1 10 7 12 1 1 1 100 1 8 1 10 10 12 1 8 1 10 12 1 1 10 12 1 10 12 1 10 12 1 10 12 1 10 12 1 10 12 1 8 1 10 12 1 8 1 10 10 100 1 10 10 12 1 8 1 10 7 12 1 1 1 10 12 1 9 100 12 1 1 1 10 100 12 1 1 1 9 12 1 1 10 12 1 10 100 12 1 1 1 100 1 100 1 10 12 1 10 12 1 10 12 1 10 12 1 10 12 1 10 12 10 10 12 1 10 12 1 10 12 1 1 8 1 9 100 12 1 1 1 10 100 12 1 1 1 10 12 1 1 9 100 12 1 1 1 10 12 1 1 100 1 10 12 1 10 12 1 10 10 12 1 1 10 12 1 1 10 12 1 10 12 1 10 12 1 10 100 12 1 1 1 10 12 1 1 10 12 1 9 12 1 1 9 12 1 1 100 1 8 1 10 10 12 1 9 12 1 1 10 7 12 1 1 8 1 10 7 12 1 1 8 1 10 12 1 1 10 12 1 8 1 8 1 10 7 12 1 1 1 100 1 10 100 12 1 1 1 10 12 1 10 12 1 100 1 10 9 100 12 1 1 1 10 100 12 1 1 10 12 1 1 10 12 1 8 1 100 1 10 10 100 12 1 1 1 10 12 1 8 9 100 12 1 1 1 10 12 1 1 10 12 1 10 12 1 1 10 7 12 1 1 11 7 12 1 1 10 12 1 10 12 1 9 12 1 10 12 1 1 10 100 12 1 1 10 100 12 1 1 1 8 10 100 12 1 1 100 1 10 8 8 10 12 1 8 8 8 100 1 10 12 1 9 12 1 1 10 12 1 10 12 1 1 10 12 1 10 12 10 12 1 1 10 12 1 1 10 10 10 12 1 10 12 1 10 12 1 10 12 1 10 12 1 10 10 12 1 100 1 8 1 10 10 10 12 1 1 10 12 1 10 12 1 1 8 1 7 1 10 10 7 1 10 12 1 9 7 12 1 1 1 9 12 1 1 7 1 10 10 7 12 1 1 1 100 1 1 1 1 1 5 0 1 1 1 1 1 1 1 1 1 1 1 1 1 1 1 1 1 1 1 1 1 1 1 1 1 1 1 1 1 1 1 1 1 1 1 1 1 1 1 1 1 1 1 1 1 1 1 1 100 1 1 1 1 1 1 1 1 1 1 1 1 1 1 1 1 1 1 1 1 1 1 1 1 1 1 1 1 1 1 1 1 1 1 1 1 1 100 1 1 1 1 1 1 1 1 1 1 1 1 1 1 1 1 1 100 1 1 1 1 1 1 1 1 1 1 1 1 1 1 1 1 1 1 1
staticfield java/net/URL defaultFactory Ljava/net/URLStreamHandlerFactory; java/net/URL$DefaultFactory
staticfield java/net/URL streamHandlerLock Ljava/lang/Object; java/lang/Object
staticfield java/net/URL serialPersistentFields [Ljava/io/ObjectStreamField; 7 [Ljava/io/ObjectStreamField;
instanceKlass org/jetbrains/kotlin/resolve/constants/evaluate/CompileTimeType
instanceKlass org/jetbrains/kotlin/types/TypeApproximatorConfiguration$IntersectionStrategy
instanceKlass org/jetbrains/kotlin/resolve/calls/components/ImplicitInvokeCheckStatus
instanceKlass org/jetbrains/kotlin/resolve/jvm/jvmSignature/JvmMethodParameterKind
instanceKlass org/jetbrains/kotlin/codegen/OwnerKind
instanceKlass org/jetbrains/kotlin/resolve/Compatibility
instanceKlass org/jetbrains/kotlin/resolve/calls/model/ArgumentMatchStatus
instanceKlass org/jetbrains/kotlin/resolve/calls/inference/model/ConstraintKind
instanceKlass org/jetbrains/kotlin/builtins/UnsignedArrayType
instanceKlass org/jetbrains/kotlin/resolve/calls/components/ArgumentsToParametersMapper$CallArgumentProcessor$State
instanceKlass org/jetbrains/kotlin/resolve/calls/results/OverloadResolutionResults$Code
instanceKlass org/jetbrains/kotlin/resolve/calls/tower/WrongResolutionToClassifier
instanceKlass org/jetbrains/kotlin/resolve/calls/tower/CandidateApplicability
instanceKlass org/jetbrains/kotlin/resolve/calls/smartcasts/DataFlowValue$Kind
instanceKlass org/jetbrains/kotlin/resolve/calls/smartcasts/Nullability
instanceKlass org/jetbrains/kotlin/resolve/calls/inference/model/NewConstraintSystemImpl$State
instanceKlass org/jetbrains/kotlin/resolve/calls/model/KotlinCallKind
instanceKlass org/jetbrains/kotlin/resolve/calls/tasks/ExplicitReceiverKind
instanceKlass org/jetbrains/kotlin/psi/Call$CallType
instanceKlass org/jetbrains/kotlin/types/TypeCheckerState$LowerCapturedTypePolicy
instanceKlass org/jetbrains/kotlin/types/TypeSubstitutor$VarianceConflictType
instanceKlass org/jetbrains/kotlin/builtins/functions/FunctionClassKind
instanceKlass org/jetbrains/kotlin/load/java/descriptors/JavaMethodDescriptor$ParameterNamesStatus
instanceKlass org/jetbrains/kotlin/load/java/SpecialGenericSignatures$TypeSafeBarrierDescription
instanceKlass org/jetbrains/kotlin/com/intellij/psi/stubs/StubList$ChildrenStorage
instanceKlass org/jetbrains/kotlin/com/intellij/openapi/projectRoots/JavaSdkVersion
instanceKlass org/jetbrains/kotlin/com/intellij/psi/impl/source/PsiJavaCodeReferenceElementImpl$Kind
instanceKlass org/jetbrains/kotlin/com/intellij/lang/java/parser/DeclarationParser$Context
instanceKlass org/jetbrains/kotlin/resolve/ExternalOverridabilityCondition$Result
instanceKlass org/jetbrains/kotlin/resolve/ExternalOverridabilityCondition$Contract
instanceKlass org/jetbrains/kotlin/resolve/OverridingUtil$OverrideCompatibilityInfo$Result
instanceKlass javaslang/collection/HashArrayMappedTrieModule$Action
instanceKlass org/jetbrains/kotlin/descriptors/annotations/KotlinTarget
instanceKlass org/jetbrains/kotlin/metadata/ProtoBuf$Effect$InvocationKind
instanceKlass org/jetbrains/kotlin/metadata/ProtoBuf$Expression$ConstantValue
instanceKlass org/jetbrains/kotlin/metadata/ProtoBuf$Effect$EffectType
instanceKlass org/jetbrains/kotlin/metadata/ProtoBuf$VersionRequirement$VersionKind
instanceKlass org/jetbrains/kotlin/metadata/ProtoBuf$VersionRequirement$Level
instanceKlass org/jetbrains/kotlin/serialization/deserialization/descriptors/DeserializedContainerAbiStability
instanceKlass org/jetbrains/kotlin/metadata/jvm/JvmProtoBuf$StringTableTypes$Record$Operation
instanceKlass org/jetbrains/kotlin/load/java/structure/impl/classFiles/BinaryClassSignatureParser$JavaSignatureVariance
instanceKlass org/jetbrains/kotlin/load/java/typeEnhancement/TypeComponentPosition
instanceKlass org/jetbrains/kotlin/load/java/typeEnhancement/NullabilityQualifier
instanceKlass kotlin/reflect/jvm/internal/impl/resolve/jvm/JvmPrimitiveType
instanceKlass kotlin/reflect/jvm/internal/impl/builtins/PrimitiveType
instanceKlass kotlin/reflect/jvm/internal/impl/builtins/functions/FunctionClassKind
instanceKlass org/jetbrains/kotlin/name/State
instanceKlass org/jetbrains/kotlin/load/java/lazy/types/JavaTypeFlexibility
instanceKlass org/jetbrains/kotlin/types/TypeUsage
instanceKlass java/lang/annotation/ElementType
instanceKlass org/jetbrains/kotlin/resolve/jvm/JvmPrimitiveType
instanceKlass org/jetbrains/kotlin/load/java/structure/LightClassOriginKind
instanceKlass org/jetbrains/kotlin/resolve/jvm/NotFoundPackagesCachingStrategy$CacheType
instanceKlass org/jetbrains/kotlin/resolve/lazy/LazyImportScope$FilteringKind
instanceKlass org/jetbrains/kotlin/resolve/scopes/LexicalScopeKind
instanceKlass org/jetbrains/kotlin/parsing/KotlinParsing$PropertyComponentKind
instanceKlass org/jetbrains/kotlin/parsing/KotlinParsing$ParseEnumEntryResult
instanceKlass org/jetbrains/kotlin/parsing/KotlinParsing$DeclarationParsingMode
instanceKlass org/jetbrains/kotlin/parsing/KotlinParsing$NameParsingMode
instanceKlass org/jetbrains/kotlin/parsing/KotlinParsing$AnnotationParsingMode
instanceKlass org/jetbrains/kotlin/parsing/KotlinExpressionParsing$Precedence
instanceKlass org/jetbrains/kotlin/load/kotlin/header/KotlinClassHeader$Kind
instanceKlass org/jetbrains/kotlin/load/java/AnnotationQualifierApplicabilityType
instanceKlass org/jetbrains/kotlin/metadata/ProtoBuf$MemberKind
instanceKlass org/jetbrains/kotlin/metadata/ProtoBuf$Class$Kind
instanceKlass org/jetbrains/kotlin/metadata/ProtoBuf$Modality
instanceKlass org/jetbrains/kotlin/metadata/ProtoBuf$Visibility
instanceKlass org/jetbrains/kotlin/incremental/components/NoLookupLocation
instanceKlass java/lang/invoke/MethodHandleImpl$ArrayAccess
instanceKlass org/jetbrains/kotlin/serialization/deserialization/AnnotatedCallableKind
instanceKlass org/jetbrains/kotlin/load/java/typeEnhancement/MutabilityQualifier
instanceKlass org/jetbrains/kotlin/resolve/lazy/FileScopeFactory$FilteringKind
instanceKlass org/jetbrains/kotlin/types/expressions/FakeCallKind
instanceKlass org/jetbrains/kotlin/resolve/calls/inference/components/TypeVariableDirectionCalculator$ResolveDirection
instanceKlass org/jetbrains/kotlin/resolve/calls/inference/components/ConstraintSystemCompletionMode
instanceKlass org/jetbrains/kotlin/resolve/calls/context/CheckArgumentTypesMode
instanceKlass org/jetbrains/kotlin/resolve/calls/smartcasts/SmartCastManager$ReceiverSmartCastResult
instanceKlass org/jetbrains/kotlin/resolve/calls/util/ResolveArgumentsMode
instanceKlass org/jetbrains/kotlin/resolve/calls/results/ResolutionStatus
instanceKlass org/jetbrains/kotlin/types/expressions/ControlStructureTypingUtils$ResolveConstruct
instanceKlass org/jetbrains/kotlin/types/expressions/CoercionStrategy
instanceKlass org/jetbrains/kotlin/resolve/calls/context/ContextDependency
instanceKlass org/jetbrains/kotlin/resolve/QualifierPosition
instanceKlass org/jetbrains/kotlin/psi/KtProjectionKind
instanceKlass org/jetbrains/kotlin/resolve/TopDownAnalysisMode
instanceKlass org/jetbrains/kotlin/incremental/components/ScopeKind
instanceKlass org/jetbrains/kotlin/types/model/CaptureStatus
instanceKlass org/jetbrains/kotlin/types/model/TypeVariance
instanceKlass org/jetbrains/kotlin/analyzer/ModuleInfo$DependencyOnBuiltIns
instanceKlass org/jetbrains/kotlin/types/Variance
instanceKlass org/jetbrains/kotlin/com/intellij/openapi/extensions/ExtensionDescriptor$Os
instanceKlass kotlin/DeprecationLevel
instanceKlass org/jetbrains/kotlin/com/intellij/diagnostic/ActivityCategory
instanceKlass org/jetbrains/kotlin/container/ComponentState
instanceKlass org/jetbrains/kotlin/container/ComponentStorageState
instanceKlass java/math/RoundingMode
instanceKlass org/jetbrains/kotlin/descriptors/annotations/AnnotationUseSiteTarget
instanceKlass org/jetbrains/kotlin/config/LanguageFeature$State
instanceKlass org/jetbrains/kotlin/config/LanguageFeature$Kind
instanceKlass org/jetbrains/kotlin/config/LanguageFeature
instanceKlass org/jetbrains/kotlin/metadata/ProtoBuf$Type$Argument$Projection
instanceKlass org/jetbrains/kotlin/metadata/ProtoBuf$QualifiedNameTable$QualifiedName$Kind
instanceKlass org/jetbrains/kotlin/metadata/ProtoBuf$TypeParameter$Variance
instanceKlass org/jetbrains/kotlin/metadata/ProtoBuf$Annotation$Argument$Value$Type
instanceKlass org/jetbrains/kotlin/protobuf/WireFormat$JavaType
instanceKlass org/jetbrains/kotlin/protobuf/WireFormat$FieldType
instanceKlass org/jetbrains/kotlin/types/error/ErrorScopeKind
instanceKlass org/jetbrains/kotlin/descriptors/CallableMemberDescriptor$Kind
instanceKlass java/util/Locale$Category
instanceKlass org/jetbrains/kotlin/types/error/ErrorEntity
instanceKlass org/jetbrains/kotlin/types/error/ErrorTypeKind
instanceKlass org/jetbrains/kotlin/descriptors/ClassKind
instanceKlass org/jetbrains/kotlin/descriptors/Modality
instanceKlass org/jetbrains/kotlin/renderer/AnnotationArgumentsRenderingPolicy
instanceKlass org/jetbrains/kotlin/renderer/PropertyAccessorRenderingPolicy
instanceKlass org/jetbrains/kotlin/renderer/ParameterNameRenderingPolicy
instanceKlass org/jetbrains/kotlin/renderer/RenderingFormat
instanceKlass org/jetbrains/kotlin/renderer/OverrideRenderingPolicy
instanceKlass org/jetbrains/kotlin/renderer/DescriptorRendererModifier
instanceKlass org/jetbrains/kotlin/builtins/jvm/JvmBuiltIns$Kind
instanceKlass org/jetbrains/kotlin/diagnostics/Severity
instanceKlass org/jetbrains/kotlin/com/intellij/openapi/fileEditor/impl/LoadTextUtil$AutoDetectionReason
instanceKlass org/jetbrains/kotlin/com/intellij/openapi/vfs/CharsetToolkit$GuessedEncoding
instanceKlass org/jetbrains/kotlin/cli/jvm/index/JavaRoot$RootType
instanceKlass org/jetbrains/kotlin/com/intellij/openapi/util/io/FileAttributes$CaseSensitivity
instanceKlass org/jetbrains/kotlin/com/intellij/openapi/vfs/VFileProperty
instanceKlass kotlin/collections/State
instanceKlass kotlin/io/FileWalkDirection
instanceKlass org/jetbrains/kotlin/parcelize/ParcelizeSyntheticComponent$ComponentKind
instanceKlass com/sun/tools/javac/comp/DeferredAttr$AttributionMode
instanceKlass com/sun/tools/javac/api/DiagnosticFormatter$PositionKind
instanceKlass com/sun/tools/javac/jvm/Target
instanceKlass javax/lang/model/SourceVersion
instanceKlass com/sun/tools/javac/parser/Tokens$Token$Tag
instanceKlass com/sun/tools/javac/parser/Tokens$TokenKind
instanceKlass com/sun/tools/javac/code/Source
instanceKlass com/sun/tools/javac/code/Lint$LintCategory
instanceKlass com/sun/tools/javac/main/Option$ChoiceKind
instanceKlass com/sun/tools/javac/main/Option$ArgKind
instanceKlass com/sun/tools/javac/main/Option$OptionGroup
instanceKlass com/sun/tools/javac/main/Option$OptionKind
instanceKlass com/sun/tools/javac/main/Option
instanceKlass org/jetbrains/kotlin/base/kapt3/DetectMemoryLeaksMode
instanceKlass org/jetbrains/kotlin/base/kapt3/AptMode
instanceKlass org/jetbrains/kotlin/base/kapt3/KaptFlag
instanceKlass org/jetbrains/kotlin/com/intellij/pom/java/LanguageLevel
instanceKlass org/jetbrains/kotlin/com/intellij/openapi/util/LowMemoryWatcher$LowMemoryWatcherType
instanceKlass org/jetbrains/kotlin/com/intellij/diagnostic/LoadingState
instanceKlass org/jetbrains/kotlin/com/intellij/openapi/progress/impl/CoreProgressManager$CheckCanceledBehavior
instanceKlass org/jetbrains/kotlin/com/intellij/util/messages/Topic$BroadcastDirection
instanceKlass org/jetbrains/kotlin/com/intellij/openapi/extensions/ExtensionPoint$Kind
instanceKlass org/jetbrains/kotlin/cli/jvm/compiler/EnvironmentConfigFiles
instanceKlass org/jetbrains/kotlin/config/JvmSerializeIrMode
instanceKlass org/jetbrains/kotlin/config/JvmAbiStability
instanceKlass org/jetbrains/kotlin/kapt/cli/CliToolOption$Format
instanceKlass org/jetbrains/kotlin/kapt/cli/KaptCliOption
instanceKlass org/jetbrains/kotlin/builtins/UnsignedType
instanceKlass kotlin/LazyThreadSafetyMode
instanceKlass org/jetbrains/kotlin/builtins/PrimitiveType
instanceKlass java/util/stream/Collector$Characteristics
instanceKlass java/util/stream/MatchOps$MatchKind
instanceKlass org/jetbrains/kotlin/config/JvmTarget
instanceKlass org/jetbrains/kotlin/storage/LockBasedStorageManager$NotValue
instanceKlass org/jetbrains/kotlin/load/java/ReportLevel
instanceKlass jdk/internal/logger/BootstrapLogger$LoggingBackend
instanceKlass java/util/stream/StreamShape
instanceKlass java/util/stream/StreamOpFlag$Type
instanceKlass java/util/stream/StreamOpFlag
instanceKlass java/util/regex/Pattern$Qtype
instanceKlass org/jetbrains/kotlin/config/LanguageVersion
instanceKlass java/lang/reflect/ProxyGenerator$PrimitiveTypeInfo
instanceKlass java/lang/annotation/RetentionPolicy
instanceKlass org/jetbrains/kotlin/config/JvmDefaultMode
instanceKlass org/jetbrains/kotlin/config/JVMAssertionsMode
instanceKlass org/jetbrains/kotlin/config/ExplicitApiMode
instanceKlass org/jetbrains/kotlin/cli/common/messages/CompilerMessageSeverity
instanceKlass org/jetbrains/kotlin/cli/common/CompilerSystemProperties
instanceKlass java/lang/invoke/MethodHandles$Lookup$ClassOption
instanceKlass java/lang/invoke/VarHandle$AccessType
instanceKlass java/lang/invoke/VarHandle$AccessMode
instanceKlass java/lang/invoke/MethodHandleImpl$Intrinsic
instanceKlass java/lang/invoke/LambdaForm$BasicType
instanceKlass java/lang/invoke/LambdaForm$Kind
instanceKlass sun/invoke/util/Wrapper
instanceKlass java/io/JbExtendedOpenOptions
instanceKlass org/jetbrains/kotlin/cli/common/ExitCode
instanceKlass java/util/zip/ZipCoder$Comparison
instanceKlass java/nio/file/LinkOption
instanceKlass sun/nio/fs/WindowsPathType
instanceKlass java/nio/file/StandardOpenOption
instanceKlass java/io/File$PathStatus
instanceKlass java/lang/module/ModuleDescriptor$Requires$Modifier
instanceKlass java/lang/reflect/AccessFlag$Location
instanceKlass java/lang/reflect/AccessFlag
instanceKlass java/lang/module/ModuleDescriptor$Modifier
instanceKlass com/jetbrains/internal/IoOverNio$Debug
instanceKlass java/lang/reflect/ClassFileFormatVersion
instanceKlass java/util/concurrent/TimeUnit
instanceKlass java/lang/Thread$State
ciInstanceKlass java/lang/Enum 1 1 204 9 7 12 1 1 1 9 12 1 1 10 7 12 1 1 1 9 12 1 10 7 12 1 1 1 100 1 10 10 12 1 1 10 12 1 100 1 10 10 7 12 1 1 10 12 1 1 18 12 1 1 10 100 12 1 1 1 10 12 1 1 11 7 12 1 1 1 100 1 8 1 10 12 1 100 1 100 1 10 8 1 10 12 1 1 10 12 1 1 8 1 10 12 1 10 100 1 8 1 10 10 12 1 1 10 100 12 1 1 1 100 1 100 1 100 1 1 1 1 1 1 1 1 1 1 1 1 1 1 1 1 1 1 1 1 1 1 1 1 1 1 1 1 1 1 1 1 1 1 1 1 1 1 1 1 1 1 1 1 1 1 1 3 1 1 1 1 100 1 100 1 1 100 1 1 1 1 1 1 1 1 1 1 1 16 15 10 12 16 15 10 100 12 1 1 1 1 1 100 1 100 1 1
ciInstanceKlass java/util/jar/Manifest 1 1 339 10 7 12 1 1 1 7 1 10 9 7 12 1 1 1 7 1 10 9 12 1 1 9 12 1 1 10 12 1 10 12 1 1 10 12 1 1 10 12 1 1 10 12 1 1 11 7 1 11 12 1 1 10 12 1 1 10 100 12 1 1 1 100 1 100 1 10 8 1 10 12 1 1 10 12 1 1 10 12 1 10 12 1 11 100 1 10 12 1 10 12 1 1 11 12 1 1 10 12 1 11 12 1 1 11 100 12 1 1 1 11 100 12 1 1 11 12 1 1 100 1 10 12 1 8 1 11 12 1 100 1 10 12 1 1 11 12 1 10 12 1 10 12 1 10 100 12 1 1 1 8 1 10 12 1 1 10 9 100 12 1 1 1 10 12 1 1 10 100 12 1 10 12 1 10 12 1 9 100 12 1 1 1 8 1 10 12 1 8 1 8 1 7 1 10 12 1 10 12 1 10 12 1 1 100 1 8 1 10 12 1 1 8 1 10 10 12 1 1 8 1 10 12 1 1 10 100 12 1 1 1 10 12 1 10 11 12 1 1 10 12 1 10 100 12 1 1 1 10 12 1 1 10 12 1 10 12 1 1 11 10 12 1 11 10 12 1 100 1 1 1 1 1 1 1 1 1 1 1 1 1 1 1 1 1 1 1 1 1 1 1 1 1 1 1 1 1 1 1 1 1 1 1 1 1 1 1 1 1 1 1 100 1 1 1 1 1 1 1 1 1 1 1 1 1 1 100 1 1 1 1 1 1 1 1 1 1 1
instanceKlass jdk/internal/loader/ClassLoaders$BootClassLoader
instanceKlass jdk/internal/loader/ClassLoaders$PlatformClassLoader
instanceKlass jdk/internal/loader/ClassLoaders$AppClassLoader
ciInstanceKlass jdk/internal/loader/BuiltinClassLoader 1 1 757 9 7 12 1 1 1 10 7 12 1 1 1 10 7 12 1 1 1 9 12 1 1 9 12 1 1 7 1 10 12 1 9 12 1 10 12 1 9 12 1 10 7 12 1 1 1 10 7 12 1 1 1 10 7 12 1 1 1 11 7 12 1 1 1 100 1 100 1 10 10 12 1 1 8 1 10 12 1 10 12 7 1 10 12 1 10 12 1 1 11 7 12 1 1 1 11 7 12 1 1 1 11 12 1 1 7 1 8 1 8 1 10 9 12 1 1 10 7 12 1 1 11 12 1 1 10 12 1 1 10 12 1 1 10 12 1 1 10 7 12 1 1 1 10 12 1 10 100 12 1 1 1 10 12 1 1 11 7 12 1 1 1 10 7 12 1 1 100 1 10 7 12 1 1 1 10 12 1 100 1 8 1 10 12 1 1 10 8 1 10 12 1 1 10 12 1 1 10 12 1 1 11 7 12 1 1 11 12 1 7 1 10 11 12 1 1 11 10 12 1 1 7 1 10 12 1 10 7 12 1 10 12 1 7 1 10 12 1 10 7 12 1 1 1 100 1 10 12 1 1 11 12 1 100 1 100 1 10 12 1 10 12 1 1 100 1 100 1 10 12 1 10 12 1 18 12 1 1 10 12 1 10 12 1 1 18 100 1 10 7 12 1 1 1 7 1 10 10 12 1 1 10 12 1 1 10 12 1 1 10 12 1 9 12 1 1 100 1 10 10 12 1 1 10 12 1 1 10 12 1 10 12 10 12 1 1 10 12 1 1 10 12 1 1 10 12 1 10 7 12 1 1 1 10 12 1 1 10 7 12 1 1 18 12 1 7 1 100 1 10 12 1 1 10 12 1 1 10 12 1 10 12 1 1 10 12 1 100 1 10 12 1 7 1 10 12 1 10 7 12 1 1 1 10 12 1 11 12 1 7 1 10 12 1 7 1 100 1 10 12 1 10 12 1 11 12 1 1 10 12 1 1 10 12 1 1 10 12 1 1 10 12 1 1 10 12 1 10 12 1 10 12 1 10 12 1 8 1 10 12 1 1 10 7 12 1 1 10 12 1 100 1 8 1 8 1 10 10 12 1 8 1 8 1 10 7 12 1 1 1 11 7 12 1 1 1 9 7 12 1 1 1 10 7 12 1 1 1 9 12 1 9 12 1 9 12 1 9 12 1 9 12 1 9 12 1 10 7 12 1 1 1 8 1 10 12 1 7 1 10 12 1 1 10 12 1 7 1 10 11 12 1 1 10 12 10 12 1 10 12 1 100 1 10 12 1 10 12 1 10 10 12 1 10 7 12 1 1 8 1 10 7 12 1 1 10 12 1 1 1 1 1 1 1 1 1 1 1 1 1 1 1 1 1 1 1 1 1 1 1 1 1 1 1 1 1 1 1 1 1 1 1 1 1 1 1 1 1 1 1 1 1 1 1 1 1 1 1 1 1 1 1 1 100 1 1 1 1 1 1 1 1 1 1 1 1 1 1 1 1 1 1 100 1 1 1 1 1 1 100 1 1 1 1 1 1 1 1 1 1 1 1 1 1 1 1 1 1 1 1 1 1 1 1 1 1 1 1 1 1 1 1 1 1 1 1 1 1 1 1 1 1 1 1 1 1 1 1 100 1 1 16 15 10 12 16 15 10 12 16 15 10 12 16 1 15 10 100 12 1 1 1 1 1 1 100 1 1 1 1 1 100 1 100 1 1
staticfield jdk/internal/loader/BuiltinClassLoader packageToModule Ljava/util/Map; java/util/concurrent/ConcurrentHashMap
staticfield jdk/internal/loader/BuiltinClassLoader $assertionsDisabled Z 1
ciInstanceKlass jdk/internal/loader/ClassLoaders 1 1 183 10 100 12 1 1 1 10 7 12 1 1 1 10 12 1 1 10 100 12 1 1 1 9 7 12 1 1 1 9 12 1 1 9 12 1 1 7 1 11 100 12 1 1 1 100 1 11 12 1 1 11 12 1 1 10 100 12 1 1 1 10 100 12 1 1 1 100 1 100 1 10 7 12 1 1 1 9 12 1 1 10 12 1 1 7 1 10 12 1 1 10 12 1 7 1 8 1 10 7 12 1 1 1 10 12 1 1 7 1 10 12 1 10 12 1 10 12 1 8 1 10 7 12 1 1 8 1 8 1 10 12 1 7 1 10 12 1 10 12 1 10 12 1 1 1 1 1 1 1 1 1 1 1 1 1 1 1 1 1 1 1 1 100 1 1 1 1 1 1 1 1 1 1 1 1 1 1 1 1 1 1 1
staticfield jdk/internal/loader/ClassLoaders JLA Ljdk/internal/access/JavaLangAccess; java/lang/System$2
staticfield jdk/internal/loader/ClassLoaders BOOT_LOADER Ljdk/internal/loader/ClassLoaders$BootClassLoader; jdk/internal/loader/ClassLoaders$BootClassLoader
staticfield jdk/internal/loader/ClassLoaders PLATFORM_LOADER Ljdk/internal/loader/ClassLoaders$PlatformClassLoader; jdk/internal/loader/ClassLoaders$PlatformClassLoader
staticfield jdk/internal/loader/ClassLoaders APP_LOADER Ljdk/internal/loader/ClassLoaders$AppClassLoader; jdk/internal/loader/ClassLoaders$AppClassLoader
ciInstanceKlass jdk/internal/loader/ClassLoaders$AppClassLoader 1 1 119 8 1 10 7 12 1 1 1 10 7 12 1 1 1 10 100 12 1 1 1 10 12 1 1 10 100 12 1 1 1 10 12 1 1 10 12 1 1 7 1 8 1 10 12 10 7 12 1 1 1 10 100 12 1 1 10 12 1 1 10 12 1 1 10 7 12 1 1 1 100 1 10 12 1 1 1 1 1 1 1 1 1 1 1 1 1 1 1 1 1 1 1 1 1 100 1 1 1 1 1 1 1 1 1 1 1 1 1 1 1 1 1 1 1 100 1 1 1
ciInstanceKlass jdk/internal/loader/ClassLoaders$PlatformClassLoader 1 1 42 8 1 10 7 12 1 1 1 10 7 12 1 1 1 100 1 10 12 1 100 1 1 1 1 1 1 1 1 1 1 1 1 1 1 100 1 1 1 100 1 1
ciInstanceKlass java/security/CodeSource 1 1 398 10 7 12 1 1 1 9 7 12 1 1 1 9 12 1 1 9 12 1 1 9 12 1 1 10 7 12 1 1 1 9 12 1 1 10 100 12 1 1 10 100 10 100 12 1 1 1 10 100 12 1 1 1 10 12 1 1 100 1 10 10 100 12 1 1 1 10 100 12 1 1 1 10 12 1 1 100 1 10 12 1 1 10 12 1 1 10 12 1 1 10 12 1 10 10 10 12 1 1 10 100 12 1 1 1 10 12 1 10 12 1 10 12 1 8 1 10 12 1 10 12 1 10 12 1 1 10 12 1 8 1 10 12 1 1 10 100 1 10 10 12 1 1 8 1 10 12 1 10 12 1 10 12 1 8 1 8 1 9 12 1 1 100 1 8 1 10 12 1 10 12 1 1 8 1 10 12 1 8 1 8 1 8 1 10 100 12 1 1 10 12 1 1 10 12 1 10 12 1 1 10 12 1 1 10 12 1 1 100 1 100 1 10 12 1 10 12 10 12 1 1 10 100 12 1 1 10 12 1 100 1 10 12 10 100 12 1 1 1 10 8 1 10 12 1 10 12 1 10 12 1 1 100 1 10 12 1 1 100 1 100 1 8 1 8 1 10 10 12 1 1 10 100 12 1 1 1 100 1 10 12 10 12 1 1 11 100 12 1 1 10 10 12 1 11 10 12 1 8 1 100 1 10 12 1 10 12 1 1 10 12 1 11 12 1 1 100 1 1 1 1 5 0 1 1 1 1 1 1 1 1 1 1 1 1 1 1 1 1 1 1 1 1 1 1 1 1 1 1 1 1 1 1 1 1 1 1 1 1 1 1 1 1 1 1 1 1 1 1 1 1 1 1 1 1 1 1 1 1 1 1 1 1 1 1 1 1 1 1 100 1 1 1 1 1 1 1
ciInstanceKlass java/util/concurrent/ConcurrentMap 1 1 208 11 7 12 1 1 1 10 7 12 1 1 11 12 1 1 11 100 12 1 1 1 11 100 12 1 1 1 11 12 1 1 100 1 11 12 1 11 12 1 100 1 11 100 12 1 1 1 18 12 1 11 12 1 1 11 7 12 1 1 11 12 1 1 11 100 12 1 11 12 1 1 11 12 1 1 100 1 100 1 1 1 1 1 1 1 1 1 1 1 1 1 1 1 1 1 1 1 1 1 1 1 1 1 1 1 1 1 1 1 1 1 1 1 1 1 1 1 1 1 1 1 1 1 1 1 1 1 1 1 1 1 1 1 1 1 1 1 1 16 15 11 12 15 10 100 12 1 1 1 1 1 100 1 100 1 1 1 100 1 8 1 1 12 10 1 1 1 8 1 1 1 8 1 1 8 1 1 1 8 1 1 1 8 1 1 1 8 1 1 1 8 1 1 1 8 1 1 1 8 1 1 1 8 1 1 8 1
instanceKlass java/util/Collections$SingletonMap
instanceKlass kotlin/collections/AbstractMutableMap
instanceKlass org/jetbrains/kotlin/protobuf/SmallSortedMap
instanceKlass org/jetbrains/kotlin/com/intellij/openapi/vfs/impl/ZipEntryMap
instanceKlass org/jetbrains/kotlin/com/intellij/util/containers/hash/LinkedHashMap
instanceKlass org/jetbrains/kotlin/com/intellij/util/containers/ConcurrentRefHashMap
instanceKlass org/jetbrains/kotlin/com/intellij/util/containers/RefHashMap
instanceKlass java/util/EnumMap
instanceKlass java/util/TreeMap
instanceKlass java/util/IdentityHashMap
instanceKlass java/util/WeakHashMap
instanceKlass java/util/Collections$EmptyMap
instanceKlass sun/util/PreHashedMap
instanceKlass java/util/HashMap
instanceKlass java/util/ImmutableCollections$AbstractImmutableMap
instanceKlass java/util/concurrent/ConcurrentHashMap
ciInstanceKlass java/util/AbstractMap 1 1 196 10 7 12 1 1 1 10 7 12 1 1 1 11 7 12 1 1 1 10 11 12 1 1 11 7 12 1 1 1 11 12 1 1 7 1 11 12 1 10 12 1 1 11 12 1 100 1 10 11 12 1 11 7 1 10 12 1 1 11 12 1 9 12 1 1 7 1 10 12 1 9 12 1 1 100 1 10 11 11 12 1 1 11 12 1 100 1 100 1 11 12 1 8 1 100 1 10 10 12 1 1 8 1 10 12 1 10 12 1 1 10 12 1 1 1 1 1 1 1 1 1 1 1 1 1 1 1 1 1 1 1 1 1 1 1 1 1 1 1 1 1 1 1 1 1 1 1 1 1 1 1 1 100 1 1 1 1 1 1 1 100 1 1 1 1 1 1 1 1 1 100 1 1 1 1 1 1 1 1 1 100 1 100 1 100 1 100 1 100 1 1 1 1 1 1
ciInstanceKlass java/util/concurrent/ConcurrentHashMap 1 1 1210 7 1 7 1 3 10 12 1 1 3 100 1 10 7 12 1 1 1 100 1 10 100 12 1 1 1 100 1 11 12 1 1 11 12 1 11 12 1 1 9 12 1 1 9 12 1 1 9 12 1 10 7 12 1 1 1 7 1 10 12 1 1 10 12 1 1 10 7 12 1 1 1 4 10 12 1 9 12 1 10 12 1 1 100 1 10 5 0 10 12 1 10 12 1 1 5 0 10 12 1 1 10 12 1 9 12 1 1 10 12 1 1 9 12 1 9 12 1 1 10 12 1 1 9 12 1 10 12 1 1 9 12 1 1 10 12 1 1 100 1 10 100 1 10 12 1 10 12 1 1 10 12 1 1 10 12 1 1 10 12 1 10 12 1 1 10 12 1 1 100 1 10 12 1 1 7 1 100 1 8 1 10 12 1 10 12 1 1 10 12 1 1 11 7 12 1 1 10 12 1 1 11 12 1 1 11 7 12 1 1 1 11 7 12 1 1 1 11 12 1 7 1 11 12 1 11 12 1 10 12 1 1 10 12 1 1 9 12 1 1 10 100 12 1 1 1 9 10 12 1 1 9 12 1 10 12 1 1 5 0 9 12 1 1 7 1 10 12 1 9 12 1 1 7 1 10 12 1 9 12 1 7 1 10 100 1 10 10 12 1 1 8 1 10 12 1 10 12 1 1 11 100 1 10 12 1 10 100 12 1 1 1 8 1 10 100 12 1 1 1 8 1 10 12 1 8 1 10 12 1 10 12 1 1 10 100 12 1 1 10 12 1 10 12 1 10 12 1 9 12 1 9 10 12 1 9 12 1 1 11 100 12 1 1 1 11 7 12 1 1 1 100 1 10 12 11 100 12 1 1 10 11 7 12 1 10 12 1 100 1 10 12 1 100 1 10 10 9 7 12 1 1 1 10 12 3 10 100 12 1 1 9 12 1 10 12 1 1 9 12 1 1 9 12 1 10 12 1 1 10 100 12 1 1 9 12 1 9 7 12 1 1 10 12 1 1 10 12 1 3 9 12 1 9 12 1 10 12 1 1 7 1 9 3 9 12 1 100 1 10 12 1 9 12 1 10 12 1 9 12 1 10 12 1 9 12 1 10 100 12 1 1 1 100 10 12 1 100 1 5 0 10 100 12 1 1 100 1 10 12 1 1 10 12 1 10 12 1 100 1 10 12 1 10 100 1 100 1 10 10 12 1 10 100 1 10 12 1 10 100 1 10 12 1 10 100 1 10 12 1 1 100 1 10 12 1 10 10 12 1 100 1 10 12 1 10 10 12 1 100 1 10 12 1 10 100 1 10 12 1 10 100 1 10 12 1 10 100 1 10 12 1 10 100 1 10 12 1 10 100 1 10 12 1 10 100 1 10 12 1 10 100 1 10 12 1 10 100 1 10 10 100 1 10 10 100 1 10 10 100 1 10 12 1 10 100 1 10 12 1 10 100 1 10 12 1 10 100 1 10 12 1 10 100 1 10 12 1 10 100 1 10 10 100 1 10 10 100 1 10 10 100 1 10 12 1 10 100 1 10 12 1 10 100 1 10 12 1 10 100 1 10 12 1 10 100 1 10 12 1 10 10 12 1 10 7 12 1 1 1 10 12 1 7 1 7 1 10 12 1 9 12 1 1 9 12 1 1 10 12 1 1 8 10 12 1 1 8 8 8 8 7 10 12 1 1 10 12 1 100 1 8 1 10 7 1 100 1 100 1 1 1 5 0 1 1 3 1 3 1 1 1 1 3 1 3 1 3 1 1 1 1 1 3 1 3 1 3 1 1 1 1 1 1 1 1 1 1 1 1 1 1 1 1 1 1 1 1 1 1 1 1 1 100 1 1 1 1 1 1 1 1 1 1 1 1 1 1 1 1 1 1 1 1 1 1 1 1 1 1 1 1 1 1 1 1 1 1 1 1 1 1 1 1 1 1 1 1 1 1 1 1 1 1 1 1 1 1 1 1 1 1 1 1 1 1 1 1 1 1 1 1 1 1 1 1 1 1 1 1 1 1 1 1 1 1 1 1 100 1 1 1 1 1 1 1 1 1 1 1 100 1 1 1 1 1 1 1 1 1 1 1 1 1 1 1 1 1 1 1 1 1 1 1 1 1 1 1 1 1 1 1 1 1 1 1 1 1 1 1 1 1 1 1 1 1 1 1 1 1 1 1 1 1 1 1 1 1 1 1 1 1 1 1 1 1 1 1 1 1 1 1 1 1 1 1 1 1 1 1 1 1 1 1 1 1 1 1 1 1 1 1 1 1 1 1 1 1 1 1 1 1 1 1 1 1 1 1 1 1 1 1 1 1 1 1 1 1 1 1 1 1 1 1 1 1 1 1 1 1 1 1 1 1 1 1 1 1 1 1 1 1 1 1 1 1 1 1 1 1 1 1 1 1 1 1 1 1 1 1 1 1 1 1 1 1 1 1 1 1 1 1 1 1 1 1 1 1 1 1 1 1 1 1 1 1 1 1 1 1 1 1 1 1 1 1 1 1 1 1 1 1 1 1 1 1 1 1 1 1 1 1 1 1 1 1 1 1 1 1 1 1 1 1 100 1 100 1 100 1 100 1 100 1 100 1 100 1 100 1 100 1 1 1 1 1 1 1 1 1 1 1 1 1 1 1 1 1 1 1 1 1 1 1 1 1 1 1 1 1 1 1 1 1 1 1 1 1 1 1 1 1 1 1 1 1 1 1 1 1 1 1 1 1 1 1 1 1 1
staticfield java/util/concurrent/ConcurrentHashMap NCPU I 6
staticfield java/util/concurrent/ConcurrentHashMap serialPersistentFields [Ljava/io/ObjectStreamField; 3 [Ljava/io/ObjectStreamField;
staticfield java/util/concurrent/ConcurrentHashMap U Ljdk/internal/misc/Unsafe; jdk/internal/misc/Unsafe
staticfield java/util/concurrent/ConcurrentHashMap SIZECTL J 20
staticfield java/util/concurrent/ConcurrentHashMap TRANSFERINDEX J 32
staticfield java/util/concurrent/ConcurrentHashMap BASECOUNT J 24
staticfield java/util/concurrent/ConcurrentHashMap CELLSBUSY J 36
staticfield java/util/concurrent/ConcurrentHashMap CELLVALUE J 144
staticfield java/util/concurrent/ConcurrentHashMap ABASE I 16
staticfield java/util/concurrent/ConcurrentHashMap ASHIFT I 2
ciInstanceKlass java/lang/Iterable 1 1 62 10 7 12 1 1 1 11 7 12 1 1 1 11 7 12 1 1 1 11 12 1 1 11 7 12 1 1 1 10 100 12 1 1 1 100 1 1 1 1 1 1 1 1 1 1 1 1 1 1 1 1 1 1 1 1 1 1 1 1 1 1
ciInstanceKlass java/util/Collection 1 1 115 11 7 12 1 1 1 7 1 11 7 12 1 1 1 10 100 12 1 1 1 11 12 1 1 11 100 12 1 1 1 11 12 1 1 11 100 12 1 1 1 11 12 1 1 10 100 12 1 1 1 11 12 1 10 7 12 1 1 1 100 1 100 1 1 1 1 1 1 1 1 1 1 1 1 1 1 1 1 1 1 1 1 1 1 1 1 1 1 1 1 1 1 1 1 1 1 1 1 1 1 1 1 1 1 1 1 1 1 1 1 1 1 1 1
ciInstanceKlass java/util/SequencedCollection 1 1 109 100 1 10 12 1 1 11 100 12 1 1 1 11 100 12 1 1 1 11 12 1 1 11 12 1 100 1 100 1 1 1 1 1 1 1 1 1 1 1 1 1 1 1 1 1 1 1 1 1 1 1 1 1 1 1 1 1 100 1 8 1 1 12 10 1 1 1 8 1 1 1 8 1 1 1 8 1 1 1 8 1 1 8 1 1 1 8 1 1 8 1 1 1 8 1 1 8 1 1 1 8 1 1 8 1 1 8 1
ciInstanceKlass java/util/List 1 1 251 10 100 12 1 1 1 11 100 12 1 1 1 11 100 12 1 1 1 11 12 1 1 11 100 12 1 1 11 12 1 1 11 12 1 1 10 100 12 1 1 1 100 1 100 1 10 12 1 1 100 1 10 100 12 1 1 1 11 12 1 1 11 12 1 11 12 1 100 1 10 12 1 11 12 1 1 11 12 1 1 11 12 1 10 100 12 1 1 1 9 7 12 1 1 1 7 1 10 12 10 12 1 7 1 10 12 1 1 10 12 1 10 12 1 1 11 12 1 1 100 1 1 1 1 1 1 1 1 1 1 1 1 1 1 1 1 1 1 1 1 1 1 1 1 1 1 1 1 1 1 1 1 1 1 1 1 1 1 1 1 1 1 1 1 100 1 100 1 1 1 1 1 1 1 1 1 1 1 1 1 1 1 1 1 1 1 1 1 1 1 1 1 1 1 1 1 1 1 1 1 1 1 1 1 1 1 1 1 1 1 1 1 1 1 1 1 1 1 1 1 1 1 1 1 1 1 1 1 1 1 1 1 1 1 1 1 1 1 1 1 1 1 1 100 1 1 100 1 1 1
ciInstanceKlass java/util/RandomAccess 1 0 7 100 1 100 1 1 1
instanceKlass org/jetbrains/kotlin/it/unimi/dsi/fastutil/ints/AbstractIntCollection
instanceKlass org/jetbrains/kotlin/com/google/common/collect/ImmutableCollection
instanceKlass org/jetbrains/kotlin/it/unimi/dsi/fastutil/objects/AbstractObjectCollection
instanceKlass org/jetbrains/kotlin/com/intellij/util/containers/UnsafeWeakList
instanceKlass java/util/AbstractQueue
instanceKlass org/jetbrains/kotlin/it/unimi/dsi/fastutil/objects/AbstractReferenceCollection
instanceKlass org/jetbrains/kotlin/com/google/common/collect/Multimaps$Entries
instanceKlass java/util/IdentityHashMap$Values
instanceKlass org/jetbrains/kotlin/com/google/common/collect/AbstractMapBasedMultimap$WrappedCollection
instanceKlass org/jetbrains/kotlin/com/intellij/util/containers/ImmutableList
instanceKlass java/util/HashMap$Values
instanceKlass java/util/LinkedHashMap$LinkedValues
instanceKlass java/util/ArrayDeque
instanceKlass java/util/AbstractSet
instanceKlass java/util/ImmutableCollections$AbstractImmutableCollection
instanceKlass java/util/AbstractList
ciInstanceKlass java/util/AbstractCollection 1 1 160 10 7 12 1 1 1 10 7 12 1 1 1 10 12 1 1 11 7 12 1 1 1 11 12 1 1 10 12 1 1 10 100 12 1 1 1 10 12 1 1 10 12 1 1 10 7 12 1 1 10 7 12 1 1 1 7 1 10 100 12 1 1 1 10 100 12 1 1 1 100 1 10 11 12 1 11 7 1 10 12 1 10 12 1 10 7 12 1 1 1 11 8 1 7 1 10 10 12 1 1 8 1 10 12 1 10 12 1 1 1 1 1 1 1 1 1 1 1 1 1 1 1 1 1 1 1 1 1 1 1 1 1 1 1 1 1 1 1 1 1 1 1 1 1 1 1 1 1 1 1 1 1 1 1 1 1 1 1 1
instanceKlass org/jetbrains/kotlin/com/intellij/psi/stubs/StubList$1
instanceKlass org/jetbrains/kotlin/com/intellij/psi/stubs/StubList
instanceKlass kotlin/collections/AbstractMutableList
instanceKlass org/jetbrains/kotlin/com/google/common/collect/Lists$AbstractListWrapper
instanceKlass org/jetbrains/kotlin/com/google/common/collect/Lists$Partition
instanceKlass org/jetbrains/kotlin/com/google/common/collect/Lists$TransformingRandomAccessList
instanceKlass org/jetbrains/kotlin/com/intellij/lang/impl/PsiBuilderImpl$RelativeTokenTypesView
instanceKlass java/util/AbstractSequentialList
instanceKlass org/jetbrains/kotlin/protobuf/UnmodifiableLazyStringList
instanceKlass org/jetbrains/kotlin/protobuf/LazyStringArrayList
instanceKlass org/jetbrains/kotlin/com/intellij/util/containers/ContainerUtilRt$EmptyList
instanceKlass java/util/ArrayList$SubList
instanceKlass org/jetbrains/kotlin/com/intellij/util/containers/DisposableWrapperList
instanceKlass org/jetbrains/kotlin/com/intellij/util/SmartList
instanceKlass java/util/AbstractList$SubList
instanceKlass java/util/Vector
instanceKlass java/util/Collections$SingletonList
instanceKlass org/jetbrains/kotlin/utils/SmartList
instanceKlass java/util/Arrays$ArrayList
instanceKlass java/util/Collections$EmptyList
instanceKlass java/util/ArrayList
ciInstanceKlass java/util/AbstractList 1 1 218 10 7 12 1 1 1 9 7 12 1 1 1 10 12 1 1 10 12 1 1 100 1 10 10 12 1 1 11 100 12 1 1 1 11 12 1 1 11 12 1 10 100 12 1 1 1 10 12 1 11 12 1 11 12 1 11 12 1 10 12 1 1 10 12 1 1 11 100 12 1 1 1 11 100 1 11 7 1 10 12 1 7 1 10 12 1 10 12 1 1 7 1 7 1 10 12 1 7 1 10 100 1 100 1 10 8 1 10 12 1 1 10 12 1 10 12 1 1 10 12 1 8 1 100 1 8 1 8 1 8 1 10 100 1 11 10 10 12 1 11 12 1 10 12 1 1 8 1 8 1 1 1 1 1 1 1 1 1 1 1 1 1 1 1 1 1 1 1 1 1 1 1 1 1 1 1 1 1 1 1 1 1 1 1 1 1 1 1 1 1 1 1 1 1 1 1 1 1 1 1 1 1 1 1 1 1 1 100 1 100 1 1 1 1 1 1 1
instanceKlass org/jetbrains/kotlin/com/intellij/util/containers/NotNullList
instanceKlass org/jetbrains/kotlin/com/intellij/util/containers/Stack
instanceKlass org/jetbrains/kotlin/config/MavenComparableVersion$ListItem
ciInstanceKlass java/util/ArrayList 1 1 509 10 7 12 1 1 1 7 1 9 7 12 1 1 1 9 12 1 100 1 100 1 10 8 1 10 12 1 1 10 12 1 10 12 1 1 10 12 1 9 12 1 11 7 12 1 1 1 9 12 1 1 11 12 1 1 7 10 7 12 1 1 1 9 12 1 10 12 1 10 12 1 1 10 7 12 1 1 1 10 7 12 1 1 1 10 12 1 1 10 12 1 1 10 12 1 1 10 12 1 10 12 1 1 100 1 100 1 10 12 1 10 10 7 12 1 1 1 10 7 12 1 1 10 12 1 100 1 10 10 12 10 12 1 1 10 12 1 1 10 12 1 10 12 10 12 1 1 100 1 10 12 1 1 10 12 1 1 10 12 1 100 1 10 11 12 1 1 11 100 12 1 1 1 11 12 1 10 12 1 10 12 1 10 12 1 1 100 1 10 12 1 1 10 10 12 1 1 10 12 1 8 1 8 1 8 1 8 1 10 12 1 1 10 12 1 1 11 12 1 100 1 10 100 12 1 1 10 12 1 10 12 1 1 10 100 12 1 1 10 12 1 10 100 12 1 1 1 11 100 12 1 1 1 10 12 1 100 1 8 1 10 7 1 10 12 1 7 1 10 12 1 10 12 1 1 7 1 10 12 1 10 12 1 1 11 100 12 1 1 7 1 10 12 1 10 12 1 1 11 7 12 1 1 10 12 1 1 10 12 1 1 10 12 1 1 10 12 1 1 11 100 12 1 1 10 12 1 1 100 1 100 1 100 1 1 1 1 5 0 1 3 1 1 1 1 1 1 1 1 1 1 1 1 1 1 1 1 1 1 1 1 1 1 1 1 1 1 1 1 1 1 1 1 1 1 1 1 1 1 1 1 1 1 1 1 1 1 1 1 1 1 1 1 1 1 1 1 1 1 1 1 1 1 1 1 1 1 1 1 1 1 1 1 1 1 1 1 1 1 1 1 1 1 1 1 1 1 1 1 1 1 1 1 1 1 1 1 1 1 1 1 1 1 1 1 100 1 1 1 1 100 1 1 1 1 1 1 1 1 1 1 1 1 1 1 1 1 1 1 1 1 1 1 1 1 1 1 1 1 1 100 1 1 1 1 1 1 1 1 1 1 1 1 1 1 1 1 1 1 100 1 100 1 1 1 1 1 1
staticfield java/util/ArrayList EMPTY_ELEMENTDATA [Ljava/lang/Object; 0 [Ljava/lang/Object;
staticfield java/util/ArrayList DEFAULTCAPACITY_EMPTY_ELEMENTDATA [Ljava/lang/Object; 0 [Ljava/lang/Object;
ciInstanceKlass java/lang/StackTraceElement 0 0 235 10 100 12 1 1 1 10 100 12 1 1 9 12 1 1 9 12 1 1 9 12 1 9 12 1 8 1 10 100 12 1 1 1 100 1 9 12 1 8 1 9 12 1 9 12 1 9 12 1 1 10 12 1 1 10 12 1 8 1 10 100 12 1 1 1 100 1 10 12 1 10 12 1 1 10 12 1 10 12 1 1 10 12 1 10 12 1 10 10 12 1 8 1 10 12 1 10 12 1 1 10 12 1 1 10 12 1 10 12 1 10 12 1 9 12 1 1 10 100 12 1 1 1 10 12 1 1 100 1 10 12 1 1 10 100 12 1 1 10 100 12 1 1 1 10 100 12 1 1 10 100 12 1 1 10 10 12 1 1 10 12 1 1 10 12 1 1 10 12 1 100 1 1 1 1 1 1 1 3 1 3 1 1 5 0 1 1 1 1 1 1 1 1 1 1 1 1 1 1 1 1 1 1 1 1 1 1 1 1 1 1 1 1 1 100 1 100 1 1 1 1 1 1 1 100 1 1 1 1 1 1 1 1 1
instanceKlass java/nio/CharBuffer
instanceKlass java/nio/IntBuffer
instanceKlass java/nio/LongBuffer
instanceKlass java/nio/ByteBuffer
ciInstanceKlass java/nio/Buffer 1 1 256 100 1 10 7 12 1 1 1 9 7 12 1 1 1 9 12 1 9 12 1 1 9 12 1 9 12 1 1 10 12 1 1 10 12 1 1 10 12 100 1 100 1 10 8 1 10 12 1 1 10 12 1 8 1 8 1 10 12 1 1 10 12 1 8 1 9 12 1 1 100 1 8 1 10 12 1 8 1 8 1 9 12 10 12 1 8 1 8 1 8 1 10 12 1 8 1 8 1 8 1 100 1 10 100 1 10 100 1 10 9 12 1 1 10 7 12 1 1 1 100 1 10 12 1 1 10 12 1 10 100 12 1 1 10 7 12 1 1 1 10 7 12 1 1 1 9 12 1 1 10 7 12 1 1 1 9 12 1 1 7 1 10 10 12 1 1 7 1 10 10 7 12 1 1 1 1 1 3 1 1 1 1 1 1 1 1 1 1 1 1 1 1 100 1 1 1 1 1 1 1 100 1 1 1 1 1 1 1 1 1 1 1 1 1 1 1 1 1 1 1 1 1 1 1 1 1 1 1 1 1 1 1 1 1 1 1 1 1 1 1 100 1 100 1 100 1 100 1 100 1 100 1 100 1 1
staticfield java/nio/Buffer UNSAFE Ljdk/internal/misc/Unsafe; jdk/internal/misc/Unsafe
staticfield java/nio/Buffer SCOPED_MEMORY_ACCESS Ljdk/internal/misc/ScopedMemoryAccess; jdk/internal/misc/ScopedMemoryAccess
staticfield java/nio/Buffer IOOBE_FORMATTER Ljava/util/function/BiFunction; jdk/internal/util/Preconditions$4
staticfield java/nio/Buffer $assertionsDisabled Z 1
ciInstanceKlass java/lang/StackWalker 0 0 271 9 100 12 1 1 1 100 1 10 100 12 1 1 1 10 12 1 1 10 100 12 1 1 1 10 12 1 1 10 12 1 11 100 12 1 1 1 10 12 1 1 10 12 1 1 10 12 1 1 100 1 8 1 10 12 1 10 12 1 10 12 1 10 100 12 1 1 9 12 1 1 9 12 1 1 9 12 1 1 9 12 1 1 10 12 1 1 9 12 1 1 9 12 1 1 9 12 1 1 10 100 12 1 1 1 11 12 1 1 100 1 8 1 10 10 100 12 1 1 9 12 1 1 10 12 1 1 10 100 12 1 1 1 10 100 12 1 1 1 18 12 1 1 100 1 8 1 10 8 1 10 12 1 1 10 100 12 1 1 1 10 12 1 1 9 100 12 1 1 11 100 12 1 1 1 10 12 1 1 1 1 1 1 1 1 1 1 1 1 1 1 1 1 1 1 1 1 1 1 1 1 1 1 1 1 1 1 1 1 1 1 1 1 1 1 1 1 1 1 1 1 1 1 1 1 1 1 1 1 1 1 1 1 1 1 1 1 1 1 1 1 1 1 100 1 1 16 15 10 12 16 1 15 10 100 12 1 1 1 1 1 1 1 1 1 100 1 100 1 1
ciInstanceKlass java/lang/StackStreamFactory$AbstractStackWalker 1 0 375 100 1 100 1 3 10 100 12 1 1 1 10 100 12 1 1 10 100 12 1 1 1 9 12 1 1 10 12 1 1 9 12 1 1 9 12 1 1 9 12 1 1 9 12 1 10 100 12 1 1 1 10 12 1 1 10 100 12 1 1 9 12 1 1 9 12 1 1 10 12 1 1 9 100 12 1 1 1 10 12 1 1 10 12 1 9 12 1 1 10 100 12 1 1 1 10 12 1 1 9 12 1 1 9 100 12 1 1 1 100 1 10 8 1 10 12 1 1 10 12 1 8 1 10 12 1 1 10 100 12 1 1 1 100 1 8 1 10 12 1 8 1 10 12 10 100 12 1 1 9 12 1 8 1 5 0 8 1 8 1 9 12 1 1 10 12 1 1 18 12 1 1 10 100 12 1 1 1 10 12 1 1 10 12 1 10 12 1 9 12 1 10 12 1 10 12 1 10 12 1 10 12 1 10 12 1 10 12 1 1 8 1 10 12 1 10 12 1 10 12 1 10 12 1 1 8 1 10 12 1 1 10 12 1 1 10 12 1 1 10 12 1 10 12 1 10 100 12 1 1 1 10 12 1 10 12 1 9 12 1 8 1 10 12 1 10 12 1 10 12 1 1 10 12 1 10 12 1 10 12 1 1 10 12 1 10 12 1 10 12 1 10 12 1 10 12 1 10 12 1 1 10 12 1 1 10 12 1 8 1 1 1 1 1 1 1 1 1 1 1 1 1 100 1 1 1 1 1 1 1 100 1 1 1 1 100 1 1 1 1 1 1 1 1 1 1 1 1 1 1 1 1 1 1 1 16 15 15 10 100 12 1 1 1 1 1 1 1 1 100 1 100 1 1
ciInstanceKlass java/lang/StackWalker$StackFrame 0 0 41 100 1 10 12 1 1 100 1 100 1 1 1 1 1 1 1 1 1 1 1 1 1 1 1 1 1 1 1 1 1 1 1 1 1 1 1 100 1 1 1
instanceKlass java/lang/LiveStackFrameInfo
ciInstanceKlass java/lang/StackFrameInfo 0 0 142 10 100 12 1 1 1 9 100 12 1 1 1 9 100 1 9 12 1 1 11 100 12 1 1 1 9 12 1 1 11 12 1 1 10 12 1 1 10 100 12 1 1 1 10 12 1 11 12 1 11 12 1 1 11 12 1 10 12 1 1 9 12 1 1 10 12 1 1 10 100 12 1 1 10 12 1 1 11 12 1 1 9 12 1 1 10 100 1 10 12 1 9 12 1 1 10 12 1 1 100 1 8 1 10 12 1 10 100 12 1 1 1 100 1 1 1 1 1 1 1 1 1 1 1 1 1 1 1 1 1 1 100 1 1 100 1 1 1 1 1 1
ciInstanceKlass java/lang/LiveStackFrame 0 0 135 100 1 10 100 12 1 1 1 11 100 12 1 1 1 11 12 1 10 100 12 1 1 1 100 1 8 1 10 12 1 1 10 100 12 1 1 1 9 100 12 1 1 1 10 100 12 1 1 1 10 100 12 1 1 1 11 12 1 10 12 1 100 1 100 1 1 1 1 1 1 1 1 1 1 1 1 1 1 1 1 1 1 1 1 1 1 1 1 1 1 1 1 100 1 1 1 1 1 1 1 100 1 8 1 1 12 10 1 1 1 8 1 1 1 8 1 1 1 8 1 1 1 8 1 1 1 8 1 1 8 1 1 8 1
ciInstanceKlass java/lang/LiveStackFrameInfo 0 0 97 10 100 12 1 1 1 9 100 12 1 1 1 9 12 1 9 12 1 9 12 1 9 12 1 1 100 1 10 12 1 1 10 12 1 8 1 10 12 1 1 8 1 8 1 8 1 10 100 1 10 12 1 100 1 10 12 1 100 1 100 1 1 1 3 1 3 1 1 1 1 1 1 1 1 1 1 1 1 1 1 1 1 1 1 1 1 1 1 1 1 1 1 1 100 1 1
instanceKlass java/util/concurrent/locks/AbstractQueuedSynchronizer
ciInstanceKlass java/util/concurrent/locks/AbstractOwnableSynchronizer 1 1 32 10 7 12 1 1 1 9 7 12 1 1 1 100 1 1 1 1 5 0 1 1 1 1 1 1 1 1 1 1 1 1
ciInstanceKlass java/lang/Boolean 1 1 152 10 7 12 1 1 1 9 7 12 1 1 1 10 12 1 1 10 12 1 8 1 10 7 12 1 1 9 12 1 1 9 12 1 10 12 1 1 10 12 1 1 10 12 1 1 10 7 12 1 1 1 100 1 100 1 10 12 1 1 9 100 12 1 1 9 12 10 100 12 1 1 1 10 12 1 1 8 1 10 7 12 1 1 1 9 12 1 1 100 1 100 1 100 1 1 1 1 1 1 5 0 1 1 1 1 1 1 1 1 1 1 3 1 1 1 1 1 1 1 1 1 1 1 1 1 1 1 1 1 1 100 1 1 1 1 1 1 1 1 1 1 100 1 1 1 1 1 1 1 1 1
staticfield java/lang/Boolean TRUE Ljava/lang/Boolean; java/lang/Boolean
staticfield java/lang/Boolean FALSE Ljava/lang/Boolean; java/lang/Boolean
staticfield java/lang/Boolean TYPE Ljava/lang/Class; java/lang/Class
ciInstanceKlass java/lang/Character 1 1 604 7 1 100 1 100 1 9 12 1 1 8 1 9 12 1 1 100 1 9 12 1 1 10 100 12 1 1 1 10 100 12 1 1 1 10 100 12 1 1 1 10 7 12 1 1 1 9 7 12 1 1 1 10 12 1 10 12 1 1 10 12 1 1 10 100 12 1 1 10 12 1 1 3 3 3 3 3 10 12 1 1 10 12 1 3 11 7 12 1 1 1 11 12 1 1 10 12 1 1 10 12 1 1 100 1 10 10 12 1 3 10 12 1 1 10 12 1 10 12 1 1 100 1 8 1 10 12 1 1 10 12 1 10 12 1 10 12 1 10 100 12 1 1 1 10 12 1 10 12 1 10 12 1 1 10 12 1 10 7 12 1 1 10 10 12 1 10 10 12 1 10 12 1 1 10 12 1 10 10 12 1 10 12 1 10 12 1 10 12 1 10 12 1 10 12 1 10 12 1 10 12 10 10 12 10 10 12 1 10 10 12 1 10 10 12 1 10 10 12 1 10 12 1 10 12 1 10 12 1 10 12 1 10 12 1 10 12 1 10 10 12 1 10 10 12 1 10 10 12 1 1 10 10 12 1 10 5 0 10 12 1 10 12 1 10 10 12 1 10 10 12 1 1 10 10 12 1 10 10 12 1 9 12 1 1 100 1 10 10 12 1 10 12 1 1 3 10 100 12 1 1 1 10 12 1 10 100 12 1 1 100 1 10 10 12 1 1 10 12 1 1 10 12 1 1 8 1 10 12 1 9 100 12 1 1 1 10 12 1 10 10 12 1 10 12 1 1 10 12 1 10 10 12 1 1 10 10 12 1 1 100 1 8 1 10 12 1 1 10 7 12 1 1 1 8 1 10 12 1 1 9 12 1 1 100 1 100 1 100 1 1 1 1 3 1 3 1 3 1 3 1 1 1 1 1 3 1 1 3 1 3 1 3 1 3 1 3 1 3 1 3 1 3 1 3 1 3 1 3 1 3 1 3 1 3 1 3 1 3 1 3 1 3 1 3 1 3 1 3 1 3 1 3 1 3 1 3 1 3 1 3 1 3 1 1 1 1 1 1 1 1 1 1 1 1 1 1 1 1 1 1 1 3 1 1 1 1 1 1 1 3 1 1 3 1 1 1 1 1 3 1 1 5 0 1 1 1 1 1 1 1 1 1 1 1 1 1 1 1 1 1 1 1 1 1 1 1 1 1 1 1 1 1 1 1 1 1 1 1 1 1 1 1 1 1 1 1 1 1 1 1 1 1 1 1 1 1 1 1 1 1 1 1 1 1 1 1 1 1 1 1 1 1 1 1 1 1 1 1 1 1 1 1 1 1 1 1 1 1 1 1 1 1 1 100 1 100 1 1 1 1 1 1
staticfield java/lang/Character TYPE Ljava/lang/Class; java/lang/Class
staticfield java/lang/Character $assertionsDisabled Z 1
instanceKlass java/math/BigInteger
instanceKlass java/util/concurrent/atomic/AtomicLong
instanceKlass java/util/concurrent/atomic/AtomicInteger
instanceKlass java/lang/Long
instanceKlass java/lang/Integer
instanceKlass java/lang/Short
instanceKlass java/lang/Byte
instanceKlass java/lang/Double
instanceKlass java/lang/Float
ciInstanceKlass java/lang/Number 1 1 37 10 7 12 1 1 1 10 100 12 1 1 1 100 1 1 1 1 5 0 1 1 1 1 1 1 1 1 1 1 1 1 1 1 1 1 1
ciInstanceKlass java/lang/Float 1 1 279 7 1 100 1 10 100 12 1 1 1 10 100 12 1 1 1 4 100 1 10 12 1 1 10 12 1 1 8 1 8 1 10 100 12 1 1 1 10 12 1 1 10 12 1 1 10 100 1 4 10 7 12 1 1 9 12 1 1 10 12 1 1 10 12 1 10 10 12 1 1 10 12 1 10 12 1 3 3 100 1 4 4 4 3 10 12 1 1 9 12 1 1 100 1 10 3 3 4 4 10 12 1 3 3 3 10 12 1 1 10 12 1 1 10 12 1 10 100 12 1 1 1 10 12 1 1 10 12 1 1 10 7 12 1 1 1 8 1 10 12 1 1 9 12 1 1 100 1 100 1 100 1 1 1 1 4 1 4 1 1 1 4 1 1 3 1 3 1 3 1 3 1 3 1 1 1 1 5 0 1 1 1 1 1 1 1 1 1 1 100 1 1 1 1 1 1 1 1 1 1 1 1 1 3 1 1 1 1 1 1 1 1 1 1 1 1 1 1 1 1 1 1 1 1 1 1 1 1 1 1 1 1 1 1 1 1 1 1 1 1 1 1 1 1 1 1 1 1 1 1 1 1 1 1 1 1 1 1 1 1 1 1 1 1 1 100 1 1 1 1 1 1 1 100 1 100 1 1
staticfield java/lang/Float TYPE Ljava/lang/Class; java/lang/Class
staticfield java/lang/Float $assertionsDisabled Z 1
ciInstanceKlass java/lang/Double 1 1 290 7 1 100 1 10 100 12 1 1 1 10 12 1 1 10 100 1 10 12 1 1 10 100 12 1 1 1 6 0 8 1 10 12 1 1 8 1 10 12 1 1 8 1 6 0 10 12 1 1 100 1 5 0 5 0 8 1 8 1 10 100 12 1 1 1 10 100 12 1 1 1 8 1 10 12 1 1 8 1 8 1 8 1 10 12 1 1 10 12 1 10 12 1 1 10 12 1 10 12 1 10 12 1 1 10 12 1 10 100 1 6 0 10 7 12 1 1 9 12 1 1 10 12 1 10 12 1 10 12 1 10 12 1 10 12 1 5 0 10 12 1 1 10 12 1 10 12 1 10 100 12 1 1 1 10 12 1 1 10 12 1 1 8 1 10 7 12 1 1 1 9 12 1 1 100 1 100 1 100 1 1 1 6 0 1 6 0 1 6 0 1 1 1 6 0 1 1 3 1 3 1 3 1 3 1 3 1 1 1 1 5 0 1 1 1 1 1 1 1 1 1 1 1 1 1 1 1 1 100 1 1 1 1 1 1 1 1 1 1 1 1 3 1 1 1 1 1 1 1 1 1 1 1 1 1 1 1 1 1 1 1 1 1 1 1 1 1 1 1 1 1 1 1 1 1 1 100 1 1 1 1 1 1 1 100 1 100 1 1
staticfield java/lang/Double TYPE Ljava/lang/Class; java/lang/Class
ciInstanceKlass java/lang/Byte 1 1 213 7 1 100 1 10 100 12 1 1 1 9 12 1 1 8 1 9 12 1 1 100 1 10 12 1 1 10 12 1 1 10 100 12 1 1 1 10 100 12 1 1 1 9 100 12 1 1 1 10 12 1 1 100 1 100 1 10 12 1 1 8 1 10 12 1 1 8 1 10 12 1 10 12 1 10 12 1 10 12 1 1 10 12 1 10 12 1 10 12 1 1 10 8 1 8 1 10 7 1 9 12 1 1 10 12 1 1 10 12 1 1 10 12 1 1 10 12 1 5 0 10 12 1 1 8 1 10 7 12 1 1 1 9 12 1 1 100 1 100 1 1 1 3 1 3 1 1 1 1 3 1 3 1 1 5 0 1 1 1 1 1 1 1 1 1 1 1 1 1 1 1 1 1 1 1 1 1 1 1 1 1 1 1 1 1 1 1 1 1 1 1 1 1 1 1 1 1 1 1 1 1 1 1 1 1 1 1 1 1 1 1 1
staticfield java/lang/Byte TYPE Ljava/lang/Class; java/lang/Class
ciInstanceKlass java/lang/Short 1 1 222 7 1 100 1 100 1 10 100 12 1 1 1 10 12 1 1 100 1 100 1 10 12 1 1 8 1 10 12 1 1 8 1 10 12 1 10 12 1 10 12 1 10 12 1 1 10 12 1 1 10 12 1 9 12 1 1 8 1 9 12 1 1 100 1 10 12 1 1 10 12 1 10 100 12 1 1 1 10 100 12 1 1 1 9 100 12 1 1 1 10 12 1 10 12 1 1 10 8 1 8 1 10 100 1 9 12 1 1 10 12 1 1 10 12 1 1 10 12 1 1 10 12 1 3 3 5 0 10 12 1 1 8 1 10 7 12 1 1 1 9 12 1 1 100 1 100 1 1 1 3 1 3 1 1 1 1 3 1 3 1 1 5 0 1 1 1 1 1 1 1 1 1 1 1 1 1 1 1 1 1 1 1 1 1 1 1 1 1 1 1 3 1 1 1 1 1 1 1 1 1 1 1 1 1 1 1 1 1 1 1 1 1 1 1 1 1 1 1 1 1 1
staticfield java/lang/Short TYPE Ljava/lang/Class; java/lang/Class
ciInstanceKlass java/lang/Integer 1 1 453 7 1 100 1 7 1 7 1 10 12 1 1 9 12 1 1 9 12 1 1 10 100 12 1 1 1 10 12 1 1 10 100 12 1 1 1 10 10 12 1 1 10 100 12 1 1 1 10 12 1 10 12 1 1 10 7 12 1 1 1 10 12 1 1 10 12 1 1 10 12 1 10 12 1 10 12 1 1 10 10 12 1 9 12 1 1 9 12 1 100 1 8 1 10 12 1 100 1 10 12 1 8 1 10 12 1 1 10 12 1 8 1 10 12 1 8 1 10 12 1 1 3 10 12 1 1 3 10 12 1 1 10 12 1 1 10 7 12 1 1 1 11 7 1 10 12 1 1 11 10 12 1 1 8 1 10 12 1 1 8 1 100 1 10 12 1 1 10 12 1 1 5 0 8 1 10 12 1 10 12 1 10 12 1 10 12 1 1 7 1 9 12 1 1 9 12 1 1 10 12 1 10 7 1 9 12 1 10 12 1 10 12 1 10 12 1 1 10 7 12 1 1 1 100 1 100 1 10 12 1 1 10 12 1 1 8 1 8 1 10 12 1 1 8 1 8 1 8 1 8 1 8 1 8 1 10 12 1 10 12 1 5 0 3 3 3 3 10 12 1 10 12 1 3 10 12 1 10 100 12 1 1 1 10 12 1 1 10 12 1 1 8 1 10 7 12 1 1 1 9 12 1 1 100 1 100 1 100 1 1 1 1 3 1 1 1 3 1 3 1 1 5 0 1 1 1 1 1 1 1 1 1 100 1 1 1 1 1 1 1 1 1 1 1 1 1 1 1 1 1 1 1 1 1 1 1 1 1 1 1 1 1 1 1 1 1 1 1 1 1 1 1 1 3 1 1 1 1 1 1 1 1 1 1 1 1 1 1 1 1 100 1 1 1 1 1 1 1 1 1 1 1 1 1 1 1 1 1 1 1 1 1 1 1 1 1 1 1 1 1 1 1 1 1 1 1 1 1 1 1 1 1 1 1 1 1 1 100 1 1 1 1 1 1 1 1 1 100 1 100 1 1
staticfield java/lang/Integer TYPE Ljava/lang/Class; java/lang/Class
staticfield java/lang/Integer digits [C 36
staticfield java/lang/Integer DigitTens [B 100
staticfield java/lang/Integer DigitOnes [B 100
ciInstanceKlass java/lang/Long 1 1 524 7 1 100 1 7 1 7 1 10 12 1 1 9 12 1 1 9 7 12 1 1 1 10 100 12 1 1 1 10 12 1 1 10 100 12 1 1 1 10 10 12 10 12 1 10 12 1 10 12 1 5 0 5 0 100 1 10 12 1 1 10 12 1 1 10 12 1 10 12 1 10 12 1 10 12 1 1 10 100 12 1 1 10 12 1 10 12 1 1 10 12 1 1 10 12 1 1 10 12 1 1 10 100 12 1 1 1 10 12 1 1 10 12 1 10 12 1 10 12 1 10 12 1 1 10 10 12 1 5 0 5 0 9 12 1 1 9 12 1 5 0 100 1 8 1 10 12 1 8 1 10 12 1 8 1 8 1 10 12 1 1 5 0 10 12 1 1 5 0 10 12 1 1 10 12 1 1 10 100 12 1 1 1 11 100 1 10 12 1 1 11 10 12 1 1 8 1 10 12 1 1 8 1 100 1 10 12 1 1 10 12 1 8 1 8 1 11 12 1 1 10 12 1 10 12 1 10 12 1 5 0 5 0 9 7 12 1 1 1 10 12 1 10 12 1 1 8 1 8 1 10 12 1 1 8 1 8 1 8 1 8 1 8 1 8 1 10 12 1 10 7 1 9 12 1 1 10 12 1 10 12 1 1 10 12 1 1 10 100 12 1 1 1 100 1 100 1 10 12 1 1 10 12 1 1 5 0 10 12 1 10 12 1 5 0 5 0 5 0 10 12 1 1 10 12 1 5 0 5 0 10 12 1 10 12 1 10 100 12 1 1 1 10 12 1 1 10 12 1 1 8 1 10 7 12 1 1 1 9 12 1 1 100 1 100 1 100 1 1 1 1 5 0 1 1 1 1 3 1 3 1 5 0 1 1 1 1 1 1 1 1 1 100 1 1 1 1 1 1 1 1 1 1 1 1 1 1 1 1 1 1 1 1 1 1 1 1 1 1 1 1 1 1 1 1 1 1 1 1 1 1 1 1 1 1 1 1 1 1 1 1 1 1 1 1 1 1 1 3 1 1 1 1 1 1 1 1 1 1 1 1 1 1 1 100 1 1 1 1 1 1 1 1 1 1 1 1 1 1 1 1 1 1 1 1 1 1 1 1 1 1 1 1 1 1 1 1 1 1 1 1 1 1 1 1 1 1 1 100 1 1 1 1 1 1 1 1 1 100 1 100 1 1
staticfield java/lang/Long TYPE Ljava/lang/Class; java/lang/Class
ciInstanceKlass java/util/Iterator 1 1 53 100 1 8 1 10 12 1 1 10 100 12 1 1 1 11 100 12 1 1 1 11 12 1 1 11 100 12 1 1 1 100 1 1 1 1 1 1 1 1 1 1 1 1 1 1 1 1 1 1 1 1 1
ciInstanceKlass java/lang/reflect/RecordComponent 0 0 196 10 100 12 1 1 1 9 100 12 1 1 1 9 12 1 1 9 12 1 10 12 1 1 10 12 1 1 10 100 12 1 1 1 10 12 1 1 9 12 1 1 10 12 1 1 10 12 1 1 10 12 1 10 100 12 1 1 10 100 12 1 1 9 12 1 1 10 100 12 1 1 1 11 100 12 1 1 1 10 9 100 12 1 1 1 10 100 12 1 1 1 9 12 1 1 10 100 12 1 1 1 10 12 1 1 11 100 12 1 1 10 100 12 1 1 100 1 9 12 1 9 12 1 1 9 12 1 10 100 12 1 1 1 10 12 1 1 10 12 1 1 100 1 10 10 12 1 10 12 1 1 8 1 10 12 1 10 12 1 9 12 1 100 1 1 1 1 1 1 1 1 1 1 1 1 1 1 1 1 1 1 1 1 1 1 100 1 1 1 1 1 1 100 1 1
ciInstanceKlass jdk/internal/vm/vector/VectorSupport 0 0 573 100 1 10 100 12 1 1 1 9 12 1 1 10 12 1 1 100 1 10 12 1 11 100 12 1 1 1 11 100 12 1 1 1 11 100 12 1 1 11 100 12 1 1 11 100 12 1 1 1 11 100 12 1 1 11 100 12 1 1 11 100 12 1 1 11 100 12 1 1 11 100 12 1 1 11 100 12 1 1 11 100 12 1 1 1 11 100 12 1 1 11 100 12 1 1 1 11 100 12 1 1 1 11 100 12 1 1 11 100 12 1 1 1 11 100 12 1 1 100 1 10 12 1 1 11 100 12 1 1 11 100 12 1 1 11 100 12 1 1 11 100 12 1 1 11 100 12 1 1 11 100 12 1 1 9 12 1 1 10 100 12 1 1 11 100 12 1 1 10 12 1 1 10 100 12 1 1 1 10 12 1 10 12 1 1 10 12 1 1 1 1 1 3 1 3 1 3 1 3 1 3 1 3 1 3 1 3 1 3 1 3 1 3 1 3 1 3 1 3 1 3 1 3 1 3 1 3 1 3 1 3 1 3 1 3 1 3 1 3 1 3 1 3 1 3 1 3 1 3 1 3 1 3 1 3 1 3 1 3 1 3 1 3 1 3 1 3 1 3 1 3 1 3 1 3 1 3 1 3 1 3 1 3 1 3 1 3 1 3 1 3 1 3 1 3 1 3 1 1 1 1 1 1 1 1 1 1 1 1 1 1 1 1 1 1 1 1 1 1 1 1 1 1 1 1 1 1 1 1 1 1 1 1 1 1 1 1 1 1 1 1 1 1 1 1 1 1 1 1 1 1 1 1 1 1 1 1 1 1 1 1 1 1 1 1 1 1 1 1 1 1 1 1 1 1 1 1 1 1 1 1 1 1 1 1 1 1 1 1 1 1 1 1 1 1 1 1 1 1 1 1 1 1 1 1 1 1 1 1 1 1 1 1 1 1 1 1 1 1 1 1 1 1 1 1 1 1 1 1 1 1 1 1 1 1 1 1 1 1 1 1 1 1 1 1 1 1 1 1 1 1 1 1 1 1 1 1 1 1 1 1 1 1 1 1 1 1 1 1 1 1 1 1 1 1 1 1 1 1 1 1 1 1 1 1 1 1 1 1 1 1 1 1 1 1 1 1 1 1 1 1 1 1 1 1 1 1 1 1 1 1 1 1 1 1 1 1 1 1 1 1 1 1 1 1 1 1 1 1 1 1 1 100 1 100 1 100 1 100 1 100 1 1 1 1 1 1 1 1 1 1 1 1 1 1 1 1 1 1 1 1 1 1 1 1 1 1 1 1 1 1 1
instanceKlass jdk/internal/vm/vector/VectorSupport$VectorShuffle
instanceKlass jdk/internal/vm/vector/VectorSupport$VectorMask
instanceKlass jdk/internal/vm/vector/VectorSupport$Vector
ciInstanceKlass jdk/internal/vm/vector/VectorSupport$VectorPayload 0 0 32 10 100 12 1 1 1 9 100 12 1 1 1 10 100 12 1 1 1 1 1 1 1 1 1 1 1 1 1 1 1 1
ciInstanceKlass jdk/internal/vm/vector/VectorSupport$Vector 0 0 28 10 100 12 1 1 1 100 1 1 1 1 1 1 1 1 1 1 1 1 1 1 1 100 1 1 1 1
ciInstanceKlass jdk/internal/vm/vector/VectorSupport$VectorMask 0 0 28 10 100 12 1 1 1 100 1 1 1 1 1 1 1 1 1 1 1 1 1 1 1 100 1 1 1 1
ciInstanceKlass jdk/internal/vm/vector/VectorSupport$VectorShuffle 0 0 28 10 100 12 1 1 1 100 1 1 1 1 1 1 1 1 1 1 1 1 1 1 1 100 1 1 1 1
ciInstanceKlass jdk/internal/vm/FillerObject 0 0 16 10 100 12 1 1 1 100 1 1 1 1 1 1 1 1
instanceKlass kotlin/KotlinNullPointerException
ciInstanceKlass java/lang/NullPointerException 1 1 52 10 100 12 1 1 1 10 12 1 9 100 12 1 1 1 10 12 1 1 9 12 1 1 10 12 1 1 10 12 1 1 1 1 5 0 1 1 1 1 1 1 1 1 100 1 100 1 100 1 1 1
ciInstanceKlass java/lang/ArithmeticException 1 1 26 10 100 12 1 1 1 10 12 1 100 1 1 1 1 5 0 1 1 1 1 1 1 1 1 1
ciInstanceKlass java/util/Objects 1 1 184 10 7 12 1 1 1 100 1 8 1 10 12 1 10 12 1 1 10 7 12 1 1 1 10 12 1 1 10 12 1 10 100 12 1 1 1 10 12 1 1 10 100 12 1 1 1 100 1 10 10 12 1 1 10 100 12 1 1 10 12 1 1 8 1 10 100 12 1 1 1 10 100 12 1 1 1 10 11 100 12 1 1 1 100 1 10 10 12 1 8 1 10 12 1 8 1 100 1 11 12 1 1 8 1 10 7 12 1 1 1 10 12 1 1 10 12 1 10 12 1 10 12 1 10 12 1 1 1 1 1 1 1 1 1 1 1 1 1 1 1 1 1 1 1 1 1 1 1 1 1 1 1 1 1 1 1 1 1 1 1 1 1 1 1 1 1 1 1 1 1 1 1 1 1 1 1 1 1 1 1 1 1 1
ciInstanceKlass java/lang/StringLatin1 1 1 395 7 1 10 100 12 1 1 1 10 12 1 1 10 7 12 1 1 1 10 7 12 1 1 1 10 12 1 10 7 12 1 1 1 10 12 1 1 10 7 12 1 1 1 10 7 12 1 1 1 10 12 1 1 10 12 1 1 10 10 12 1 10 12 1 10 9 7 12 1 1 1 10 12 1 1 10 100 12 1 1 1 10 12 10 12 1 1 10 12 1 1 10 12 1 10 12 1 1 10 12 1 1 10 12 1 10 7 12 1 1 1 10 12 1 10 12 1 1 9 12 1 1 100 1 10 10 12 1 1 10 7 12 1 1 1 10 12 1 10 12 1 100 1 100 1 8 1 10 12 1 8 1 10 12 1 1 100 1 10 10 12 10 7 12 1 1 1 8 1 8 1 8 1 10 12 1 1 10 100 12 1 1 10 12 1 10 12 1 1 10 12 1 1 10 12 1 1 10 12 1 10 12 10 12 10 12 1 10 12 10 10 12 1 10 12 1 10 12 1 10 100 12 1 1 1 10 100 12 1 1 1 10 12 1 1 10 12 1 1 10 10 7 12 1 1 1 1 1 1 1 1 1 1 1 1 1 1 1 1 1 1 1 1 1 1 1 1 1 1 1 1 1 1 1 1 1 1 1 1 1 1 1 1 1 1 1 1 1 1 1 1 1 1 1 1 100 1 1 1 1 1 1 1 1 1 1 1 1 1 1 1 1 1 1 1 1 1 1 1 1 1 1 1 1 1 1 1 1 1 1 1 1 1 1 1 1 1 1 100 1 1 1 1 1 1 1 1 1 1 1 1 1 1 1 1 1 1 1 1 1 1 1 100 1 1 1 1 1 1 1 1 1 1 1 1 1 1 1 1 1 1 1 1 1 1 1 1 1 1 100 1 1 1 1
staticfield java/lang/StringLatin1 $assertionsDisabled Z 1
ciInstanceKlass java/lang/Math 1 1 460 7 1 10 100 12 1 1 1 10 7 12 1 1 1 10 12 1 10 12 1 10 12 1 10 12 1 10 12 1 6 0 6 0 10 12 1 10 12 1 10 12 1 10 12 1 10 12 1 10 12 1 1 10 12 1 10 12 1 10 12 1 10 12 1 10 12 1 10 7 12 1 1 1 100 1 3 3 3 10 7 12 1 1 1 100 1 5 0 5 0 5 0 5 0 5 0 9 100 12 1 1 1 10 100 12 1 1 1 100 1 8 1 10 12 1 8 1 10 12 1 1 10 12 1 1 100 1 5 0 5 0 100 1 3 5 0 3 5 0 10 12 1 10 12 1 10 12 1 10 12 1 10 12 1 8 1 10 12 1 8 1 10 12 1 1 10 12 1 1 9 12 1 1 9 12 1 100 1 100 1 10 10 12 1 1 8 1 10 12 1 10 12 1 1 10 10 12 1 10 12 1 10 12 1 10 12 1 1 8 1 8 1 10 12 1 1 10 12 1 10 12 10 12 10 12 1 10 12 1 10 12 1 10 12 1 10 12 6 0 10 12 1 9 12 1 1 100 1 10 10 12 1 100 1 10 12 1 10 12 1 1 10 12 1 10 12 1 10 12 10 12 1 1 10 12 1 1 10 12 1 1 10 12 6 0 10 12 1 1 10 12 10 12 1 4 10 12 1 10 12 1 10 12 10 12 1 10 12 1 10 12 1 10 12 1 10 12 1 10 12 1 5 0 6 0 4 6 0 4 6 0 4 10 12 1 9 12 1 1 10 12 9 12 1 10 7 12 1 1 1 4 6 0 1 1 6 0 1 6 0 1 6 0 1 1 1 1 1 1 1 1 1 1 1 1 1 1 1 1 1 1 1 1 1 1 1 1 1 1 1 1 1 1 1 1 1 1 1 1 1 1 1 1 1 1 1 1 1 1 1 1 1 1 1 1 1 1 1 1 1 1 1 1 1 1 1 1 1 1 1 1 1 1 1 1 1 1 1 1 1 1 1 1 1 1 1 1 1 1 1 1 1 1 1 1 1 1 1 1
staticfield java/lang/Math negativeZeroFloatBits J -2147483648
staticfield java/lang/Math negativeZeroDoubleBits J -9223372036854775808
staticfield java/lang/Math $assertionsDisabled Z 1
ciInstanceKlass jdk/internal/util/ArraysSupport 1 1 378 7 1 100 1 8 1 10 12 1 1 10 12 1 1 10 100 12 1 1 9 7 12 1 1 1 9 12 1 1 10 7 12 1 1 1 9 12 1 1 10 7 12 1 1 1 9 12 1 10 12 9 12 1 10 12 1 1 10 12 7 1 10 12 1 1 10 12 1 100 1 10 12 1 1 10 12 100 1 10 12 1 100 1 10 12 1 100 1 100 1 10 8 1 10 12 1 1 10 12 1 10 12 1 1 10 9 12 1 1 11 7 12 1 1 1 9 12 1 9 12 1 10 12 1 1 9 12 1 9 12 1 9 12 1 9 12 1 9 12 1 9 12 1 9 12 1 10 12 1 1 10 100 12 1 1 1 9 12 1 9 12 1 10 12 1 1 10 12 1 9 12 1 10 12 1 10 100 12 1 1 1 9 12 1 9 12 1 10 12 1 10 12 1 10 7 12 1 1 1 3 10 12 1 100 1 8 1 8 1 8 1 10 10 100 12 1 1 1 11 100 12 1 1 1 10 12 1 10 100 12 1 1 1 10 12 1 1 10 12 1 1 9 12 1 10 12 1 9 12 1 9 12 1 9 12 1 9 12 1 9 12 1 9 12 1 9 12 1 100 1 10 7 12 1 1 1 1 1 3 1 3 1 3 1 3 1 3 1 3 1 3 1 3 1 1 1 1 1 1 1 1 1 1 1 1 1 1 1 1 1 1 1 1 1 1 1 1 1 1 1 1 1 1 1 1 1 1 1 1 1 1 1 1 1 1 1 1 1 1 1 1 1 1 1 1 1 1 1 1 1 1 1 1 1 1 1 1 1 1 1 1 1 1 1 1 1 1 1 1 1 1 1 100 1 1 1 1
staticfield jdk/internal/util/ArraysSupport U Ljdk/internal/misc/Unsafe; jdk/internal/misc/Unsafe
staticfield jdk/internal/util/ArraysSupport BIG_ENDIAN Z 0
staticfield jdk/internal/util/ArraysSupport LOG2_ARRAY_BOOLEAN_INDEX_SCALE I 0
staticfield jdk/internal/util/ArraysSupport LOG2_ARRAY_BYTE_INDEX_SCALE I 0
staticfield jdk/internal/util/ArraysSupport LOG2_ARRAY_CHAR_INDEX_SCALE I 1
staticfield jdk/internal/util/ArraysSupport LOG2_ARRAY_SHORT_INDEX_SCALE I 1
staticfield jdk/internal/util/ArraysSupport LOG2_ARRAY_INT_INDEX_SCALE I 2
staticfield jdk/internal/util/ArraysSupport LOG2_ARRAY_LONG_INDEX_SCALE I 3
staticfield jdk/internal/util/ArraysSupport LOG2_ARRAY_FLOAT_INDEX_SCALE I 2
staticfield jdk/internal/util/ArraysSupport LOG2_ARRAY_DOUBLE_INDEX_SCALE I 3
staticfield jdk/internal/util/ArraysSupport LOG2_BYTE_BIT_SIZE I 3
staticfield jdk/internal/util/ArraysSupport JLA Ljdk/internal/access/JavaLangAccess; java/lang/System$2
ciInstanceKlass jdk/internal/util/Preconditions 1 1 194 10 100 12 1 1 1 11 100 12 1 1 1 11 100 12 1 1 1 100 1 100 1 10 7 12 1 1 1 10 12 1 8 1 100 1 10 100 12 1 1 1 10 12 1 1 8 1 8 1 10 100 12 1 1 7 1 10 12 1 8 1 10 100 12 1 1 1 8 1 10 12 1 1 10 12 1 1 11 12 1 8 1 8 1 11 12 1 1 8 1 8 1 8 1 10 12 1 1 10 12 1 1 10 12 1 10 12 1 10 12 1 10 12 7 1 10 10 12 1 1 9 12 1 1 7 1 10 9 12 1 7 1 10 9 12 1 1 1 1 1 1 1 1 1 1 1 1 1 1 1 1 1 1 1 1 1 1 1 1 1 1 1 1 1 1 1 1 1 1 1 1 1 1 1 1 1 1 1 1 1 1 1 1 1 1 1 1 1 1 1 1 1 1
staticfield jdk/internal/util/Preconditions SIOOBE_FORMATTER Ljava/util/function/BiFunction; jdk/internal/util/Preconditions$4
staticfield jdk/internal/util/Preconditions AIOOBE_FORMATTER Ljava/util/function/BiFunction; jdk/internal/util/Preconditions$4
staticfield jdk/internal/util/Preconditions IOOBE_FORMATTER Ljava/util/function/BiFunction; jdk/internal/util/Preconditions$4
ciInstanceKlass java/util/function/BiFunction 1 1 65 10 100 12 1 1 1 18 12 1 1 11 100 12 1 1 11 100 12 1 100 1 1 1 1 1 1 1 1 1 1 1 1 1 1 1 1 1 1 1 1 1 1 1 1 1 1 1 16 15 11 12 15 10 100 12 1 1 1 1 100 1 100 1 1
ciInstanceKlass java/util/Arrays 1 1 1029 10 7 12 1 1 1 10 7 12 1 1 1 10 7 12 1 1 1 10 12 1 10 12 1 10 12 1 10 12 1 10 12 1 10 12 1 10 100 12 1 1 1 100 1 100 1 10 8 1 10 12 1 1 10 12 1 8 1 8 1 10 12 1 1 10 12 1 100 1 10 12 1 9 100 12 1 1 1 10 7 12 1 1 100 1 10 12 1 1 10 7 12 1 1 10 7 12 1 1 1 100 1 10 12 1 10 12 1 1 7 1 9 7 12 1 1 1 10 12 1 1 10 7 12 1 1 10 12 1 10 12 1 1 10 12 1 10 12 1 1 100 1 11 12 1 1 10 12 1 10 7 12 1 1 1 10 12 10 12 1 10 12 1 10 12 10 12 1 11 100 12 1 1 1 10 7 12 1 1 1 100 1 10 12 1 10 100 1 10 12 1 10 100 1 10 12 1 10 100 1 10 12 1 10 10 12 1 1 10 12 1 10 12 1 10 12 1 10 12 1 10 12 1 10 100 12 1 1 1 10 12 1 10 100 12 1 1 1 10 12 1 10 12 1 10 7 12 1 1 1 10 12 1 10 12 1 10 12 1 10 12 1 10 12 1 10 12 1 10 12 1 10 12 1 10 12 1 10 12 1 10 12 1 10 12 1 10 12 1 10 12 1 10 12 1 10 12 1 1 10 12 1 1 10 7 12 1 1 1 10 7 1 10 100 1 10 7 1 10 100 1 10 100 1 10 100 1 10 100 1 10 100 1 10 12 1 8 1 10 12 1 1 10 12 1 1 10 12 1 1 10 12 1 1 10 12 1 1 10 12 1 1 10 12 1 1 10 12 1 1 10 12 1 1 7 1 10 12 10 12 1 1 10 12 1 10 12 1 1 10 12 1 1 9 7 12 1 1 1 10 12 1 9 100 1 10 12 1 9 100 1 10 12 1 9 100 1 10 12 1 9 100 1 10 12 1 9 100 1 10 12 1 9 10 12 1 10 12 1 10 12 1 9 12 1 100 1 10 10 12 1 1 10 12 1 10 12 1 10 12 1 10 12 1 10 12 1 10 12 1 10 12 1 10 12 1 10 12 1 8 1 8 1 10 12 1 10 12 1 8 1 10 12 1 10 12 1 10 12 1 10 100 12 1 1 1 3 10 100 1 10 10 12 1 1 11 100 12 1 1 10 12 1 1 10 12 1 10 12 1 10 12 1 10 12 1 10 12 1 10 12 1 10 12 1 10 12 1 11 12 1 8 1 10 11 12 1 11 100 12 1 1 1 11 100 12 1 1 1 11 12 1 1 18 12 1 1 11 12 1 1 11 100 12 1 1 1 18 12 1 11 100 12 1 1 1 18 12 1 11 100 12 1 1 1 18 12 1 100 1 10 100 12 1 1 1 10 12 1 10 12 1 10 12 1 10 12 1 10 12 1 10 12 1 10 12 1 10 12 1 1 10 12 1 10 100 12 1 1 10 12 1 10 12 1 10 12 1 1 10 12 1 10 12 1 10 12 1 1 10 12 1 10 12 1 10 12 1 1 10 12 1 10 12 1 10 12 1 10 12 1 10 12 10 12 1 10 12 10 12 10 12 1 10 12 10 12 1 10 12 1 10 12 1 1 1 1 3 1 3 1 1 1 1 1 1 1 1 1 1 1 1 1 1 1 1 1 1 1 1 1 1 1 1 1 1 1 1 1 1 1 1 1 1 1 1 1 1 1 1 1 1 1 1 1 1 1 1 1 1 1 1 1 1 1 1 1 1 1 1 1 1 1 1 1 1 1 1 1 1 1 1 1 1 1 1 1 1 1 1 1 1 1 1 1 1 1 1 1 1 1 1 1 1 1 1 1 1 1 1 1 1 1 1 1 1 1 1 1 1 1 1 1 1 1 1 1 1 1 1 1 1 1 1 1 1 1 1 1 1 1 1 1 1 1 1 1 1 1 1 1 1 1 1 1 1 1 1 1 1 1 1 1 1 1 1 1 1 1 1 1 1 1 1 1 1 1 1 1 1 1 1 1 1 1 1 1 1 1 1 1 1 1 1 1 1 1 1 1 1 1 1 1 1 1 1 1 1 1 1 1 1 1 1 1 1 1 1 1 1 1 1 1 1 1 1 1 1 1 1 1 1 1 1 1 1 1 1 1 1 1 1 1 1 1 1 1 1 1 1 1 1 1 1 1 1 1 1 1 1 1 1 1 1 100 1 1 16 15 10 12 15 10 12 15 10 12 15 10 12 15 10 100 12 1 1 1 1 1 100 1 100 1 1 1 1 100 1 1 1 1 1 1 100 1 1 100 1 1 100 1 1 1 100 1 100 1 1
staticfield java/util/Arrays $assertionsDisabled Z 1
ciInstanceKlass java/util/concurrent/locks/Lock 1 0 19 100 1 100 1 1 1 1 1 100 1 1 1 1 1 1 1 1 1
instanceKlass jdk/internal/loader/NativeLibraries$CountedLock
instanceKlass java/util/concurrent/ConcurrentHashMap$Segment
ciInstanceKlass java/util/concurrent/locks/ReentrantLock 1 1 177 10 7 12 1 1 1 7 1 10 9 7 12 1 1 1 100 1 10 10 7 12 1 1 10 12 1 10 12 1 1 10 7 12 1 1 1 10 12 1 1 10 12 1 1 10 12 1 1 10 12 1 1 10 12 1 10 12 1 10 12 1 1 10 12 1 10 12 1 1 10 12 1 10 12 1 1 100 1 10 100 1 100 1 8 1 10 12 1 10 12 1 1 10 12 1 1 10 12 1 1 100 1 10 10 12 1 1 10 12 1 1 8 1 8 1 10 100 12 1 1 8 1 10 100 1 100 1 1 1 1 5 0 1 1 1 1 1 1 1 1 1 1 100 1 1 1 1 1 1 1 1 1 1 1 1 1 1 1 1 1 1 1 1 1 100 1 1 1 1 1 1 1 1 100 1 1
ciInstanceKlass java/util/concurrent/TimeUnit 1 1 283 7 1 9 12 1 1 9 12 1 9 12 1 9 12 1 9 12 1 9 12 1 9 12 1 9 12 1 1 10 100 12 1 1 10 7 12 1 1 1 10 12 1 1 9 12 1 1 100 1 5 0 9 12 1 5 0 9 12 1 9 12 1 5 0 9 12 1 1 9 12 1 5 0 9 12 1 9 12 1 5 0 10 12 1 1 10 12 1 1 10 12 1 10 12 1 10 12 1 10 12 1 1 10 100 12 1 1 1 10 12 1 3 5 0 5 0 5 0 10 12 1 1 10 100 12 1 1 1 10 100 12 1 1 10 12 1 9 100 12 1 1 1 9 12 1 9 12 1 9 12 9 12 9 12 9 12 100 1 10 12 1 9 100 12 1 1 1 8 1 10 100 12 1 1 1 10 100 1 100 1 10 8 1 10 12 1 1 10 12 1 10 12 1 1 10 12 1 8 10 12 1 8 8 8 8 8 8 10 12 1 1 1 1 5 0 1 1 1 1 1 1 1 1 1 1 1 1 1 1 1 1 1 1 1 1 100 1 1 1 1 1 1 1 1 1 1 1 1 1 1 1 1 1 1 1 1 1 1 1 1 1 1 1 1 1 1 100 1 1 1 1 1 1 1 1 1 1 1 1 1 1 1
staticfield java/util/concurrent/TimeUnit NANOSECONDS Ljava/util/concurrent/TimeUnit; java/util/concurrent/TimeUnit
staticfield java/util/concurrent/TimeUnit MICROSECONDS Ljava/util/concurrent/TimeUnit; java/util/concurrent/TimeUnit
staticfield java/util/concurrent/TimeUnit MILLISECONDS Ljava/util/concurrent/TimeUnit; java/util/concurrent/TimeUnit
staticfield java/util/concurrent/TimeUnit SECONDS Ljava/util/concurrent/TimeUnit; java/util/concurrent/TimeUnit
staticfield java/util/concurrent/TimeUnit MINUTES Ljava/util/concurrent/TimeUnit; java/util/concurrent/TimeUnit
staticfield java/util/concurrent/TimeUnit HOURS Ljava/util/concurrent/TimeUnit; java/util/concurrent/TimeUnit
staticfield java/util/concurrent/TimeUnit DAYS Ljava/util/concurrent/TimeUnit; java/util/concurrent/TimeUnit
staticfield java/util/concurrent/TimeUnit $VALUES [Ljava/util/concurrent/TimeUnit; 7 [Ljava/util/concurrent/TimeUnit;
ciInstanceKlass java/util/Collections 1 1 933 10 7 12 1 1 1 11 7 12 1 1 1 7 1 11 12 1 1 7 1 10 12 1 1 10 12 1 11 12 1 1 100 1 11 12 1 1 11 12 1 1 10 12 1 11 100 12 1 1 11 12 1 1 11 12 1 10 12 1 10 12 1 10 12 11 100 12 1 1 1 10 12 1 1 11 12 1 11 12 1 1 9 12 1 1 100 1 10 10 12 1 1 10 12 1 11 100 12 1 1 1 11 12 1 1 10 12 1 11 12 1 100 1 8 1 10 12 1 11 7 12 1 1 1 11 100 1 11 12 1 1 10 12 1 1 10 12 1 10 12 1 1 10 12 1 11 12 1 1 10 12 1 1 10 12 1 1 10 12 1 1 11 12 1 1 7 1 10 12 1 11 100 1 100 1 10 12 1 11 7 1 7 1 10 12 1 11 100 1 100 1 10 12 1 11 100 1 100 1 10 12 1 11 100 1 100 1 10 12 1 11 7 1 11 7 1 10 12 10 11 7 1 7 1 10 12 1 11 100 1 100 1 10 11 100 1 100 1 10 12 1 11 100 1 100 1 10 12 1 100 1 10 10 12 1 7 1 10 10 12 1 100 1 10 100 1 10 7 1 10 100 1 10 10 12 1 10 7 1 10 100 1 10 100 1 10 100 1 10 12 1 10 100 12 1 1 1 100 1 100 1 10 12 1 100 1 10 12 1 100 1 10 12 1 100 1 10 12 1 100 1 10 12 1 100 1 10 100 1 10 12 1 100 1 10 12 1 100 1 10 12 1 9 7 12 1 1 1 9 100 12 1 1 9 7 12 1 1 1 9 12 1 1 9 12 1 1 9 12 1 1 9 12 1 1 9 12 1 1 7 1 10 12 7 1 10 100 1 10 7 1 10 7 1 10 12 1 100 1 100 1 10 8 1 10 12 1 1 10 12 1 10 12 1 1 10 100 1 10 12 1 9 100 12 1 1 1 9 100 12 1 1 1 100 1 9 12 1 1 10 12 7 1 10 100 1 10 11 100 12 1 1 11 12 1 10 12 1 11 11 12 1 11 11 12 1 8 1 7 1 10 11 100 1 10 12 1 100 1 10 100 12 1 1 1 100 1 10 12 1 7 1 10 7 1 10 7 1 10 1 1 1 3 1 3 1 3 1 3 1 3 1 3 1 3 1 3 1 1 1 1 1 1 1 1 1 1 1 1 1 1 1 1 1 1 1 1 1 1 1 1 1 1 1 1 1 1 1 1 1 1 1 1 1 1 1 1 1 1 1 1 1 1 1 1 1 1 1 1 1 1 1 1 1 1 1 1 1 1 1 1 1 1 1 1 1 1 1 1 1 1 1 1 1 1 1 1 1 1 1 1 1 1 1 1 1 1 1 1 1 1 1 1 1 1 1 1 1 1 1 1 1 1 1 1 1 1 1 1 1 1 1 1 1 1 1 1 1 1 1 1 1 1 1 1 1 1 1 1 1 1 1 1 1 1 1 1 1 1 1 1 1 1 1 1 1 1 1 1 1 1 1 1 1 1 1 1 1 1 1 1 1 1 1 1 1 1 1 1 1 1 1 1 1 1 1 1 1 1 1 1 1 1 1 1 1 1 1 1 1 1 1 1 1 1 1 1 1 1 1 1 1 1 1 1 1 1 1 1 1 1 1 1 1 1 1 1 1 1 1 1 1 1 1 1 1 1 1 1 1 1 1 1 1 1 1 1 1 1 1 1 1 1 1 1 1 1 1 1 1 1 1 1 1 1 1 1 1 1 1 1 1 1 1 1 1 1 1 1 1 1 1 1 1 1 1 1 1 1 1 1 1 1 1 1 1 1 1 1 1 1 1 1 1 1 1 1 1 1 1 1 1 1 1 1 1 1 1 1 1 1 1 1 1 1 1 1 1 1 1 1 1 1 1 1 1 1 1 1 100 1 100 1 100 1 100 1 100 1 100 1 100 1 100 1 100 1 100 1 100 1 100 1 100 1 1 1 1 1 1 1 1 1 1 1 1 1 1 1 1 1 1 1 1 1 1 1 1 1 1 1 1 1 1 1 1 1 1 1 1 1 1 1 1 1 1 100 1 1 1 1 1 1 1 1 1 1 1 1 1 1 1
staticfield java/util/Collections EMPTY_SET Ljava/util/Set; java/util/Collections$EmptySet
staticfield java/util/Collections EMPTY_LIST Ljava/util/List; java/util/Collections$EmptyList
staticfield java/util/Collections EMPTY_MAP Ljava/util/Map; java/util/Collections$EmptyMap
instanceKlass org/jetbrains/kotlin/container/UnresolvedServiceException
instanceKlass java/nio/charset/UnsupportedCharsetException
instanceKlass java/nio/charset/IllegalCharsetNameException
instanceKlass java/nio/file/InvalidPathException
instanceKlass java/lang/NumberFormatException
ciInstanceKlass java/lang/IllegalArgumentException 1 1 35 10 7 12 1 1 1 10 12 1 10 12 1 10 12 1 100 1 1 1 1 5 0 1 1 1 1 1 1 1 1 1 1 1 1
instanceKlass org/jetbrains/kotlin/descriptors/InvalidModuleException
ciInstanceKlass java/lang/IllegalStateException 0 0 35 10 100 12 1 1 1 10 12 1 10 12 1 10 12 1 100 1 1 1 1 5 0 1 1 1 1 1 1 1 1 1 1 1 1
ciInstanceKlass java/lang/AssertionError 0 0 79 10 100 12 1 1 1 10 12 1 10 100 12 1 1 1 10 100 1 100 1 10 12 1 1 10 12 1 10 12 1 10 12 1 10 12 1 10 12 1 10 12 1 10 12 1 1 1 1 5 0 1 1 1 1 1 1 1 1 1 1 100 1 1 1 1 1 1 1 1 1 1 1 1 1 1 1 1 1
instanceKlass java/lang/ArrayIndexOutOfBoundsException
ciInstanceKlass java/lang/IndexOutOfBoundsException 0 0 49 10 100 12 1 1 1 10 12 1 100 1 10 8 1 10 12 1 1 10 12 1 10 12 1 1 10 12 1 100 1 1 1 1 5 0 1 1 1 1 1 1 1 1 1 1 1 1 1
instanceKlass java/util/ArrayList$ListItr
ciInstanceKlass java/util/ArrayList$Itr 1 1 104 9 7 12 1 1 1 10 7 12 1 1 1 9 12 1 1 9 7 12 1 1 9 12 1 9 12 1 9 12 1 10 12 1 100 1 10 9 12 1 1 100 1 10 100 1 10 10 12 1 1 100 1 10 100 12 1 1 1 10 12 1 1 11 100 12 1 1 1 100 1 1 1 1 1 1 1 1 1 1 1 1 1 1 1 1 100 1 1 1 1 1 1 1 1 1 1 1 1 1 1 1 1 1
ciInstanceKlass java/util/Collections$SingletonList 1 1 131 10 7 12 1 1 1 9 7 12 1 1 1 10 7 12 1 1 1 10 12 1 1 100 1 100 1 10 8 1 10 12 1 1 10 12 1 8 1 10 12 1 1 10 12 1 11 100 12 1 1 1 100 1 10 10 12 1 1 10 7 12 1 1 1 100 1 100 1 1 1 1 5 0 1 1 1 1 1 1 1 1 1 1 1 1 1 1 1 1 1 1 1 1 1 1 1 1 1 1 1 1 1 1 1 1 1 1 1 1 1 1 1 1 1 1 1 1 1 1 1 1 1 1 1 1 1 1 1 1 1
ciInstanceKlass java/util/LinkedHashMap$LinkedValues 1 1 173 9 7 12 1 1 1 10 7 12 1 1 1 9 12 1 1 9 7 12 1 1 1 10 12 1 7 1 10 12 1 10 12 1 1 100 1 10 100 12 1 1 1 7 1 10 12 1 1 10 12 1 1 100 1 10 9 12 1 9 12 1 1 9 100 12 1 1 1 11 100 12 1 1 1 9 12 1 9 12 1 9 12 1 100 1 10 100 1 10 10 12 1 1 9 100 1 9 12 1 9 12 1 10 12 1 1 10 12 1 1 10 100 1 1 1 1 1 1 1 1 1 1 1 1 1 1 1 1 1 1 1 1 1 1 1 1 1 1 1 1 1 1 1 1 1 1 1 1 1 1 1 1 1 1 1 1 1 1 1 1 1 1 1 1 1 1 1 1 1 100 1 1
ciInstanceKlass java/lang/InterruptedException 0 0 26 10 100 12 1 1 1 10 12 1 100 1 1 1 1 5 0 1 1 1 1 1 1 1 1 1
ciInstanceKlass java/util/LinkedHashSet 1 1 163 10 7 12 1 1 1 4 11 7 12 1 1 1 10 7 12 1 1 1 10 7 12 1 1 1 10 7 12 1 1 1 100 1 10 100 12 1 1 1 100 1 100 1 10 12 1 8 1 10 12 1 1 10 12 1 10 12 1 1 10 12 1 10 12 1 9 12 1 1 100 1 10 12 1 9 12 1 1 10 12 1 1 10 12 1 10 12 1 1 11 100 12 1 1 1 11 12 1 11 12 1 11 12 1 100 1 10 12 1 10 12 1 100 1 100 1 1 1 1 5 0 1 1 1 1 1 1 1 1 1 1 1 1 1 1 1 1 1 1 1 1 1 1 1 1 1 1 1 1 1 1 1 1 1 1 1 1 1 1 1 1 1
ciInstanceKlass kotlin/NoWhenBranchMatchedException 0 0 47 1 100 1 100 1 1 12 10 1 1 1 1 12 10 1 1 1 12 10 1 1 1 12 10 1 1 3 3 3 1 1 3 1 1 1 1 1 1 1 1 1 1 1 1 1 1
instanceKlass kotlin/collections/CollectionsKt__CollectionsKt
ciInstanceKlass kotlin/collections/CollectionsKt__CollectionsJVMKt 1 1 225 1 100 1 100 1 1 1 1 1 7 1 12 10 1 8 1 7 1 1 12 10 1 1 1 1 1 1 1 1 1 1 1 8 1 12 10 1 100 1 1 12 10 1 100 1 1 12 11 1 1 12 10 1 1 1 1 12 10 1 1 1 1 100 1 1 12 10 1 100 1 1 12 10 1 1 8 12 10 1 1 1 1 1 8 1 1 12 10 1 8 1 1 1 1 1 1 1 12 10 1 1 12 10 1 1 1 1 1 1 1 8 1 12 10 1 1 1 1 1 1 1 8 1 100 1 12 10 1 1 1 1 8 12 10 1 1 1 1 1 1 1 1 1 1 12 10 7 1 1 12 10 1 7 1 1 12 10 1 8 1 1 1 1 1 1 100 1 1 12 10 1 12 10 1 100 1 8 1 12 10 1 1 1 12 10 1 8 1 10 1 1 1 1 3 3 3 1 3 1 3 1 1 1 1 1 1 1 1 1 1 1 1 1 1 1 1 1 1 1 1 1 1 1 1
instanceKlass kotlin/collections/CollectionsKt__IterablesKt
ciInstanceKlass kotlin/collections/CollectionsKt__CollectionsKt 1 1 412 1 100 1 100 1 1 1 1 1 8 1 7 1 1 12 10 1 7 1 1 12 10 1 7 1 1 1 1 1 1 7 1 1 12 9 1 7 1 1 1 1 8 1 7 1 12 10 1 7 12 10 1 1 1 1 1 1 7 1 12 10 1 1 1 1 12 10 1 1 1 1 1 1 12 10 1 1 1 100 1 12 10 1 1 1 1 8 1 12 10 1 100 1 1 12 10 1 100 1 1 12 11 1 1 12 10 1 1 1 1 1 1 1 1 1 1 1 1 1 1 1 1 1 8 1 12 10 1 1 12 10 1 1 12 10 1 1 1 1 1 7 1 12 11 1 12 10 1 1 1 1 1 11 1 1 1 1 1 1 1 12 11 1 1 1 1 1 1 1 1 1 1 1 1 1 8 1 100 1 12 11 1 1 1 1 1 1 12 11 1 1 1 1 1 8 1 1 12 10 1 1 12 10 1 1 1 1 1 1 1 1 12 11 1 1 1 1 1 1 12 10 1 100 1 100 1 1 12 10 1 1 1 1 1 1 1 1 1 1 1 12 10 1 1 1 8 1 100 1 1 12 11 1 1 12 10 1 1 1 1 8 1 100 1 12 10 1 12 10 1 1 1 1 1 1 1 1 8 1 100 1 12 10 1 1 100 1 100 10 1 8 1 1 12 10 1 12 10 1 8 1 8 1 1 12 10 1 12 10 1 100 1 8 10 1 8 1 8 1 1 1 100 1 8 10 1 1 8 1 1 1 1 8 1 1 12 11 1 100 1 12 11 1 12 11 1 1 1 100 1 1 1 8 1 1 12 10 1 1 12 10 10 1 1 1 1 3 3 3 1 3 1 3 1 1 1 1 1 1 1 1 1 1 1 1 1 1 1 1 1 1 1 1 1 1 1 1 1 1 1 1 1 1 1 1 1 1 1 1 1 1
ciInstanceKlass kotlin/collections/CollectionsKt 0 0 34 1 100 1 100 1 1 12 10 1 1 1 1 3 3 3 1 3 1 3 1 1 1 1 1 1 1 1 1 1 1 1 1 1
ciInstanceKlass kotlin/collections/EmptyList 1 1 194 1 7 1 7 1 7 1 100 1 100 1 100 1 1 12 10 1 1 1 1 1 1 1 12 11 1 1 1 1 1 1 1 1 8 1 1 1 1 8 1 7 1 1 12 10 1 1 1 1 8 1 7 11 1 1 1 1 100 1 100 10 1 8 1 1 12 10 1 12 10 1 12 10 12 10 1 12 10 1 1 1 1 1 1 1 1 7 1 1 12 9 1 7 1 1 1 100 1 1 8 1 1 1 8 1 8 1 1 1 1 12 9 1 1 100 1 8 10 1 1 1 1 1 1 1 1 1 1 1 12 10 1 100 12 10 12 10 1 12 10 12 10 1 1 1 1 1 1 8 1 7 1 12 10 1 1 1 12 10 1 10 1 1 5 0 1 1 3 3 3 1 1 3 1 1 1 1 1 1 1 1 1 1 1 1 1 1 1 1 1 1 1 1
staticfield kotlin/collections/EmptyList INSTANCE Lkotlin/collections/EmptyList; kotlin/collections/EmptyList
instanceKlass kotlin/collections/ArraysKt
ciInstanceKlass kotlin/collections/ArraysKt___ArraysKt 1 1 3575 1 100 1 100 1 1 1 1 1 8 1 7 1 1 12 10 1 1 1 1 1 1 1 1 1 1 1 1 1 1 1 1 1 1 1 1 1 1 1 1 1 1 1 1 1 1 1 1 7 1 1 12 10 1 1 1 1 1 12 10 1 1 1 12 10 1 1 1 12 10 1 1 1 12 10 1 1 1 1 1 1 1 1 1 1 1 1 1 1 1 1 1 1 1 1 1 1 1 100 1 1 1 100 1 1 12 10 1 1 1 12 10 1 1 1 1 1 8 1 1 12 10 1 7 1 1 12 10 1 7 1 1 12 11 1 1 1 1 100 1 1 1 12 10 1 100 1 1 12 10 1 1 1 12 10 1 1 12 10 1 1 12 10 1 1 12 10 1 1 1 12 10 1 1 12 10 1 1 1 12 10 1 1 12 10 1 1 1 12 10 1 1 12 10 1 1 1 12 10 1 100 1 1 12 10 1 1 1 12 10 1 100 1 1 12 10 1 1 1 1 12 10 1 1 12 10 1 12 10 1 12 10 1 12 10 1 12 10 1 12 10 1 12 10 1 12 10 1 1 1 1 8 1 1 1 100 1 1 1 100 1 12 10 100 1 1 1 100 1 12 10 100 1 1 100 1 1 1 100 1 12 10 100 1 1 1 100 1 12 10 1 1 1 100 1 12 10 1 1 1 12 10 100 1 1 1 12 10 100 1 1 1 1 1 1 1 100 1 8 1 1 12 10 1 1 8 1 1 1 1 1 1 1 1 1 1 1 1 1 1 1 1 1 1 1 1 1 1 1 8 1 8 1 1 1 1 1 1 1 1 1 1 1 1 1 1 1 1 1 1 1 1 1 12 10 1 1 1 1 1 1 1 1 1 1 1 1 1 1 1 1 1 1 1 1 1 1 1 1 1 1 1 1 1 1 1 1 1 1 1 1 1 1 1 100 1 1 12 9 1 12 10 1 1 12 10 1 12 10 1 12 10 1 12 10 1 12 10 1 12 10 1 12 10 1 12 10 1 8 1 1 12 10 1 1 1 1 1 12 10 1 1 12 10 1 12 10 1 12 10 1 12 10 1 12 10 1 12 10 1 12 10 1 12 10 1 1 100 1 8 10 1 1 8 1 1 1 8 1 12 10 10 1 1 8 10 1 1 8 10 1 1 8 10 1 1 8 10 1 1 8 10 1 1 8 1 1 8 1 1 1 1 1 1 1 1 100 1 12 10 1 8 1 1 12 10 1 12 10 1 8 1 1 12 10 10 1 100 1 1 12 10 1 12 10 1 1 1 1 1 12 10 1 1 1 12 10 1 1 1 12 10 1 1 1 12 10 1 1 1 12 10 1 1 1 12 10 1 1 1 12 10 1 1 1 12 10 1 1 1 12 10 1 1 12 10 1 12 10 1 12 10 1 12 10 1 12 10 1 12 10 1 12 10 1 12 10 1 1 1 1 1 7 1 1 12 10 1 1 1 1 1 1 1 1 1 1 1 1 1 1 1 1 1 1 1 1 7 10 1 1 12 10 1 7 1 1 1 1 1 1 1 1 7 11 1 1 1 1 1 1 1 1 1 1 100 1 12 11 1 1 1 1 1 1 1 1 1 1 1 1 1 1 1 1 1 1 1 1 1 1 1 1 1 1 1 1 1 1 1 1 1 1 1 1 1 1 8 1 1 1 1 1 1 1 1 1 1 1 1 1 1 1 1 1 1 1 1 1 1 1 1 1 1 1 1 1 1 1 1 8 1 1 12 10 1 1 1 1 1 1 1 1 1 1 1 1 1 1 1 1 12 10 1 1 1 1 1 1 1 1 1 1 1 1 1 1 1 1 1 1 1 1 1 1 1 1 1 1 1 1 1 8 1 7 1 12 10 1 1 12 10 1 12 10 1 1 12 10 1 12 10 1 1 1 1 1 12 10 1 12 10 1 1 1 12 10 1 12 10 1 1 1 12 10 1 12 10 1 1 1 12 10 1 12 10 1 1 1 12 10 1 12 10 1 1 1 12 10 1 12 10 1 1 1 12 10 1 12 10 1 1 1 12 10 1 12 10 1 1 1 1 12 10 1 12 10 1 7 1 1 12 11 1 100 1 12 11 1 1 12 11 1 1 1 1 1 1 1 1 1 1 1 1 1 1 1 1 1 1 1 1 1 12 11 1 1 12 10 11 1 1 1 1 1 1 1 1 1 1 1 1 1 1 1 1 1 1 1 1 1 1 1 1 1 1 1 1 1 1 12 10 1 1 12 10 1 1 1 12 10 1 12 10 1 12 10 1 12 10 1 12 10 1 12 10 1 12 10 1 12 10 1 1 1 1 1 1 1 1 1 1 1 1 12 10 1 1 12 10 12 10 12 10 12 10 12 10 12 10 12 10 12 10 1 1 1 1 1 1 1 12 10 1 12 10 1 7 10 12 10 1 1 1 1 1 1 1 1 1 1 1 1 1 1 1 100 1 1 12 9 1 100 1 1 12 10 1 1 1 1 1 1 1 1 1 1 1 1 12 10 1 12 10 1 1 1 12 10 1 12 10 1 12 10 1 12 10 1 12 10 1 12 10 1 12 10 1 12 10 1 1 1 1 1 1 1 1 1 1 1 1 1 1 1 1 12 10 1 1 12 10 1 12 10 1 12 10 1 12 10 1 12 10 1 12 10 1 12 10 1 12 10 1 1 1 1 1 1 1 8 1 100 1 12 10 1 100 1 1 12 10 1 1 1 1 100 10 1 1 1 1 1 1 100 1 1 12 10 1 1 1 12 10 12 10 12 10 12 10 12 10 12 10 12 10 12 10 12 10 12 10 12 10 12 10 12 10 12 10 1 1 1 1 1 12 10 1 1 1 12 10 100 12 10 1 1 1 1 12 10 1 1 1 1 12 10 1 1 1 1 12 10 1 1 1 1 12 10 1 1 1 1 12 10 1 1 1 1 12 10 1 1 1 1 1 100 1 12 10 1 8 1 12 10 1 1 1 1 12 10 1 1 1 12 10 1 1 1 12 10 1 1 1 12 10 1 1 1 12 10 1 1 1 12 10 1 1 1 12 10 1 1 1 1 1 1 12 10 1 1 12 10 1 1 12 10 1 1 12 10 1 1 12 10 1 1 12 10 1 1 12 10 1 1 1 1 1 1 8 1 1 1 1 1 1 1 1 12 10 1 1 1 1 12 10 1 1 12 10 1 1 12 10 1 1 12 10 1 1 12 10 1 1 12 10 1 1 12 10 1 1 12 10 1 1 1 1 1 12 10 1 1 12 10 1 1 12 10 1 1 12 10 1 1 12 10 1 1 12 10 1 1 12 10 1 1 1 12 10 1 1 1 1 1 1 1 1 1 1 1 1 1 1 1 1 1 1 1 1 1 12 10 1 1 1 1 1 1 1 1 1 1 1 1 1 1 1 1 1 1 1 1 1 1 1 1 1 1 1 1 1 1 1 1 1 1 1 12 10 12 10 12 10 12 10 12 10 12 10 12 10 12 10 12 10 12 10 12 10 12 10 12 10 12 10 12 10 1 1 1 1 1 1 1 1 1 1 1 1 1 1 1 1 1 1 1 1 1 1 1 1 1 1 1 1 7 1 12 10 1 100 10 1 100 1 100 1 12 10 1 12 10 1 12 11 1 1 1 1 1 1 1 1 1 1 1 1 1 1 1 1 1 1 1 1 1 1 1 1 1 8 1 1 1 1 1 1 1 1 1 1 1 1 1 1 1 8 1 1 1 1 1 1 1 1 1 1 1 1 1 1 1 1 1 1 1 1 1 1 1 1 1 1 1 1 1 1 1 1 1 1 1 1 1 1 1 1 1 1 1 1 1 1 1 1 1 1 1 1 1 1 1 1 1 1 1 1 1 1 1 1 1 1 1 1 8 1 1 1 1 1 1 1 1 1 1 1 1 1 1 12 10 1 1 1 1 1 1 1 1 1 1 1 1 1 1 1 1 1 1 1 1 1 1 1 1 1 1 1 1 1 1 1 1 1 1 100 10 12 10 1 1 1 12 10 1 1 12 10 1 1 12 10 1 1 12 10 1 1 12 10 1 1 12 10 1 1 12 10 1 1 12 10 1 1 1 12 10 1 12 10 1 1 1 1 1 100 1 1 12 10 1 1 12 10 1 7 10 1 7 1 1 1 1 1 1 1 1 1 1 1 1 1 1 1 1 1 1 1 1 1 12 10 1 1 1 1 1 1 1 1 1 1 1 1 1 1 1 1 1 1 1 7 1 12 10 1 1 1 1 1 1 1 1 1 1 1 1 1 1 1 1 1 1 1 1 1 1 1 1 1 1 1 1 1 1 1 1 1 1 1 1 1 1 1 1 1 1 1 1 10 1 12 11 11 1 1 1 1 1 1 1 1 1 1 1 1 1 1 1 1 1 1 1 1 1 1 1 1 1 1 1 1 1 1 1 1 1 1 1 1 1 1 1 1 1 1 1 1 1 1 1 1 1 1 1 1 1 1 1 1 1 1 1 1 1 1 1 1 1 1 1 1 1 1 1 1 1 1 1 1 1 1 1 1 1 1 1 1 1 1 1 1 1 1 1 100 12 10 1 100 1 1 1 1 1 1 1 1 1 1 1 1 1 1 1 1 1 1 1 1 1 1 1 1 1 1 1 1 1 1 1 1 1 1 1 1 1 1 1 1 1 1 1 1 1 1 1 1 1 1 1 1 1 1 1 1 1 1 1 1 1 1 1 1 1 1 1 1 1 1 1 1 1 1 1 1 1 1 1 1 1 1 1 7 1 7 12 10 1 7 1 12 10 1 1 1 1 100 12 10 1 1 1 100 12 10 1 1 1 100 12 10 1 1 1 100 12 10 1 1 1 100 12 10 1 1 1 100 12 10 1 1 1 100 12 10 1 1 1 100 12 10 1 1 12 10 1 12 10 1 12 10 12 10 12 10 12 10 12 10 12 10 12 10 12 10 1 1 10 10 1 1 1 1 1 1 1 1 1 1 1 1 1 1 1 1 1 8 1 12 10 1 1 1 1 1 1 1 1 1 1 1 1 1 1 1 1 1 1 1 1 12 10 1 1 1 1 1 1 1 1 1 1 1 1 1 1 1 1 1 1 1 1 1 1 1 1 1 1 1 1 1 1 1 8 1 1 1 1 1 1 1 1 1 1 1 1 1 1 1 1 1 1 1 1 1 1 1 1 100 1 12 11 1 1 1 1 1 1 1 1 1 1 1 1 1 1 1 1 1 1 1 1 1 1 1 1 1 1 1 1 1 1 1 1 1 1 1 1 1 1 1 1 1 1 1 1 1 1 8 1 1 1 1 1 1 1 1 1 1 1 1 1 1 1 1 1 1 1 1 1 1 1 1 1 1 1 1 1 1 1 1 1 1 1 1 1 1 1 10 1 7 1 1 12 10 1 1 1 12 10 1 1 1 7 1 1 12 11 1 1 12 10 1 1 1 1 1 1 1 1 1 1 1 1 1 1 1 1 1 1 1 1 1 1 1 1 1 1 1 1 1 1 1 1 1 1 1 1 1 1 1 1 1 1 1 1 1 1 1 1 1 1 1 1 1 1 1 1 1 1 1 1 1 1 1 1 1 1 1 1 1 1 1 1 1 1 1 1 1 1 1 1 1 1 1 1 1 1 1 1 1 1 1 1 1 1 1 1 1 1 1 1 1 1 1 1 1 1 1 1 1 1 1 1 1 1 1 1 1 1 1 1 12 11 1 1 1 1 1 1 1 1 1 1 1 1 1 1 1 1 1 1 1 1 1 1 1 1 1 1 1 1 1 1 1 1 1 1 1 1 1 1 1 1 1 1 1 1 1 1 1 1 1 1 1 1 1 1 1 1 1 1 1 1 1 1 1 12 10 1 12 10 1 1 1 1 1 1 1 1 1 1 1 1 1 1 1 1 1 1 1 1 1 1 1 1 1 1 1 1 1 1 1 1 1 1 1 1 1 1 1 1 1 1 1 1 1 1 1 1 1 1 1 1 1 1 1 1 1 1 1 1 1 1 1 1 1 1 1 1 1 1 1 1 1 1 1 1 1 1 1 1 1 1 1 1 1 1 1 1 1 1 1 1 1 1 1 1 1 1 1 1 1 1 1 1 1 100 1 8 10 1 1 1 1 1 1 1 1 1 1 1 1 1 1 1 1 1 1 1 1 1 1 1 1 1 1 1 1 1 1 1 1 1 1 1 1 1 1 1 1 1 1 1 1 1 1 1 1 1 1 1 1 1 1 1 1 1 1 1 1 1 1 1 1 1 1 1 1 1 1 1 1 1 1 1 1 1 1 1 1 1 1 1 1 1 1 1 1 1 1 1 1 1 1 1 1 1 1 1 1 1 1 1 1 1 1 1 1 1 1 1 1 1 1 1 1 1 1 1 1 1 1 1 1 1 1 1 1 1 1 1 1 1 1 1 1 1 1 1 1 1 1 1 1 1 1 1 1 1 1 1 1 1 1 1 1 1 1 1 1 1 1 1 1 1 1 1 1 1 1 1 1 1 1 1 1 1 1 1 1 1 1 1 1 1 1 1 1 1 1 1 1 1 1 1 1 1 1 1 1 1 1 1 1 1 1 1 1 1 1 1 1 1 1 1 1 1 1 1 1 1 1 1 1 1 1 1 1 1 1 1 1 1 1 1 1 1 1 1 1 1 1 1 1 1 1 1 1 1 1 1 1 1 1 1 1 1 1 1 1 1 1 1 1 1 1 1 1 1 1 1 1 1 1 1 1 1 1 1 1 1 1 1 1 1 1 1 1 1 1 1 1 1 1 1 100 1 12 10 1 12 10 1 1 1 1 1 1 1 1 1 1 1 100 1 12 10 12 10 1 1 1 1 1 1 1 1 1 1 8 1 12 10 1 12 10 1 1 1 1 1 12 10 1 1 1 1 1 1 1 1 1 1 1 1 1 1 1 1 1 1 1 1 1 1 12 10 1 7 1 1 12 10 1 1 1 1 1 1 1 1 1 1 1 1 1 1 1 1 1 1 1 1 1 1 1 1 1 1 1 1 1 1 1 1 1 1 1 1 1 1 1 1 1 1 1 1 1 1 1 1 1 1 1 1 1 1 1 1 1 1 1 1 1 1 1 1 1 1 1 1 1 1 1 1 1 1 1 1 1 1 1 1 1 1 1 1 1 1 1 1 1 1 1 1 1 1 1 1 1 1 1 1 1 1 1 1 1 1 1 1 1 1 1 1 1 1 1 1 1 1 1 1 1 1 1 1 1 1 1 1 1 1 1 1 8 1 8 1 8 1 8 1 8 1 100 1 12 11 1 100 1 1 12 10 1 1 1 1 1 1 1 8 1 100 1 8 1 8 12 10 1 1 1 100 1 12 10 1 12 10 1 1 1 12 10 1 1 1 12 10 1 1 1 12 10 1 12 10 1 1 1 12 10 1 12 10 1 1 1 12 10 1 12 10 1 1 1 12 10 1 12 10 1 1 1 12 11 1 12 10 1 1 1 1 8 1 1 1 12 10 1 1 1 12 10 1 1 1 12 10 1 1 1 12 10 1 1 1 12 10 1 1 1 12 10 1 1 1 12 10 1 1 1 12 10 1 1 1 12 10 1 1 1 7 10 1 1 1 100 10 1 1 100 10 1 1 100 10 1 1 100 10 1 1 100 10 1 1 100 10 1 1 100 10 1 1 100 10 1 1 1 1 7 1 1 12 10 1 7 10 1 1 1 1 100 10 1 1 1 100 10 1 1 1 100 10 1 1 1 100 10 1 1 1 100 10 1 1 1 100 10 1 1 1 100 10 1 1 1 100 10 1 1 6 0 1 100 1 1 100 1 1 100 1 1 100 1 1 100 1 100 1 1 1 1 1 1 1 1 1 1 1 1 1 1 10 1 1 1 1 3 3 3 1 3 1 3 1 1 1 1 1 1 1 1 1 1 1 1 1 1 1 1 1 1 1 1 1 1 1 1 1 1 1 1 1 1 1 1 1 1 1 100 1 100 1 1 100 1 1 100 1 1 100 1 1 100 1 1 100 1 1 100 1 1 100 1 1 100 1 1 100 1 1 1 1 1 1 1 1 1 1 1 1 1 1 1 1 1
ciInstanceKlass kotlin/collections/ArraysKt 0 0 28 1 100 1 100 1 1 12 10 1 1 1 1 3 3 3 1 3 1 3 1 1 1 1 1 1 1 1
ciInstanceKlass kotlin/jvm/functions/Function0 1 0 30 1 100 1 1 100 1 100 1 1 1 1 1 3 3 3 1 1 3 1 1 1 1 1 1 1 1 1 1 1
ciInstanceKlass org/jetbrains/kotlin/name/FqName 1 1 171 1 7 1 7 1 1 1 1 1 1 1 1 1 1 1 1 12 10 1 8 1 7 1 1 12 10 1 1 12 10 1 1 1 1 12 10 1 7 1 12 10 12 9 1 1 1 1 12 9 1 1 12 10 1 100 1 1 1 1 12 10 1 10 1 100 1 8 10 12 10 12 10 1 1 1 12 10 12 10 1 1 1 1 12 10 1 100 1 12 10 1 1 1 12 10 1 100 1 1 12 10 1 1 1 12 10 1 1 12 10 1 12 10 1 1 12 10 1 1 1 1 1 12 10 1 1 8 12 9 1 8 1 8 1 100 8 8 8 8 8 8 8 8 8 8 8 8 8 8 8 8 8 1 1 12 10 1 100 10 1 100 1 1 1 1 1 1 1 1 1
staticfield org/jetbrains/kotlin/name/FqName ROOT Lorg/jetbrains/kotlin/name/FqName; org/jetbrains/kotlin/name/FqName
ciInstanceKlass org/jetbrains/kotlin/name/FqNameUnsafe 1 1 250 1 7 1 7 1 1 7 1 1 1 1 1 1 1 1 1 1 1 1 1 1 1 1 1 1 1 12 10 1 12 10 12 9 12 9 1 1 1 12 9 12 9 1 1 1 1 7 1 1 12 10 1 1 1 12 10 1 1 12 10 1 7 1 1 12 10 1 12 10 12 10 1 7 1 12 9 1 1 12 10 1 1 1 1 1 1 12 10 1 1 1 12 10 1 1 12 10 12 10 1 100 1 8 10 12 10 1 1 10 1 7 10 1 1 12 10 1 8 1 12 10 12 10 1 1 1 1 12 9 12 10 1 1 1 1 7 1 12 10 12 9 1 7 1 1 12 10 12 9 1 7 1 1 12 10 1 100 1 1 1 1 12 10 1 7 1 1 12 10 1 1 12 10 1 1 1 1 1 1 12 10 1 1 1 1 1 1 12 10 1 1 1 1 12 10 1 1 8 1 12 10 1 8 1 1 12 10 10 1 8 1 8 1 100 8 8 8 8 8 8 8 8 8 8 8 8 8 8 8 8 8 1 1 12 10 1 100 10 1 100 1 1 1 1 1 1 1 1 1
staticfield org/jetbrains/kotlin/name/FqNameUnsafe ROOT_NAME Lorg/jetbrains/kotlin/name/Name; org/jetbrains/kotlin/name/Name
staticfield org/jetbrains/kotlin/name/FqNameUnsafe SPLIT_BY_DOTS Ljava/util/regex/Pattern; java/util/regex/Pattern
staticfield org/jetbrains/kotlin/name/FqNameUnsafe STRING_TO_NAME Lkotlin/jvm/functions/Function1; org/jetbrains/kotlin/name/FqNameUnsafe$1
ciInstanceKlass org/jetbrains/kotlin/name/Name 1 1 157 1 7 1 1 7 1 100 1 1 1 1 1 1 1 1 1 1 12 10 1 12 10 12 9 12 9 1 1 1 1 1 7 1 1 100 1 100 10 1 8 1 1 12 10 1 12 10 1 12 10 1 12 10 12 10 1 1 1 12 10 1 1 12 10 1 1 12 10 1 1 1 12 10 1 1 1 12 10 1 1 1 12 10 1 8 1 12 10 1 1 12 10 1 1 1 1 1 1 12 10 12 10 1 100 1 8 10 1 12 10 1 1 1 12 10 1 1 1 1 12 10 1 1 12 10 1 8 1 8 1 100 8 8 8 8 8 8 8 8 8 8 8 1 1 12 10 1 100 1 1 1 1 1 1 1 1
ciInstanceKlass kotlin/jvm/internal/DefaultConstructorMarker 1 1 16 10 100 100 1 1 1 1 1 1 1 1 1 12 1 1
ciInstanceKlass kotlin/reflect/KProperty 1 0 52 1 100 1 1 100 1 100 1 1 1 1 1 1 1 1 1 3 3 3 1 1 3 1 1 1 1 1 1 1 1 1 1 1 1 1 1 1 1 1 100 1 100 1 1 100 1 1 1 1 1 1
ciInstanceKlass org/jetbrains/kotlin/config/MavenComparableVersion$ListItem 1 1 118 1 7 1 1 7 1 7 1 1 100 1 1 1 100 1 1 12 10 1 1 1 1 1 1 1 12 10 1 1 1 12 10 12 11 1 12 10 1 1 1 1 1 1 12 11 12 11 1 1 12 10 1 7 1 12 11 1 1 12 11 1 100 1 7 10 1 8 1 1 12 10 1 100 1 1 12 10 1 12 10 1 1 12 10 1 12 10 1 1 1 1 1 1 1 1 1 1 12 10 1 12 10 1 1 1 1 10 1 1 1 1 1 1 1 1 1 1
ciInstanceKlass kotlin/properties/ReadOnlyProperty 1 0 34 1 100 1 1 100 1 1 1 1 1 1 3 3 3 1 1 3 1 1 1 1 1 1 1 1 1 1 1 1 1 1 1 1
ciInstanceKlass kotlin/collections/ArrayAsCollection 1 1 151 1 7 1 1 7 1 100 1 100 1 1 1 1 1 8 1 7 1 1 12 10 1 12 10 1 12 9 1 1 12 9 1 1 1 1 1 1 1 1 1 1 1 1 100 1 12 10 1 1 1 1 1 1 8 1 100 12 11 1 1 12 11 1 100 1 12 11 1 1 12 11 12 10 1 1 1 1 1 1 1 1 1 1 100 1 12 10 1 1 7 1 1 12 10 1 1 1 100 1 8 1 12 10 1 1 1 1 1 1 1 12 10 1 1 1 8 1 100 1 12 10 1 1 1 3 3 3 1 1 3 1 1 1 1 1 1 1 1 1 1 1 1 1 1 1 1 1 1 1 1
ciInstanceKlass org/jetbrains/kotlin/storage/StorageManager 1 0 87 1 100 1 100 1 1 1 3 3 3 1 1 3 1 1 1 1 1 1 1 1 1 1 1 1 1 1 1 1 1 1 1 1 1 1 1 1 1 1 1 1 1 1 1 1 1 1 1 1 1 1 1 1 1 1 1 1 1 1 1 1 1 1 1 1 1 1 1 1 1 1 1 1 1 1 1 1 1 1 1 1 1 1 1 1 1
instanceKlass org/jetbrains/kotlin/storage/LockBasedStorageManager$1
ciInstanceKlass org/jetbrains/kotlin/storage/LockBasedStorageManager 1 1 451 1 7 1 7 1 100 1 1 100 1 1 7 1 1 7 1 1 7 1 1 7 1 1 7 1 1 100 1 1 100 1 1 7 1 1 100 1 1 100 1 1 7 1 1 100 1 7 1 7 1 7 1 7 1 7 1 7 1 7 1 7 1 1 1 1 1 1 1 1 1 1 1 1 1 1 1 1 1 12 10 1 12 10 1 1 1 12 9 1 1 12 10 1 1 12 10 1 1 1 1 1 1 12 10 12 9 12 9 12 9 1 1 1 1 100 1 12 10 1 1 12 9 1 1 1 100 10 1 1 12 10 1 7 1 12 10 1 1 12 10 1 8 1 1 12 10 1 100 1 1 12 10 1 8 1 8 12 10 1 1 1 1 1 1 12 10 1 12 10 1 100 1 1 1 1 1 12 10 1 1 1 1 1 12 10 1 1 1 1 1 12 10 1 1 1 1 12 10 1 100 1 10 1 1 1 1 12 10 1 1 1 1 1 1 12 10 1 1 1 1 1 12 10 1 1 1 1 1 1 12 10 1 1 1 1 1 10 1 1 1 10 1 1 1 10 1 1 1 7 12 11 1 7 1 1 12 11 1 12 11 1 1 12 11 1 1 1 1 7 1 12 10 1 1 1 1 100 1 8 1 8 1 8 1 12 10 1 100 1 8 1 12 10 1 1 12 10 1 1 1 1 1 1 12 10 1 100 1 100 1 12 10 12 9 1 1 12 10 12 9 1 8 1 100 1 1 12 10 1 100 1 1 12 11 1 12 11 1 1 12 11 1 1 12 10 1 1 1 1 1 1 1 1 1 1 1 12 10 1 1 1 10 1 1 1 1 1 1 1 1 1 1 1 1 12 10 1 12 10 1 8 1 7 1 1 12 10 8 1 7 1 1 12 9 10 12 9 1 8 1 8 1 100 8 8 8 8 8 8 8 8 8 8 8 8 8 8 8 8 8 8 8 8 8 8 8 8 1 1 12 10 1 100 12 10 1 100 10 1 100 1 1 1 1 1 1 1 1 1 1
staticfield org/jetbrains/kotlin/storage/LockBasedStorageManager PACKAGE_NAME Ljava/lang/String; "org.jetbrains.kotlin.storage"
staticfield org/jetbrains/kotlin/storage/LockBasedStorageManager NO_LOCKS Lorg/jetbrains/kotlin/storage/StorageManager; org/jetbrains/kotlin/storage/LockBasedStorageManager$1
staticfield org/jetbrains/kotlin/storage/LockBasedStorageManager $assertionsDisabled Z 1
ciInstanceKlass org/jetbrains/kotlin/storage/SimpleLock 1 1 39 1 7 1 100 1 1 1 3 3 3 1 1 3 1 1 1 1 1 1 1 1 1 1 7 1 1 1 1 1 12 9 12 9 1 1 1 1 1
staticfield org/jetbrains/kotlin/storage/SimpleLock Companion Lorg/jetbrains/kotlin/storage/SimpleLock$Companion; org/jetbrains/kotlin/storage/SimpleLock$Companion
ciInstanceKlass org/jetbrains/kotlin/storage/NotNullLazyValue 1 1 50 1 100 1 1 100 1 100 1 1 1 3 3 3 1 1 3 1 1 1 1 1 1 1 1 1 1 1 1 1 1 8 1 1 1 1 1 1 1 1 1 100 1 8 1 1 12 10 1 1
ciInstanceKlass org/jetbrains/kotlin/storage/NullableLazyValue 1 0 31 1 100 1 1 100 1 100 1 1 1 3 3 3 1 1 3 1 1 1 1 1 1 1 1 1 1 1 1 1 1
instanceKlass org/jetbrains/kotlin/storage/CancellableSimpleLock
ciInstanceKlass org/jetbrains/kotlin/storage/DefaultSimpleLock 1 1 66 1 7 1 7 1 100 1 1 1 3 3 3 1 1 3 1 1 1 1 1 1 1 1 1 1 1 1 1 1 1 8 1 7 1 1 12 10 1 12 10 12 9 1 1 1 7 10 1 7 12 10 12 11 12 11 12 10 1 1 1 1 1 1 1 1
ciInstanceKlass org/jetbrains/kotlin/storage/LockBasedStorageManager$NotValue 1 1 55 1 7 1 1 7 1 1 100 1 1 1 1 1 1 1 1 1 12 9 100 1 1 12 10 1 1 1 12 10 1 1 1 1 1 12 10 1 1 8 10 12 9 8 12 9 8 12 9 1 1 1 1 1 1
staticfield org/jetbrains/kotlin/storage/LockBasedStorageManager$NotValue NOT_COMPUTED Lorg/jetbrains/kotlin/storage/LockBasedStorageManager$NotValue; org/jetbrains/kotlin/storage/LockBasedStorageManager$NotValue
staticfield org/jetbrains/kotlin/storage/LockBasedStorageManager$NotValue COMPUTING Lorg/jetbrains/kotlin/storage/LockBasedStorageManager$NotValue; org/jetbrains/kotlin/storage/LockBasedStorageManager$NotValue
staticfield org/jetbrains/kotlin/storage/LockBasedStorageManager$NotValue RECURSION_WAS_DETECTED Lorg/jetbrains/kotlin/storage/LockBasedStorageManager$NotValue; org/jetbrains/kotlin/storage/LockBasedStorageManager$NotValue
staticfield org/jetbrains/kotlin/storage/LockBasedStorageManager$NotValue $VALUES [Lorg/jetbrains/kotlin/storage/LockBasedStorageManager$NotValue; 3 [Lorg/jetbrains/kotlin/storage/LockBasedStorageManager$NotValue;
ciInstanceKlass org/jetbrains/kotlin/utils/WrappedValues 1 1 115 1 7 1 100 1 1 100 1 1 7 1 1 7 1 1 1 1 1 1 12 10 1 1 1 1 1 1 1 1 1 12 10 12 9 1 1 1 1 1 1 1 12 10 1 1 1 1 12 10 12 10 1 1 12 10 12 9 1 100 1 1 12 10 1 12 10 1 100 1 1 12 10 1 1 10 1 8 1 8 1 100 1 100 8 8 8 8 8 8 8 1 1 12 10 1 100 1 12 10 1 100 10 1 100 1 1 1 1 1 1 1 1 1 1
staticfield org/jetbrains/kotlin/utils/WrappedValues NULL_VALUE Ljava/lang/Object; org/jetbrains/kotlin/utils/WrappedValues$1
ciInstanceKlass org/jetbrains/kotlin/utils/WrappedValues$ThrowableWrapper 0 0 75 1 100 1 100 1 1 100 1 1 100 1 1 1 1 1 1 1 12 10 1 12 10 12 9 1 1 1 1 1 100 1 1 12 10 1 12 10 1 1 1 1 8 1 8 1 100 1 100 8 8 8 8 1 1 12 10 1 100 1 12 10 1 100 10 1 100 1 1 1 1 1 1 1 1
ciInstanceKlass kotlin/_Assertions 1 1 55 1 7 1 7 1 1 12 10 1 1 1 1 1 10 1 12 9 1 1 12 10 1 7 1 1 12 10 1 1 12 9 1 1 1 1 3 3 3 1 1 3 1 1 1 1 1 1 1 1 1 1 1 1 1
staticfield kotlin/_Assertions INSTANCE Lkotlin/_Assertions; kotlin/_Assertions
staticfield kotlin/_Assertions ENABLED Z 0
ciInstanceKlass org/jetbrains/kotlin/types/model/KotlinTypeMarker 1 0 22 1 100 1 100 1 1 1 3 3 3 1 1 3 1 1 1 1 1 1 1 1
ciInstanceKlass kotlin/sequences/FlatteningSequence$iterator$1 1 1 124 1 7 1 1 7 1 7 1 100 1 1 1 1 1 12 9 1 12 10 1 7 1 1 12 10 1 7 1 1 12 11 1 12 9 1 1 1 1 1 1 1 1 1 1 12 9 1 1 1 1 1 1 1 1 1 12 10 1 100 10 1 7 1 1 12 10 12 11 1 12 11 1 1 12 10 1 12 10 1 7 1 1 12 11 1 1 1 1 1 100 1 8 1 12 10 1 1 1 1 1 3 3 3 1 1 3 1 1 1 1 1 1 1 1 1 1 1 1 1 1 1 1 1
ciInstanceKlass org/jetbrains/kotlin/storage/CancellableSimpleLock 1 1 101 1 7 1 7 1 1 1 3 3 3 1 1 3 1 1 1 1 1 1 1 1 1 1 1 1 1 1 1 1 1 1 1 1 1 8 1 7 1 1 12 10 8 8 1 12 10 12 9 12 9 1 1 1 7 1 12 10 1 7 12 10 1 100 1 1 12 10 5 0 1 7 1 1 12 9 1 1 12 11 1 100 1 12 11 1 100 1 1 12 11 1 1 1 1 1 1 1 1 1 1
ciInstanceKlass org/jetbrains/kotlin/descriptors/Named 1 0 11 1 100 1 100 1 1 1 1 1 1
ciInstanceKlass org/jetbrains/kotlin/descriptors/ValidateableDescriptor 1 1 14 1 100 1 100 1 1 1 1 1 1 1 1 1
instanceKlass org/jetbrains/kotlin/builtins/jvm/FallbackBuiltIns
instanceKlass org/jetbrains/kotlin/builtins/jvm/JvmBuiltIns
ciInstanceKlass org/jetbrains/kotlin/builtins/KotlinBuiltIns 1 1 1320 1 7 1 7 1 1 100 1 1 7 1 7 1 7 1 7 1 7 1 7 1 1 7 1 100 1 1 100 1 100 1 1 100 1 100 1 1 7 1 7 1 1 100 1 7 1 7 1 7 1 1 1 1 1 1 1 1 1 1 1 1 1 1 1 1 1 1 1 1 1 1 1 12 10 1 12 10 12 9 1 12 10 1 7 1 1 12 11 12 9 10 12 9 10 1 1 12 11 12 9 1 1 1 1 1 7 12 9 1 12 10 12 9 1 12 9 1 1 12 10 1 1 12 10 1 1 12 10 1 1 12 10 1 1 12 11 1 1 12 10 1 1 12 10 1 1 1 1 12 10 1 1 12 11 1 1 1 1 12 9 1 1 1 1 1 12 9 1 12 9 1 1 7 1 1 12 10 1 12 10 1 7 1 1 12 10 1 100 1 1 12 9 1 100 1 8 1 12 10 1 7 1 1 12 11 1 1 1 1 7 1 1 1 7 1 7 1 1 12 10 1 1 1 1 7 1 7 1 1 12 11 1 12 9 1 7 1 1 12 10 1 1 12 11 1 1 1 1 1 12 9 1 1 12 10 1 7 1 12 11 1 100 1 1 1 7 1 1 12 9 1 7 1 1 12 10 1 100 10 1 8 1 1 12 10 1 12 10 1 1 12 10 1 7 1 1 1 1 1 7 1 1 12 10 1 7 1 12 11 1 1 1 1 1 8 12 10 1 1 8 1 1 1 7 1 1 12 10 1 12 10 1 1 1 1 12 9 12 10 1 1 12 9 1 1 12 9 1 1 12 9 1 1 12 9 1 1 12 9 1 1 12 9 1 1 12 9 1 1 8 1 1 12 10 1 1 8 1 1 8 1 1 1 1 12 10 1 1 1 1 12 9 1 12 10 1 1 12 10 12 10 1 1 1 12 10 1 7 1 12 10 1 1 12 9 1 12 10 1 12 10 1 1 1 8 1 1 8 1 1 8 1 1 8 1 1 8 1 1 8 1 1 1 12 9 1 1 12 9 1 1 12 9 1 1 12 9 1 1 12 9 1 1 12 9 1 1 12 9 1 1 12 9 1 1 12 9 1 1 12 9 1 1 12 9 1 1 12 9 1 1 12 9 1 1 12 9 1 1 12 9 1 1 12 9 1 1 12 9 1 1 12 9 1 1 12 9 1 1 12 9 1 1 12 9 1 1 12 9 1 12 10 1 8 1 1 12 10 1 8 1 1 12 10 1 8 1 8 1 1 12 9 1 1 12 9 1 1 1 1 12 11 1 7 1 1 12 10 1 12 10 1 1 12 10 1 12 10 1 12 10 1 12 10 1 1 1 12 10 1 12 10 1 1 1 1 1 1 1 1 12 10 1 12 10 1 1 12 10 1 1 1 1 12 10 1 7 1 1 12 10 1 1 12 11 1 100 10 1 1 12 11 1 100 1 12 11 1 100 1 12 10 1 1 12 9 1 7 12 11 1 1 12 10 1 1 12 10 1 8 1 12 10 1 1 1 1 1 1 1 1 1 12 10 1 7 1 1 12 11 1 100 1 7 1 100 1 12 9 1 12 11 1 12 10 1 100 1 1 12 10 1 100 1 1 12 10 1 100 1 1 12 10 1 1 1 1 1 1 1 12 9 1 1 1 12 9 1 12 10 1 12 10 1 8 1 12 10 1 8 1 1 1 1 1 1 1 1 1 12 9 11 1 7 1 1 12 11 1 12 9 1 12 10 1 1 12 9 1 12 9 1 1 1 7 1 12 10 1 7 1 1 12 10 12 10 1 7 1 1 12 10 1 1 1 1 1 1 1 1 1 1 12 9 1 1 12 10 12 10 1 1 1 7 1 12 9 1 12 9 1 1 12 10 12 10 1 12 10 1 12 9 1 1 12 10 1 1 1 1 12 10 12 10 1 12 10 1 1 12 10 1 1 1 12 10 1 12 10 1 12 10 1 1 12 10 1 1 1 12 10 1 1 1 12 10 1 12 10 10 1 1 1 12 9 1 12 9 1 1 12 10 1 1 12 9 1 1 1 12 9 1 1 12 9 1 1 1 12 9 1 1 12 9 1 1 12 9 1 1 1 12 9 1 1 12 10 1 12 9 1 1 12 10 1 1 12 9 1 1 12 9 1 1 12 9 1 1 12 9 1 1 12 9 1 1 12 9 1 1 12 9 1 1 12 9 1 12 10 12 10 12 10 12 10 1 12 9 1 1 12 10 1 1 1 12 10 1 12 10 1 1 12 9 12 10 1 1 1 100 1 12 11 1 8 12 10 1 1 12 11 1 12 11 1 12 11 1 100 1 12 11 1 12 11 1 1 1 1 1 1 1 100 1 1 12 9 12 10 1 1 12 11 1 1 1 12 9 1 1 12 9 1 1 12 9 1 1 12 9 1 1 1 12 10 1 1 1 1 1 1 12 9 1 1 1 1 1 12 9 1 12 11 1 12 11 1 12 9 1 1 12 11 1 7 1 12 11 1 1 12 11 1 1 12 11 12 10 1 1 1 1 1 1 1 12 9 1 1 12 10 1 1 1 1 1 1 1 1 7 1 12 10 1 8 1 12 10 1 8 1 8 1 100 1 100 8 8 8 8 8 8 8 8 8 8 8 8 8 8 8 8 8 8 8 8 8 8 8 8 8 8 8 8 8 8 8 8 8 8 8 8 8 8 8 8 8 8 8 8 8 8 8 8 8 8 8 8 8 8 8 8 8 8 8 8 8 8 8 8 8 8 8 8 8 8 8 8 8 8 8 8 8 8 8 8 8 8 8 8 8 8 8 8 8 8 8 8 8 8 8 8 8 8 8 8 8 8 8 8 8 8 8 8 8 8 8 8 8 8 8 8 8 8 8 8 8 8 8 8 8 8 8 8 8 8 8 8 8 8 8 8 8 8 8 8 8 8 8 8 8 8 8 8 8 8 8 8 8 8 1 1 12 10 1 100 10 1 100 1 1 1 1 1 1 1 1 1 1
staticfield org/jetbrains/kotlin/builtins/KotlinBuiltIns BUILTINS_MODULE_NAME Lorg/jetbrains/kotlin/name/Name; org/jetbrains/kotlin/name/Name
staticfield org/jetbrains/kotlin/builtins/KotlinBuiltIns $assertionsDisabled Z 1
ciInstanceKlass org/jetbrains/kotlin/descriptors/annotations/Annotated 1 0 28 1 100 1 100 1 1 1 3 3 3 1 1 3 1 1 1 1 1 1 1 1 1 1 1 1 1 1
ciInstanceKlass org/jetbrains/kotlin/mpp/DeclarationSymbolMarker 1 0 22 1 100 1 100 1 1 1 3 3 3 1 1 3 1 1 1 1 1 1 1 1
ciInstanceKlass org/jetbrains/kotlin/descriptors/DeclarationDescriptor 1 0 42 1 100 1 100 1 100 1 100 1 100 1 100 1 1 1 1 1 1 1 1 1 1 1 1 1 1 1 1 100 1 8 1 1 12 10 1 1 1 8 1 1
ciInstanceKlass org/jetbrains/kotlin/descriptors/DeclarationDescriptorWithSource 1 1 49 1 100 1 100 1 100 1 1 1 1 1 1 1 12 11 1 1 1 1 1 1 1 1 100 1 8 1 1 12 10 1 1 1 8 1 1 1 8 1 1 1 8 1 1 1 8 1 1
ciInstanceKlass org/jetbrains/kotlin/descriptors/DeclarationDescriptorNonRoot 1 0 43 1 100 1 100 1 100 1 1 1 1 1 1 1 100 1 8 1 1 12 10 1 1 1 8 1 1 1 8 1 1 1 8 1 1 1 8 1 1 1 8 1 1
ciInstanceKlass org/jetbrains/kotlin/mpp/ClassifierSymbolMarker 1 0 24 1 100 1 100 1 100 1 1 1 3 3 3 1 1 3 1 1 1 1 1 1 1 1
ciInstanceKlass org/jetbrains/kotlin/descriptors/ClassifierDescriptor 1 1 58 1 100 1 100 1 100 1 100 1 1 1 1 1 1 1 1 1 12 11 1 1 1 1 1 1 1 1 1 100 1 8 1 1 12 10 1 1 1 8 1 1 1 8 1 1 1 8 1 1 1 8 1 1 1 8 1 1
ciInstanceKlass org/jetbrains/kotlin/descriptors/ModuleDescriptor 1 0 114 1 100 1 100 1 100 1 1 1 3 3 3 1 1 3 1 1 1 1 1 1 1 1 1 1 1 1 1 1 1 1 1 1 1 1 1 1 1 1 1 1 1 1 1 1 1 1 1 1 1 1 1 1 1 1 1 1 1 1 1 1 1 1 1 1 1 1 1 1 100 1 100 1 1 1 1 1 1 1 1 1 1 1 1 1 1 1 1 1 1 1 1 100 1 8 1 1 12 10 1 1 1 8 1 1 1 8 1 1 1 8 1 1
instanceKlass org/jetbrains/kotlin/types/WrappedType
instanceKlass org/jetbrains/kotlin/types/UnwrappedType
ciInstanceKlass org/jetbrains/kotlin/types/KotlinType 1 1 130 1 7 1 7 1 100 1 100 1 1 1 3 3 3 1 1 3 1 1 1 1 1 1 1 1 1 1 1 1 1 1 1 1 1 1 1 1 1 1 1 1 1 1 1 1 1 1 1 1 1 1 1 1 1 1 1 1 1 1 1 1 1 1 1 12 10 1 1 1 12 10 1 7 1 12 10 1 1 1 1 1 7 1 1 12 10 12 10 12 10 12 10 12 10 1 12 9 12 10 1 1 1 1 7 1 1 12 9 12 10 1 1 12 10 1 1 10 1 1 1 1 1 1 1 1 1 1 1 1
ciInstanceKlass org/jetbrains/kotlin/types/model/SimpleTypeMarker 1 0 24 1 100 1 100 1 100 1 1 1 3 3 3 1 1 3 1 1 1 1 1 1 1 1
ciInstanceKlass org/jetbrains/kotlin/types/model/TypeArgumentListMarker 1 0 22 1 100 1 100 1 1 1 3 3 3 1 1 3 1 1 1 1 1 1 1 1
instanceKlass org/jetbrains/kotlin/types/FlexibleType
instanceKlass org/jetbrains/kotlin/types/SimpleType
ciInstanceKlass org/jetbrains/kotlin/types/UnwrappedType 1 1 55 1 7 1 7 1 1 1 3 3 3 1 1 3 1 1 1 1 1 1 1 1 1 1 1 1 1 1 1 1 1 1 1 1 1 12 10 1 1 1 1 1 1 1 12 10 1 1 1 1 1 1 1 1 1
instanceKlass org/jetbrains/kotlin/resolve/calls/inference/CapturedType
instanceKlass org/jetbrains/kotlin/types/checker/NewCapturedType
instanceKlass org/jetbrains/kotlin/types/AbstractStubType
instanceKlass org/jetbrains/kotlin/types/SimpleTypeImpl
instanceKlass org/jetbrains/kotlin/types/DelegatingSimpleType
instanceKlass org/jetbrains/kotlin/types/error/ErrorType
ciInstanceKlass org/jetbrains/kotlin/types/SimpleType 1 1 162 1 7 1 7 1 100 1 100 1 1 1 3 3 3 1 1 3 1 1 1 1 1 1 1 1 1 1 1 1 1 1 1 1 1 1 1 1 1 12 10 1 1 1 1 1 1 1 1 7 12 10 1 1 12 10 1 7 1 1 12 11 1 7 1 1 12 11 1 1 12 11 1 100 1 100 1 8 1 100 1 1 12 9 1 1 12 10 1 8 1 100 1 1 12 10 1 1 12 10 1 12 10 1 1 12 10 1 7 1 12 11 1 100 1 100 1 8 1 100 1 8 1 8 1 100 1 1 12 10 1 12 10 1 8 1 12 10 12 10 1 8 1 7 1 1 12 10 1 1 1 1 1 1 1 1 1 1 1 1 1 1
instanceKlass org/jetbrains/kotlin/storage/LockBasedStorageManager$6
instanceKlass org/jetbrains/kotlin/storage/LockBasedStorageManager$LockBasedLazyValueWithPostCompute
instanceKlass org/jetbrains/kotlin/storage/LockBasedStorageManager$LockBasedNotNullLazyValue
ciInstanceKlass org/jetbrains/kotlin/storage/LockBasedStorageManager$LockBasedLazyValue 1 1 205 1 7 1 1 7 1 100 1 1 7 1 1 100 1 1 7 1 1 100 1 1 1 1 1 1 1 1 1 1 1 1 1 1 1 12 10 1 12 10 1 1 12 9 12 9 12 9 12 9 1 1 1 1 1 1 12 9 1 1 1 1 1 7 1 7 1 1 12 10 1 1 12 9 1 7 12 11 1 12 11 1 12 9 1 1 12 10 1 12 10 1 12 10 1 7 12 11 1 1 12 10 1 100 1 1 12 10 1 100 1 1 12 10 1 1 12 10 1 1 12 11 1 1 1 1 1 1 1 1 1 1 8 1 1 12 10 1 1 1 1 1 1 100 10 1 12 10 1 1 12 10 1 8 1 12 10 1 12 10 1 100 1 1 12 10 1 100 1 12 10 1 8 1 8 1 100 8 8 8 8 8 8 1 1 12 10 1 100 1 12 10 1 100 10 1 1 1 1 1 1 1 1 1 1
instanceKlass org/jetbrains/kotlin/storage/LockBasedStorageManager$4
instanceKlass org/jetbrains/kotlin/storage/LockBasedStorageManager$3
ciInstanceKlass org/jetbrains/kotlin/storage/LockBasedStorageManager$LockBasedNotNullLazyValue 1 1 97 1 7 1 1 7 1 100 1 1 7 1 1 1 1 1 1 1 1 1 1 12 10 12 10 1 1 1 1 1 1 1 1 1 1 1 12 10 12 9 1 100 1 8 1 12 10 1 100 1 1 1 1 1 1 7 1 1 12 10 1 8 1 8 1 100 1 100 8 8 8 8 8 1 1 12 10 1 100 1 12 10 1 100 10 1 100 1 1 1 1 1 1 1 1 1 1
staticfield org/jetbrains/kotlin/storage/LockBasedStorageManager$LockBasedNotNullLazyValue $assertionsDisabled Z 1
instanceKlass org/jetbrains/kotlin/descriptors/impl/FieldDescriptorImpl
instanceKlass org/jetbrains/kotlin/descriptors/impl/DeclarationDescriptorImpl
ciInstanceKlass org/jetbrains/kotlin/descriptors/annotations/AnnotatedImpl 1 1 61 1 7 1 7 1 100 1 1 1 1 1 1 1 1 12 10 1 12 10 12 9 1 1 1 1 1 100 1 8 1 8 1 100 1 100 8 8 8 8 1 1 12 10 1 100 1 12 10 1 100 10 1 100 1 1 1 1 1 1 1
instanceKlass org/jetbrains/kotlin/descriptors/impl/AbstractReceiverParameterDescriptor
instanceKlass org/jetbrains/kotlin/descriptors/impl/LazyPackageViewDescriptorImpl
instanceKlass org/jetbrains/kotlin/descriptors/impl/DeclarationDescriptorNonRootImpl
instanceKlass org/jetbrains/kotlin/descriptors/impl/ModuleDescriptorImpl
ciInstanceKlass org/jetbrains/kotlin/descriptors/impl/DeclarationDescriptorImpl 1 1 162 1 7 1 7 1 100 1 1 1 1 1 1 1 1 12 10 1 12 10 12 9 1 1 1 1 1 1 1 100 1 1 1 1 1 1 1 12 10 1 1 1 1 1 1 12 10 1 7 1 7 1 12 10 1 7 1 1 12 9 1 12 10 1 1 12 10 1 8 1 7 1 1 12 10 1 7 1 12 10 1 8 1 7 1 1 12 10 1 7 1 1 12 10 1 8 12 10 1 100 1 8 12 11 1 12 10 1 1 1 1 1 8 1 8 1 100 8 8 8 8 8 8 8 8 1 1 12 10 1 100 1 12 10 1 100 10 1 100 1 1 1 1 1 1 1 1 1 1 100 1 8 1 1 12 10 1 1 1 8 1 1
ciInstanceKlass org/jetbrains/kotlin/descriptors/annotations/Annotations 1 1 75 1 7 1 1 100 1 100 1 100 1 1 1 3 3 3 1 1 3 1 1 1 1 1 1 1 1 1 1 1 1 1 1 1 1 7 1 100 1 1 1 1 1 1 1 1 1 1 1 1 1 1 1 12 9 12 9 1 1 1 1 1 1 1 1 1 100 1 8 1 1 12 10 1 1
staticfield org/jetbrains/kotlin/descriptors/annotations/Annotations Companion Lorg/jetbrains/kotlin/descriptors/annotations/Annotations$Companion; org/jetbrains/kotlin/descriptors/annotations/Annotations$Companion
ciInstanceKlass org/jetbrains/kotlin/descriptors/annotations/Annotations$Companion 1 1 77 1 7 1 7 1 1 1 3 3 3 1 1 3 1 1 1 1 1 1 1 1 1 1 1 1 1 1 1 7 1 1 7 1 1 1 12 10 1 12 9 1 1 8 1 7 1 1 12 10 1 7 1 1 12 11 1 7 1 12 10 1 1 10 12 9 10 1 1 1 1 1 1 1 1 1 1
staticfield org/jetbrains/kotlin/descriptors/annotations/Annotations$Companion $$INSTANCE Lorg/jetbrains/kotlin/descriptors/annotations/Annotations$Companion; org/jetbrains/kotlin/descriptors/annotations/Annotations$Companion
staticfield org/jetbrains/kotlin/descriptors/annotations/Annotations$Companion EMPTY Lorg/jetbrains/kotlin/descriptors/annotations/Annotations; org/jetbrains/kotlin/descriptors/annotations/Annotations$Companion$EMPTY$1
ciInstanceKlass org/jetbrains/kotlin/descriptors/annotations/Annotations$Companion$EMPTY$1 1 1 96 1 7 1 7 1 100 1 1 100 1 1 3 3 3 1 1 3 1 1 1 1 1 1 1 1 1 1 1 1 1 1 1 7 1 1 1 12 10 1 1 1 1 1 1 8 1 7 1 1 12 10 1 1 1 7 1 1 12 10 1 7 12 11 1 1 8 1 1 1 12 10 1 1 1 1 1 1 12 10 1 12 10 1 100 1 1 1 1 1 1 1 1 1 1 1
ciInstanceKlass org/jetbrains/kotlin/builtins/StandardNames$FqNames 1 1 634 1 7 1 7 1 1 1 3 3 3 1 1 3 1 1 1 1 1 1 1 1 1 1 1 1 1 1 1 1 1 1 1 1 1 1 1 1 1 1 1 1 1 1 1 1 1 1 1 1 1 1 1 1 1 1 1 1 1 1 1 1 1 1 1 1 1 1 1 1 1 1 1 1 1 1 1 1 1 1 1 1 1 1 1 1 1 1 1 1 1 1 1 1 1 1 1 1 1 1 1 1 1 1 1 1 1 1 1 1 1 1 1 1 1 1 1 1 1 1 1 1 1 1 1 1 1 7 1 1 1 1 1 1 1 1 1 12 10 1 1 1 12 10 1 7 1 1 12 10 1 8 1 7 1 1 12 10 1 1 12 9 1 7 1 1 12 10 1 1 12 10 1 8 1 12 9 1 12 9 1 8 1 12 10 1 12 9 1 12 9 1 12 9 1 10 12 9 1 8 12 10 12 9 1 8 12 9 1 8 12 9 1 8 12 9 1 8 12 9 1 8 12 9 1 8 12 9 1 8 12 9 1 8 12 9 1 8 12 9 1 8 12 9 1 8 12 9 1 8 12 9 1 8 12 9 1 8 12 9 1 8 12 9 1 8 12 9 1 8 12 9 1 8 12 9 1 8 12 9 1 8 12 9 1 8 12 10 12 9 1 8 12 9 1 8 12 9 1 8 12 9 1 8 12 9 1 8 12 9 1 8 12 9 1 8 12 9 1 8 12 9 1 7 1 1 12 10 1 8 12 9 1 8 12 9 1 8 12 10 12 9 12 9 1 8 12 9 1 8 12 9 1 8 12 9 12 9 1 8 12 9 12 9 1 8 12 9 1 8 12 9 1 8 12 9 1 8 12 10 12 9 1 8 12 10 12 9 1 8 12 9 1 8 12 9 1 8 12 9 1 8 12 9 1 8 12 9 1 8 12 9 1 8 12 9 1 8 12 9 1 8 12 9 1 8 12 9 1 8 12 9 1 8 12 9 1 8 12 9 1 8 12 9 1 8 12 9 1 8 12 10 12 9 1 8 12 9 1 8 12 9 1 8 12 9 1 8 12 9 1 8 12 9 1 8 12 9 1 8 12 9 1 8 12 9 1 8 12 9 1 8 12 9 1 7 1 1 12 10 12 9 1 8 12 9 1 8 12 9 1 8 12 9 1 8 12 9 1 8 12 9 12 9 12 9 12 9 12 9 1 8 12 9 1 8 12 9 1 8 12 9 1 8 12 9 1 7 1 1 12 10 1 7 1 1 12 10 1 100 1 100 1 7 1 1 12 10 1 1 12 11 1 7 12 9 1 12 10 12 9 1 1 12 10 1 100 1 7 1 1 12 10 1 8 1 1 12 11 12 9 12 9 1 1 1 1 1 1 1 1 1 1 1 1 1 1 1 1 1 1 1 1 1 1 1 1 1 1 1 1 1 1 1
staticfield org/jetbrains/kotlin/builtins/StandardNames$FqNames INSTANCE Lorg/jetbrains/kotlin/builtins/StandardNames$FqNames; org/jetbrains/kotlin/builtins/StandardNames$FqNames
staticfield org/jetbrains/kotlin/builtins/StandardNames$FqNames any Lorg/jetbrains/kotlin/name/FqNameUnsafe; org/jetbrains/kotlin/name/FqNameUnsafe
staticfield org/jetbrains/kotlin/builtins/StandardNames$FqNames nothing Lorg/jetbrains/kotlin/name/FqNameUnsafe; org/jetbrains/kotlin/name/FqNameUnsafe
staticfield org/jetbrains/kotlin/builtins/StandardNames$FqNames cloneable Lorg/jetbrains/kotlin/name/FqNameUnsafe; org/jetbrains/kotlin/name/FqNameUnsafe
staticfield org/jetbrains/kotlin/builtins/StandardNames$FqNames suppress Lorg/jetbrains/kotlin/name/FqName; org/jetbrains/kotlin/name/FqName
staticfield org/jetbrains/kotlin/builtins/StandardNames$FqNames unit Lorg/jetbrains/kotlin/name/FqNameUnsafe; org/jetbrains/kotlin/name/FqNameUnsafe
staticfield org/jetbrains/kotlin/builtins/StandardNames$FqNames charSequence Lorg/jetbrains/kotlin/name/FqNameUnsafe; org/jetbrains/kotlin/name/FqNameUnsafe
staticfield org/jetbrains/kotlin/builtins/StandardNames$FqNames string Lorg/jetbrains/kotlin/name/FqNameUnsafe; org/jetbrains/kotlin/name/FqNameUnsafe
staticfield org/jetbrains/kotlin/builtins/StandardNames$FqNames array Lorg/jetbrains/kotlin/name/FqNameUnsafe; org/jetbrains/kotlin/name/FqNameUnsafe
staticfield org/jetbrains/kotlin/builtins/StandardNames$FqNames _boolean Lorg/jetbrains/kotlin/name/FqNameUnsafe; org/jetbrains/kotlin/name/FqNameUnsafe
staticfield org/jetbrains/kotlin/builtins/StandardNames$FqNames _char Lorg/jetbrains/kotlin/name/FqNameUnsafe; org/jetbrains/kotlin/name/FqNameUnsafe
staticfield org/jetbrains/kotlin/builtins/StandardNames$FqNames _byte Lorg/jetbrains/kotlin/name/FqNameUnsafe; org/jetbrains/kotlin/name/FqNameUnsafe
staticfield org/jetbrains/kotlin/builtins/StandardNames$FqNames _short Lorg/jetbrains/kotlin/name/FqNameUnsafe; org/jetbrains/kotlin/name/FqNameUnsafe
staticfield org/jetbrains/kotlin/builtins/StandardNames$FqNames _int Lorg/jetbrains/kotlin/name/FqNameUnsafe; org/jetbrains/kotlin/name/FqNameUnsafe
staticfield org/jetbrains/kotlin/builtins/StandardNames$FqNames _long Lorg/jetbrains/kotlin/name/FqNameUnsafe; org/jetbrains/kotlin/name/FqNameUnsafe
staticfield org/jetbrains/kotlin/builtins/StandardNames$FqNames _float Lorg/jetbrains/kotlin/name/FqNameUnsafe; org/jetbrains/kotlin/name/FqNameUnsafe
staticfield org/jetbrains/kotlin/builtins/StandardNames$FqNames _double Lorg/jetbrains/kotlin/name/FqNameUnsafe; org/jetbrains/kotlin/name/FqNameUnsafe
staticfield org/jetbrains/kotlin/builtins/StandardNames$FqNames number Lorg/jetbrains/kotlin/name/FqNameUnsafe; org/jetbrains/kotlin/name/FqNameUnsafe
staticfield org/jetbrains/kotlin/builtins/StandardNames$FqNames _enum Lorg/jetbrains/kotlin/name/FqNameUnsafe; org/jetbrains/kotlin/name/FqNameUnsafe
staticfield org/jetbrains/kotlin/builtins/StandardNames$FqNames functionSupertype Lorg/jetbrains/kotlin/name/FqNameUnsafe; org/jetbrains/kotlin/name/FqNameUnsafe
staticfield org/jetbrains/kotlin/builtins/StandardNames$FqNames throwable Lorg/jetbrains/kotlin/name/FqName; org/jetbrains/kotlin/name/FqName
staticfield org/jetbrains/kotlin/builtins/StandardNames$FqNames comparable Lorg/jetbrains/kotlin/name/FqName; org/jetbrains/kotlin/name/FqName
staticfield org/jetbrains/kotlin/builtins/StandardNames$FqNames intRange Lorg/jetbrains/kotlin/name/FqNameUnsafe; org/jetbrains/kotlin/name/FqNameUnsafe
staticfield org/jetbrains/kotlin/builtins/StandardNames$FqNames longRange Lorg/jetbrains/kotlin/name/FqNameUnsafe; org/jetbrains/kotlin/name/FqNameUnsafe
staticfield org/jetbrains/kotlin/builtins/StandardNames$FqNames deprecated Lorg/jetbrains/kotlin/name/FqName; org/jetbrains/kotlin/name/FqName
staticfield org/jetbrains/kotlin/builtins/StandardNames$FqNames deprecatedSinceKotlin Lorg/jetbrains/kotlin/name/FqName; org/jetbrains/kotlin/name/FqName
staticfield org/jetbrains/kotlin/builtins/StandardNames$FqNames deprecationLevel Lorg/jetbrains/kotlin/name/FqName; org/jetbrains/kotlin/name/FqName
staticfield org/jetbrains/kotlin/builtins/StandardNames$FqNames replaceWith Lorg/jetbrains/kotlin/name/FqName; org/jetbrains/kotlin/name/FqName
staticfield org/jetbrains/kotlin/builtins/StandardNames$FqNames extensionFunctionType Lorg/jetbrains/kotlin/name/FqName; org/jetbrains/kotlin/name/FqName
staticfield org/jetbrains/kotlin/builtins/StandardNames$FqNames contextFunctionTypeParams Lorg/jetbrains/kotlin/name/FqName; org/jetbrains/kotlin/name/FqName
staticfield org/jetbrains/kotlin/builtins/StandardNames$FqNames parameterName Lorg/jetbrains/kotlin/name/FqName; org/jetbrains/kotlin/name/FqName
staticfield org/jetbrains/kotlin/builtins/StandardNames$FqNames parameterNameClassId Lorg/jetbrains/kotlin/name/ClassId; org/jetbrains/kotlin/name/ClassId
staticfield org/jetbrains/kotlin/builtins/StandardNames$FqNames annotation Lorg/jetbrains/kotlin/name/FqName; org/jetbrains/kotlin/name/FqName
staticfield org/jetbrains/kotlin/builtins/StandardNames$FqNames target Lorg/jetbrains/kotlin/name/FqName; org/jetbrains/kotlin/name/FqName
staticfield org/jetbrains/kotlin/builtins/StandardNames$FqNames targetClassId Lorg/jetbrains/kotlin/name/ClassId; org/jetbrains/kotlin/name/ClassId
staticfield org/jetbrains/kotlin/builtins/StandardNames$FqNames annotationTarget Lorg/jetbrains/kotlin/name/FqName; org/jetbrains/kotlin/name/FqName
staticfield org/jetbrains/kotlin/builtins/StandardNames$FqNames annotationRetention Lorg/jetbrains/kotlin/name/FqName; org/jetbrains/kotlin/name/FqName
staticfield org/jetbrains/kotlin/builtins/StandardNames$FqNames retention Lorg/jetbrains/kotlin/name/FqName; org/jetbrains/kotlin/name/FqName
staticfield org/jetbrains/kotlin/builtins/StandardNames$FqNames retentionClassId Lorg/jetbrains/kotlin/name/ClassId; org/jetbrains/kotlin/name/ClassId
staticfield org/jetbrains/kotlin/builtins/StandardNames$FqNames repeatable Lorg/jetbrains/kotlin/name/FqName; org/jetbrains/kotlin/name/FqName
staticfield org/jetbrains/kotlin/builtins/StandardNames$FqNames repeatableClassId Lorg/jetbrains/kotlin/name/ClassId; org/jetbrains/kotlin/name/ClassId
staticfield org/jetbrains/kotlin/builtins/StandardNames$FqNames mustBeDocumented Lorg/jetbrains/kotlin/name/FqName; org/jetbrains/kotlin/name/FqName
staticfield org/jetbrains/kotlin/builtins/StandardNames$FqNames unsafeVariance Lorg/jetbrains/kotlin/name/FqName; org/jetbrains/kotlin/name/FqName
staticfield org/jetbrains/kotlin/builtins/StandardNames$FqNames publishedApi Lorg/jetbrains/kotlin/name/FqName; org/jetbrains/kotlin/name/FqName
staticfield org/jetbrains/kotlin/builtins/StandardNames$FqNames accessibleLateinitPropertyLiteral Lorg/jetbrains/kotlin/name/FqName; org/jetbrains/kotlin/name/FqName
staticfield org/jetbrains/kotlin/builtins/StandardNames$FqNames iterator Lorg/jetbrains/kotlin/name/FqName; org/jetbrains/kotlin/name/FqName
staticfield org/jetbrains/kotlin/builtins/StandardNames$FqNames iterable Lorg/jetbrains/kotlin/name/FqName; org/jetbrains/kotlin/name/FqName
staticfield org/jetbrains/kotlin/builtins/StandardNames$FqNames collection Lorg/jetbrains/kotlin/name/FqName; org/jetbrains/kotlin/name/FqName
staticfield org/jetbrains/kotlin/builtins/StandardNames$FqNames list Lorg/jetbrains/kotlin/name/FqName; org/jetbrains/kotlin/name/FqName
staticfield org/jetbrains/kotlin/builtins/StandardNames$FqNames listIterator Lorg/jetbrains/kotlin/name/FqName; org/jetbrains/kotlin/name/FqName
staticfield org/jetbrains/kotlin/builtins/StandardNames$FqNames set Lorg/jetbrains/kotlin/name/FqName; org/jetbrains/kotlin/name/FqName
staticfield org/jetbrains/kotlin/builtins/StandardNames$FqNames map Lorg/jetbrains/kotlin/name/FqName; org/jetbrains/kotlin/name/FqName
staticfield org/jetbrains/kotlin/builtins/StandardNames$FqNames mapEntry Lorg/jetbrains/kotlin/name/FqName; org/jetbrains/kotlin/name/FqName
staticfield org/jetbrains/kotlin/builtins/StandardNames$FqNames mutableIterator Lorg/jetbrains/kotlin/name/FqName; org/jetbrains/kotlin/name/FqName
staticfield org/jetbrains/kotlin/builtins/StandardNames$FqNames mutableIterable Lorg/jetbrains/kotlin/name/FqName; org/jetbrains/kotlin/name/FqName
staticfield org/jetbrains/kotlin/builtins/StandardNames$FqNames mutableCollection Lorg/jetbrains/kotlin/name/FqName; org/jetbrains/kotlin/name/FqName
staticfield org/jetbrains/kotlin/builtins/StandardNames$FqNames mutableList Lorg/jetbrains/kotlin/name/FqName; org/jetbrains/kotlin/name/FqName
staticfield org/jetbrains/kotlin/builtins/StandardNames$FqNames mutableListIterator Lorg/jetbrains/kotlin/name/FqName; org/jetbrains/kotlin/name/FqName
staticfield org/jetbrains/kotlin/builtins/StandardNames$FqNames mutableSet Lorg/jetbrains/kotlin/name/FqName; org/jetbrains/kotlin/name/FqName
staticfield org/jetbrains/kotlin/builtins/StandardNames$FqNames mutableMap Lorg/jetbrains/kotlin/name/FqName; org/jetbrains/kotlin/name/FqName
staticfield org/jetbrains/kotlin/builtins/StandardNames$FqNames mutableMapEntry Lorg/jetbrains/kotlin/name/FqName; org/jetbrains/kotlin/name/FqName
staticfield org/jetbrains/kotlin/builtins/StandardNames$FqNames kClass Lorg/jetbrains/kotlin/name/FqNameUnsafe; org/jetbrains/kotlin/name/FqNameUnsafe
staticfield org/jetbrains/kotlin/builtins/StandardNames$FqNames kType Lorg/jetbrains/kotlin/name/FqNameUnsafe; org/jetbrains/kotlin/name/FqNameUnsafe
staticfield org/jetbrains/kotlin/builtins/StandardNames$FqNames kCallable Lorg/jetbrains/kotlin/name/FqNameUnsafe; org/jetbrains/kotlin/name/FqNameUnsafe
staticfield org/jetbrains/kotlin/builtins/StandardNames$FqNames kProperty0 Lorg/jetbrains/kotlin/name/FqNameUnsafe; org/jetbrains/kotlin/name/FqNameUnsafe
staticfield org/jetbrains/kotlin/builtins/StandardNames$FqNames kProperty1 Lorg/jetbrains/kotlin/name/FqNameUnsafe; org/jetbrains/kotlin/name/FqNameUnsafe
staticfield org/jetbrains/kotlin/builtins/StandardNames$FqNames kProperty2 Lorg/jetbrains/kotlin/name/FqNameUnsafe; org/jetbrains/kotlin/name/FqNameUnsafe
staticfield org/jetbrains/kotlin/builtins/StandardNames$FqNames kMutableProperty0 Lorg/jetbrains/kotlin/name/FqNameUnsafe; org/jetbrains/kotlin/name/FqNameUnsafe
staticfield org/jetbrains/kotlin/builtins/StandardNames$FqNames kMutableProperty1 Lorg/jetbrains/kotlin/name/FqNameUnsafe; org/jetbrains/kotlin/name/FqNameUnsafe
staticfield org/jetbrains/kotlin/builtins/StandardNames$FqNames kMutableProperty2 Lorg/jetbrains/kotlin/name/FqNameUnsafe; org/jetbrains/kotlin/name/FqNameUnsafe
staticfield org/jetbrains/kotlin/builtins/StandardNames$FqNames kPropertyFqName Lorg/jetbrains/kotlin/name/FqNameUnsafe; org/jetbrains/kotlin/name/FqNameUnsafe
staticfield org/jetbrains/kotlin/builtins/StandardNames$FqNames kMutablePropertyFqName Lorg/jetbrains/kotlin/name/FqNameUnsafe; org/jetbrains/kotlin/name/FqNameUnsafe
staticfield org/jetbrains/kotlin/builtins/StandardNames$FqNames kProperty Lorg/jetbrains/kotlin/name/ClassId; org/jetbrains/kotlin/name/ClassId
staticfield org/jetbrains/kotlin/builtins/StandardNames$FqNames kDeclarationContainer Lorg/jetbrains/kotlin/name/FqNameUnsafe; org/jetbrains/kotlin/name/FqNameUnsafe
staticfield org/jetbrains/kotlin/builtins/StandardNames$FqNames uByteFqName Lorg/jetbrains/kotlin/name/FqName; org/jetbrains/kotlin/name/FqName
staticfield org/jetbrains/kotlin/builtins/StandardNames$FqNames uShortFqName Lorg/jetbrains/kotlin/name/FqName; org/jetbrains/kotlin/name/FqName
staticfield org/jetbrains/kotlin/builtins/StandardNames$FqNames uIntFqName Lorg/jetbrains/kotlin/name/FqName; org/jetbrains/kotlin/name/FqName
staticfield org/jetbrains/kotlin/builtins/StandardNames$FqNames uLongFqName Lorg/jetbrains/kotlin/name/FqName; org/jetbrains/kotlin/name/FqName
staticfield org/jetbrains/kotlin/builtins/StandardNames$FqNames uByte Lorg/jetbrains/kotlin/name/ClassId; org/jetbrains/kotlin/name/ClassId
staticfield org/jetbrains/kotlin/builtins/StandardNames$FqNames uShort Lorg/jetbrains/kotlin/name/ClassId; org/jetbrains/kotlin/name/ClassId
staticfield org/jetbrains/kotlin/builtins/StandardNames$FqNames uInt Lorg/jetbrains/kotlin/name/ClassId; org/jetbrains/kotlin/name/ClassId
staticfield org/jetbrains/kotlin/builtins/StandardNames$FqNames uLong Lorg/jetbrains/kotlin/name/ClassId; org/jetbrains/kotlin/name/ClassId
staticfield org/jetbrains/kotlin/builtins/StandardNames$FqNames uByteArrayFqName Lorg/jetbrains/kotlin/name/FqName; org/jetbrains/kotlin/name/FqName
staticfield org/jetbrains/kotlin/builtins/StandardNames$FqNames uShortArrayFqName Lorg/jetbrains/kotlin/name/FqName; org/jetbrains/kotlin/name/FqName
staticfield org/jetbrains/kotlin/builtins/StandardNames$FqNames uIntArrayFqName Lorg/jetbrains/kotlin/name/FqName; org/jetbrains/kotlin/name/FqName
staticfield org/jetbrains/kotlin/builtins/StandardNames$FqNames uLongArrayFqName Lorg/jetbrains/kotlin/name/FqName; org/jetbrains/kotlin/name/FqName
staticfield org/jetbrains/kotlin/builtins/StandardNames$FqNames primitiveTypeShortNames Ljava/util/Set; java/util/HashSet
staticfield org/jetbrains/kotlin/builtins/StandardNames$FqNames primitiveArrayTypeShortNames Ljava/util/Set; java/util/HashSet
staticfield org/jetbrains/kotlin/builtins/StandardNames$FqNames fqNameToPrimitiveType Ljava/util/Map; java/util/HashMap
staticfield org/jetbrains/kotlin/builtins/StandardNames$FqNames arrayClassFqNameToPrimitiveType Ljava/util/Map; java/util/HashMap
ciInstanceKlass org/jetbrains/kotlin/descriptors/ClassOrPackageFragmentDescriptor 1 0 43 1 100 1 100 1 100 1 1 1 100 1 8 1 1 12 10 1 1 1 8 1 1 1 8 1 1 1 8 1 1 1 8 1 1 1 8 1 1 1 8 1 1
instanceKlass org/jetbrains/kotlin/descriptors/impl/PropertyAccessorDescriptorImpl
instanceKlass org/jetbrains/kotlin/descriptors/impl/AbstractTypeAliasDescriptor
instanceKlass org/jetbrains/kotlin/descriptors/impl/AbstractTypeParameterDescriptor
instanceKlass org/jetbrains/kotlin/descriptors/impl/VariableDescriptorImpl
instanceKlass org/jetbrains/kotlin/descriptors/impl/FunctionDescriptorImpl
instanceKlass org/jetbrains/kotlin/descriptors/impl/PackageFragmentDescriptorImpl
ciInstanceKlass org/jetbrains/kotlin/descriptors/impl/DeclarationDescriptorNonRootImpl 1 1 102 1 7 1 7 1 100 1 1 1 1 1 1 1 1 1 1 12 10 1 12 10 12 9 12 9 1 1 1 1 1 1 1 1 1 12 10 1 7 1 1 100 1 1 1 100 1 1 12 11 12 10 1 8 1 8 1 100 1 100 1 100 8 8 8 8 8 8 8 8 8 1 1 12 10 1 100 1 12 10 1 100 10 1 100 1 1 1 1 1 1 1 1 100 1 8 1 1 12 10 1 1
ciInstanceKlass org/jetbrains/kotlin/descriptors/DeclarationDescriptorWithVisibility 1 0 42 1 100 1 100 1 100 1 1 1 1 1 1 1 100 1 8 1 1 12 10 1 1 1 8 1 1 1 8 1 1 1 8 1 1 8 1 1 1 8 1 1
ciInstanceKlass org/jetbrains/kotlin/descriptors/MemberDescriptor 1 0 55 1 100 1 100 1 100 1 100 1 1 1 1 1 1 1 1 1 1 1 1 1 100 1 8 1 1 12 10 1 1 1 8 1 1 1 8 1 1 1 8 1 1 1 8 1 1 1 8 1 1 1 8 1 1
ciInstanceKlass org/jetbrains/kotlin/descriptors/Substitutable 1 0 34 1 100 1 1 100 1 1 1 3 3 3 1 1 3 1 1 1 1 1 1 1 1 1 1 1 1 1 1 1 1 1 1 1
ciInstanceKlass org/jetbrains/kotlin/mpp/ClassLikeSymbolMarker 1 0 24 1 100 1 100 1 100 1 1 1 3 3 3 1 1 3 1 1 1 1 1 1 1 1
ciInstanceKlass org/jetbrains/kotlin/descriptors/ClassifierDescriptorWithTypeParameters 1 0 93 1 100 1 1 100 1 100 1 100 1 100 1 100 1 100 1 100 1 1 1 1 1 1 1 1 1 1 1 1 100 1 8 1 1 12 10 1 1 1 8 1 1 1 8 1 1 1 8 1 1 1 8 1 1 1 8 1 1 1 8 1 1 1 8 1 1 1 8 1 1 1 8 1 1 1 8 1 1 1 8 1 1 1 8 1 1 8 1 1 8 1 1
ciInstanceKlass org/jetbrains/kotlin/mpp/RegularClassSymbolMarker 1 0 24 1 100 1 100 1 100 1 1 1 3 3 3 1 1 3 1 1 1 1 1 1 1 1
ciInstanceKlass org/jetbrains/kotlin/descriptors/ClassDescriptor 1 1 121 1 100 1 100 1 100 1 100 1 100 1 1 1 1 1 1 1 1 1 1 1 1 1 1 1 1 1 1 1 1 1 1 1 1 1 1 1 1 1 1 1 1 1 1 1 1 1 1 1 1 1 1 1 1 1 1 1 1 1 1 1 12 11 1 1 1 1 1 1 1 1 1 1 1 100 1 8 1 1 12 10 1 1 1 8 1 1 1 8 1 1 1 8 1 1 1 8 1 1 1 8 1 1 1 8 1 1 1 8 1 1 8 1 1 8 1 1 8 1 1
instanceKlass org/jetbrains/kotlin/builtins/functions/FunctionClassDescriptor
instanceKlass org/jetbrains/kotlin/serialization/deserialization/descriptors/DeserializedClassDescriptor
instanceKlass org/jetbrains/kotlin/descriptors/impl/ClassDescriptorBase
ciInstanceKlass org/jetbrains/kotlin/descriptors/impl/AbstractClassDescriptor 1 1 384 1 7 1 7 1 1 7 1 7 1 7 1 1 1 1 1 1 1 1 1 1 1 1 1 1 1 1 12 10 1 12 10 12 9 1 12 10 1 7 1 1 12 11 12 9 10 12 9 10 12 9 1 1 1 1 1 1 1 100 1 1 1 1 1 7 1 1 12 11 1 7 1 1 1 7 1 1 1 1 7 1 12 10 1 100 1 1 1 12 9 1 1 12 11 1 1 12 10 1 100 1 12 11 1 100 1 100 10 1 8 1 1 12 10 1 12 10 1 8 1 8 1 12 10 1 8 1 1 12 10 1 12 10 1 1 12 11 1 1 12 10 1 100 1 100 1 1 12 10 1 7 1 1 12 10 1 7 1 12 10 1 1 1 1 1 1 1 1 10 1 7 1 12 10 1 1 1 1 1 7 1 1 12 10 1 7 1 1 12 10 12 10 1 12 10 1 1 10 1 100 1 12 10 1 1 1 7 1 1 1 1 100 1 1 12 11 1 1 1 1 1 1 1 1 1 1 1 1 1 1 12 10 1 1 1 12 10 1 1 7 1 12 10 1 8 1 8 1 100 1 100 1 100 8 8 8 8 8 8 8 8 8 8 8 8 8 8 8 8 8 1 1 12 10 1 100 1 12 10 1 100 10 1 100 1 1 1 1 1 1 1 1 1 1 1 100 1 8 1 1 12 10 1 1 1 8 1 1 1 8 1 1 1 8 1 1 1 8 1 1 1 8 1 1 1 8 1 1 8 1 1 1 8 1 1 8 1 1 8 1 1 8 1 1 8 1 1 8 1 1 1 8 1 1 1 8 1 1 8 1 1 8 1 1 1 8 1 1 1 8 1 1 1 8 1 1 1 8 1 1 1 8 1
staticfield org/jetbrains/kotlin/descriptors/impl/AbstractClassDescriptor $assertionsDisabled Z 1
ciInstanceKlass org/jetbrains/kotlin/types/model/TypeConstructorMarker 1 0 22 1 100 1 100 1 1 1 3 3 3 1 1 3 1 1 1 1 1 1 1 1
ciInstanceKlass org/jetbrains/kotlin/types/TypeConstructor 1 0 31 1 100 1 100 1 100 1 1 1 1 1 1 1 1 1 1 1 1 1 1 1 1 1 1 1 1 1 1 1 1
instanceKlass org/jetbrains/kotlin/types/AbstractTypeConstructor
ciInstanceKlass org/jetbrains/kotlin/types/ClassifierBasedTypeConstructor 1 1 149 1 7 1 7 1 7 1 1 1 3 3 3 1 1 3 1 1 1 1 1 1 1 1 1 1 1 1 1 1 1 1 1 1 1 1 1 1 1 1 1 12 10 1 1 1 1 12 9 12 10 1 12 10 1 7 1 7 1 1 12 10 1 7 12 10 1 100 1 1 12 10 1 1 1 1 1 1 10 10 1 1 12 11 1 7 1 12 11 10 11 1 7 12 10 1 1 1 1 8 1 7 1 1 12 10 8 1 1 12 11 1 1 12 10 1 1 12 11 1 7 1 7 1 12 11 11 11 1 1 1 1 7 1 1 12 10 1 12 10 1 1 1 1 1 1 1 1 1
instanceKlass org/jetbrains/kotlin/descriptors/impl/AbstractTypeParameterDescriptor$TypeParameterTypeConstructor
instanceKlass org/jetbrains/kotlin/types/AbstractClassTypeConstructor
ciInstanceKlass org/jetbrains/kotlin/types/AbstractTypeConstructor 1 1 198 1 7 1 7 1 1 1 3 3 3 1 1 3 1 1 1 1 1 1 1 1 1 1 1 1 1 1 1 1 1 1 1 1 1 1 1 1 1 1 1 1 1 1 1 1 1 1 1 1 1 1 1 1 7 1 7 1 7 1 100 1 7 1 1 1 1 8 1 7 1 1 12 10 1 12 10 1 12 10 1 7 1 1 12 9 1 7 10 1 7 1 1 12 11 12 9 1 1 1 1 7 1 1 12 11 1 12 10 1 1 8 1 12 10 1 100 1 1 1 1 12 10 1 12 10 1 7 1 7 1 1 12 10 1 7 1 100 12 11 1 8 1 12 10 1 1 1 1 1 1 8 1 1 8 1 12 9 1 1 12 10 1 1 1 1 100 10 1 8 1 1 12 10 1 12 11 1 12 10 12 10 1 1 12 10 1 1 1 1 1 1 1 1 1 1 1 1
instanceKlass org/jetbrains/kotlin/builtins/functions/FunctionClassDescriptor$FunctionTypeConstructor
instanceKlass org/jetbrains/kotlin/load/java/lazy/descriptors/LazyJavaClassDescriptor$LazyJavaClassTypeConstructor
instanceKlass org/jetbrains/kotlin/resolve/lazy/descriptors/LazyClassDescriptor$LazyClassTypeConstructor
instanceKlass org/jetbrains/kotlin/serialization/deserialization/descriptors/DeserializedClassDescriptor$DeserializedClassTypeConstructor
instanceKlass org/jetbrains/kotlin/types/ClassTypeConstructorImpl
ciInstanceKlass org/jetbrains/kotlin/types/AbstractClassTypeConstructor 1 1 153 1 7 1 7 1 100 1 1 1 1 1 1 12 10 12 10 1 1 1 1 1 1 1 1 12 10 1 7 1 1 12 10 1 7 1 12 11 1 1 1 1 1 100 1 12 10 1 7 1 1 1 1 12 10 1 1 1 1 1 1 1 12 11 1 7 1 1 12 10 1 100 1 100 1 7 1 12 10 1 1 12 11 1 7 1 1 12 11 1 12 11 1 1 1 1 1 1 1 1 1 1 1 1 1 12 10 12 10 1 12 10 1 1 8 1 8 1 100 1 100 1 100 8 8 8 8 8 8 8 1 1 12 10 1 100 1 12 10 1 100 10 1 100 1 1 1 1 1 1 1 1 1
ciInstanceKlass org/jetbrains/kotlin/resolve/DescriptorUtils 1 1 957 1 7 1 7 1 1 7 1 7 1 1 100 1 100 1 1 1 1 1 1 1 12 10 1 1 1 1 1 1 1 1 12 10 1 7 1 1 12 11 1 1 1 1 1 1 1 7 1 12 10 1 12 10 1 1 12 11 1 1 1 7 1 1 12 11 1 7 1 1 12 9 1 1 1 1 12 10 1 7 1 1 12 10 1 12 10 1 7 1 1 1 1 12 10 1 7 1 7 1 12 10 1 12 9 1 7 12 11 1 7 11 12 9 1 100 1 100 10 1 8 1 1 12 10 1 12 10 1 1 12 10 1 12 10 12 10 1 1 12 11 1 1 12 10 1 1 1 12 10 1 7 12 10 12 10 1 1 1 1 1 100 10 1 100 1 12 10 12 10 1 1 12 10 1 1 1 1 1 7 1 12 11 1 1 1 1 1 12 11 1 7 1 1 12 11 1 1 1 7 11 1 12 11 1 1 1 1 1 12 10 1 1 12 10 1 1 1 1 1 1 12 10 1 1 1 1 1 7 1 12 10 1 1 1 1 7 1 1 12 10 1 7 1 1 12 11 1 7 12 10 1 1 1 1 8 1 1 1 1 12 11 1 1 1 12 10 1 1 1 1 1 1 1 1 12 11 1 12 11 1 1 12 11 1 7 1 12 11 1 1 12 11 1 1 12 11 1 1 12 10 1 1 1 1 1 1 12 11 1 12 10 12 11 11 1 1 1 1 7 1 1 12 9 1 1 12 10 12 11 1 1 12 9 1 12 9 1 1 12 11 1 7 1 1 12 9 1 12 10 1 7 1 12 9 10 1 1 100 1 12 9 1 1 1 1 12 9 1 1 12 9 1 1 12 9 1 1 12 10 1 1 12 11 1 1 1 1 100 1 1 12 10 1 1 12 10 11 1 12 9 1 1 1 1 1 100 10 1 1 12 10 1 7 1 12 10 1 100 1 12 11 1 1 1 1 1 1 1 1 1 1 7 1 1 12 10 1 12 10 1 1 1 1 1 12 10 1 8 1 1 1 1 1 12 10 1 12 9 1 100 12 10 1 12 9 1 12 9 10 1 12 9 1 1 1 1 1 12 10 1 1 12 11 1 8 1 8 1 8 1 8 1 1 12 10 1 100 1 1 1 1 1 1 1 1 100 1 1 12 11 1 1 1 1 12 11 1 11 12 10 12 10 1 1 1 1 12 11 1 1 12 9 1 100 1 8 1 12 10 1 1 1 1 1 1 12 11 1 1 1 12 10 1 1 1 1 7 1 12 11 1 7 1 12 10 1 7 1 12 10 1 12 10 1 7 1 1 12 9 1 12 10 1 1 12 11 1 12 10 1 100 1 1 12 9 1 12 10 1 1 1 1 1 1 12 10 1 12 11 1 1 12 9 1 1 1 1 7 10 1 12 11 1 1 12 10 1 1 1 1 1 7 1 12 11 11 11 1 1 1 1 1 100 10 1 12 9 1 12 9 1 12 9 1 8 12 10 1 1 12 11 1 1 1 1 1 12 10 12 10 1 1 1 1 12 10 1 12 10 1 1 1 100 1 1 12 11 1 100 11 1 12 11 1 100 1 100 1 12 10 1 100 1 1 1 1 1 1 1 1 7 1 1 12 11 12 9 1 7 1 1 12 11 1 1 1 1 1 7 1 1 12 11 1 7 1 1 12 11 1 7 1 1 12 11 1 100 1 1 12 9 1 1 100 1 1 12 9 1 12 9 1 1 12 10 1 1 12 11 1 1 1 1 1 12 10 1 8 1 100 1 1 100 1 1 12 9 1 1 12 11 1 12 11 11 1 1 1 1 1 12 11 1 100 12 11 11 1 8 1 1 1 7 11 1 11 1 12 10 1 1 12 11 11 1 8 10 8 11 8 1 1 12 11 1 100 11 1 12 10 1 1 1 1 12 10 1 8 10 1 8 1 8 1 100 8 8 8 8 8 8 8 8 8 8 8 8 8 8 8 8 8 8 8 8 8 8 8 8 8 8 8 8 8 8 8 8 8 8 8 8 8 8 8 8 8 8 8 8 8 8 8 8 8 8 8 8 8 8 8 8 8 8 8 8 8 8 8 8 8 8 8 8 8 8 8 8 8 8 8 8 8 8 8 8 8 8 1 1 12 10 1 100 10 1 100 1 1 1 1 1 1 1 1 1 1
staticfield org/jetbrains/kotlin/resolve/DescriptorUtils JVM_NAME Lorg/jetbrains/kotlin/name/FqName; org/jetbrains/kotlin/name/FqName
staticfield org/jetbrains/kotlin/resolve/DescriptorUtils $assertionsDisabled Z 1
instanceKlass org/jetbrains/kotlin/types/checker/KotlinTypeRefiner$Default
ciInstanceKlass org/jetbrains/kotlin/types/checker/KotlinTypeRefiner 1 1 78 1 100 1 7 1 1 1 1 1 1 3 3 3 1 1 3 1 1 1 1 1 1 1 1 1 1 1 1 1 1 1 1 1 1 1 1 1 1 1 1 1 1 1 1 1 1 1 1 1 1 1 1 100 1 12 10 1 1 1 1 1 1 1 1 1 1 1 1 1 1 1 1 1 1 1 1 1
ciInstanceKlass org/jetbrains/kotlin/types/TypeUtils 1 1 780 1 7 1 100 1 1 100 1 7 1 1 100 1 100 1 100 1 7 1 7 1 1 100 1 100 1 1 1 1 1 1 1 1 1 1 1 12 10 1 1 1 1 1 1 12 10 12 9 12 9 1 1 1 1 1 7 1 1 12 10 12 9 1 100 10 1 1 1 1 12 10 1 1 1 12 10 1 7 1 12 10 1 1 1 1 12 10 12 10 1 1 1 1 12 10 1 7 1 12 11 1 1 12 11 1 12 10 1 7 1 1 12 11 1 7 1 1 12 11 1 7 1 7 1 12 11 1 1 12 11 1 1 12 11 1 1 12 9 1 12 11 1 7 1 12 10 1 1 12 10 12 10 1 1 12 9 1 12 9 1 1 1 1 1 1 1 1 1 1 1 1 1 1 1 1 1 12 11 1 1 12 11 1 7 1 12 11 1 1 12 11 1 1 12 11 1 1 12 10 1 1 1 1 1 7 1 1 12 10 1 7 1 1 12 9 1 7 1 1 12 10 1 1 12 10 1 100 1 7 1 100 1 7 1 12 11 1 12 10 1 1 1 1 1 1 1 1 1 1 1 1 12 10 1 12 9 1 1 12 10 1 7 1 1 12 10 1 1 7 12 10 1 7 1 1 12 11 1 12 10 1 12 11 1 7 1 1 12 10 1 1 1 1 1 7 1 1 12 10 1 1 12 11 1 7 11 11 1 1 12 10 1 1 1 1 1 1 1 1 1 12 9 1 1 12 10 12 10 1 1 1 1 1 12 10 1 7 1 1 12 11 12 10 1 1 1 1 1 1 1 7 10 1 1 7 1 12 10 1 1 12 10 1 7 1 12 10 12 10 1 7 1 12 10 1 12 10 1 12 10 1 7 1 1 12 10 1 7 1 1 12 11 1 7 1 1 1 1 1 12 10 1 1 12 11 1 7 1 1 1 1 1 1 1 10 1 1 12 10 1 12 10 1 1 1 1 1 11 1 100 1 100 10 1 8 1 1 12 10 1 12 10 1 8 10 1 12 10 1 100 1 1 12 10 1 100 11 1 100 1 1 12 11 1 12 10 11 1 1 1 1 1 1 12 9 12 11 1 1 1 1 1 10 1 12 10 1 1 1 1 12 11 1 1 10 1 12 10 1 1 1 12 10 1 1 1 12 10 1 1 12 11 1 7 1 12 10 1 7 10 1 12 10 10 1 12 10 1 7 1 12 10 10 1 1 1 1 1 1 1 1 1 1 1 1 1 7 1 12 10 1 1 100 1 1 12 10 1 100 1 1 12 9 1 100 1 1 12 10 1 1 1 1 1 100 10 1 12 10 12 9 1 100 1 8 1 8 1 12 10 1 1 1 1 12 11 1 1 12 11 1 100 1 12 10 1 12 10 1 12 10 1 1 12 9 1 1 12 10 1 12 9 1 1 1 1 1 1 1 1 1 1 100 1 100 1 1 12 10 1 1 12 10 1 100 10 1 1 1 1 1 1 1 7 12 10 12 10 1 1 1 1 7 1 12 10 1 1 12 10 11 1 1 1 1 1 12 10 1 1 12 11 1 1 1 1 7 1 12 10 12 9 1 12 9 12 9 8 10 8 1 8 1 8 1 100 8 8 8 8 8 8 8 8 8 8 8 8 8 8 8 8 8 8 8 8 8 8 8 8 8 8 8 8 8 8 8 8 8 8 8 8 8 8 8 8 8 8 8 8 8 8 8 8 8 8 8 8 8 8 1 1 12 10 1 100 10 1 100 1 1 1 1 1 1 1 1 1 1
staticfield org/jetbrains/kotlin/types/TypeUtils DONT_CARE Lorg/jetbrains/kotlin/types/SimpleType; org/jetbrains/kotlin/types/error/ErrorType
staticfield org/jetbrains/kotlin/types/TypeUtils CANNOT_INFER_FUNCTION_PARAM_TYPE Lorg/jetbrains/kotlin/types/SimpleType; org/jetbrains/kotlin/types/error/ErrorType
staticfield org/jetbrains/kotlin/types/TypeUtils NO_EXPECTED_TYPE Lorg/jetbrains/kotlin/types/SimpleType; org/jetbrains/kotlin/types/TypeUtils$SpecialType
staticfield org/jetbrains/kotlin/types/TypeUtils UNIT_EXPECTED_TYPE Lorg/jetbrains/kotlin/types/SimpleType; org/jetbrains/kotlin/types/TypeUtils$SpecialType
staticfield org/jetbrains/kotlin/types/TypeUtils $assertionsDisabled Z 1
ciInstanceKlass org/jetbrains/kotlin/types/error/ErrorType 1 1 192 1 7 1 7 1 1 1 3 3 3 1 1 3 1 1 1 1 1 1 1 1 1 1 1 1 1 1 1 1 1 1 1 1 1 1 1 1 1 1 1 1 1 1 1 1 1 1 1 1 1 1 1 1 1 1 1 1 1 1 1 100 1 100 1 1 1 1 1 1 1 1 1 8 1 7 1 1 12 10 8 8 8 8 1 12 10 12 9 12 9 12 9 12 9 12 9 12 9 1 7 1 1 12 9 1 7 12 10 1 7 1 1 12 10 1 7 1 1 12 10 1 8 1 12 10 12 9 1 1 1 7 1 12 10 12 10 1 1 12 9 1 12 10 1 8 1 1 8 12 10 12 10 12 10 100 1 12 10 1 1 8 1 1 12 10 1 1 12 10 1 100 1 12 10 1 12 10 1 1 1 100 1 1 1 1 1 1 1 1 1 1
instanceKlass org/jetbrains/kotlin/load/java/typeEnhancement/NotNullTypeParameterImpl
instanceKlass org/jetbrains/kotlin/types/SimpleTypeWithEnhancement
instanceKlass org/jetbrains/kotlin/types/DelegatingSimpleTypeImpl
instanceKlass org/jetbrains/kotlin/types/DefinitelyNotNullType
instanceKlass org/jetbrains/kotlin/types/AbbreviatedType
instanceKlass org/jetbrains/kotlin/types/TypeUtils$SpecialType
ciInstanceKlass org/jetbrains/kotlin/types/DelegatingSimpleType 1 1 106 1 7 1 7 1 1 1 3 3 3 1 1 3 1 1 1 1 1 1 1 1 1 1 1 1 1 1 1 1 1 1 1 1 1 1 1 1 1 1 1 1 1 1 1 1 1 1 12 10 1 1 12 10 12 10 1 12 10 12 10 12 10 12 10 1 1 1 8 1 100 1 1 12 10 1 100 1 100 1 1 12 10 1 8 1 12 10 12 10 1 12 10 1 100 1 1 100 1 1 1 1 1 1 1 1
ciInstanceKlass org/jetbrains/kotlin/types/TypeUtils$SpecialType 1 1 96 1 7 1 7 1 1 100 1 1 1 1 1 1 12 10 12 9 1 1 1 1 1 1 100 12 10 1 1 1 1 12 10 1 1 1 1 1 1 1 1 1 100 1 1 1 1 1 1 1 1 1 1 12 10 1 1 12 10 1 12 10 1 1 8 1 8 1 100 1 100 8 8 8 8 8 8 8 8 1 1 12 10 1 100 10 1 100 1 1 1 1 1 1 1 1
ciInstanceKlass org/jetbrains/kotlin/types/model/TypeArgumentMarker 1 0 22 1 100 1 100 1 1 1 3 3 3 1 1 3 1 1 1 1 1 1 1 1
ciInstanceKlass org/jetbrains/kotlin/types/TypeProjection 1 0 23 1 100 1 100 1 100 1 1 1 1 1 1 1 1 1 1 1 1 1 1 1 1
ciInstanceKlass org/jetbrains/kotlin/types/error/ErrorUtils 1 1 370 1 7 1 7 1 1 1 3 3 3 1 1 3 1 1 1 1 1 1 1 1 1 1 1 1 1 1 1 1 1 1 1 1 1 1 1 1 1 1 1 1 1 1 1 1 1 1 1 1 1 1 1 1 1 1 1 1 1 1 1 1 1 1 1 1 1 1 1 1 1 1 1 1 1 1 7 1 1 1 1 1 12 10 1 12 9 12 9 12 9 12 9 1 12 9 1 8 1 7 1 1 12 10 1 100 1 1 12 11 1 100 1 12 11 1 12 10 1 1 12 11 1 7 1 1 12 11 1 7 1 1 12 11 1 1 12 11 1 100 11 1 12 11 1 100 1 12 11 1 7 1 1 1 1 1 1 1 8 8 12 9 1 7 1 1 12 10 1 7 12 10 1 7 1 12 10 1 7 1 7 10 1 1 7 1 12 10 12 10 8 12 10 1 8 12 10 1 7 1 1 1 7 1 12 9 1 7 1 1 12 10 12 10 1 7 1 12 10 1 7 1 12 10 1 1 7 12 10 1 12 10 1 7 1 12 11 11 1 1 12 10 1 7 1 1 12 11 1 7 1 1 12 10 1 1 12 10 1 7 1 12 9 1 8 1 12 10 1 7 1 7 1 1 12 10 1 1 12 10 1 100 1 12 9 1 8 1 100 10 1 8 1 12 10 1 1 12 10 1 10 1 7 1 12 9 1 7 1 7 1 1 12 9 1 12 10 1 8 1 1 12 10 1 8 1 12 10 1 7 1 1 12 10 1 8 1 12 10 1 12 9 12 10 1 12 9 1 7 10 1 7 12 9 1 7 1 1 12 10 1 1 1 1 1 1 1 1 1 1
staticfield org/jetbrains/kotlin/types/error/ErrorUtils INSTANCE Lorg/jetbrains/kotlin/types/error/ErrorUtils; org/jetbrains/kotlin/types/error/ErrorUtils
staticfield org/jetbrains/kotlin/types/error/ErrorUtils errorModule Lorg/jetbrains/kotlin/descriptors/ModuleDescriptor; org/jetbrains/kotlin/types/error/ErrorModuleDescriptor
staticfield org/jetbrains/kotlin/types/error/ErrorUtils errorClass Lorg/jetbrains/kotlin/types/error/ErrorClassDescriptor; org/jetbrains/kotlin/types/error/ErrorClassDescriptor
staticfield org/jetbrains/kotlin/types/error/ErrorUtils errorTypeForLoopInSupertypes Lorg/jetbrains/kotlin/types/KotlinType; org/jetbrains/kotlin/types/error/ErrorType
staticfield org/jetbrains/kotlin/types/error/ErrorUtils errorPropertyType Lorg/jetbrains/kotlin/types/KotlinType; org/jetbrains/kotlin/types/error/ErrorType
staticfield org/jetbrains/kotlin/types/error/ErrorUtils errorProperty Lorg/jetbrains/kotlin/descriptors/PropertyDescriptor; org/jetbrains/kotlin/types/error/ErrorPropertyDescriptor
staticfield org/jetbrains/kotlin/types/error/ErrorUtils errorPropertyGroup Ljava/util/Set; java/util/Collections$SingletonSet
instanceKlass org/jetbrains/kotlin/util/AttributeArrayOwner
ciInstanceKlass org/jetbrains/kotlin/util/AbstractArrayMapOwner 1 1 110 1 7 1 1 7 1 100 1 100 1 1 1 3 3 3 1 1 3 1 1 1 1 1 1 1 1 1 1 1 1 1 1 1 1 1 1 1 1 1 1 1 1 1 1 1 1 1 1 1 1 100 1 12 10 1 1 1 1 1 1 8 1 7 1 1 12 10 8 1 7 1 1 12 11 1 1 12 10 12 10 1 1 1 12 10 1 7 12 10 1 1 1 12 10 1 1 12 10 1 1 1 1 1 1 1 1 1 1 1
instanceKlass org/jetbrains/kotlin/types/TypeAttributes
ciInstanceKlass org/jetbrains/kotlin/util/AttributeArrayOwner 1 1 164 1 7 1 1 7 1 1 1 3 3 3 1 1 3 1 1 1 1 1 1 1 1 1 1 1 1 1 1 1 1 1 1 1 1 1 1 1 1 100 1 100 1 1 1 1 1 8 1 7 1 1 12 10 12 10 12 9 1 1 1 7 1 1 12 9 1 8 1 12 10 1 7 12 10 1 8 8 1 1 12 10 1 7 1 1 12 10 1 1 12 10 1 100 1 7 1 12 10 1 8 1 12 10 10 1 1 12 10 1 1 12 10 1 1 1 1 1 1 1 1 8 1 12 10 1 1 12 10 1 8 1 1 12 10 10 1 1 12 10 1 100 1 1 12 10 1 12 10 1 12 10 1 1 1 1 1 1 1 1 1 1 1 1
ciInstanceKlass org/jetbrains/kotlin/types/TypeAttributes 1 1 245 1 7 1 1 7 1 100 1 100 1 1 1 3 3 3 1 1 3 1 1 1 1 1 1 1 1 1 1 1 1 1 1 1 1 1 1 1 1 1 1 1 1 1 1 1 1 1 1 1 1 7 1 1 1 1 1 1 12 10 1 7 1 1 12 11 1 7 1 1 12 11 1 1 12 11 1 7 1 1 12 10 1 1 12 10 1 1 1 1 7 1 1 12 10 12 10 1 8 1 7 1 1 12 10 1 12 10 1 100 10 12 9 1 1 12 10 1 100 11 1 100 1 1 12 10 1 1 12 10 1 7 1 1 12 10 1 12 10 1 100 1 1 12 10 1 1 12 10 1 1 1 1 1 1 1 1 1 1 1 12 10 1 1 12 10 1 1 1 1 8 1 1 12 10 1 1 1 12 10 12 10 1 1 12 10 1 12 10 1 11 1 1 12 10 1 100 1 12 11 1 12 11 1 12 10 1 1 1 1 1 1 1 1 1 1 1 1 7 1 1 12 9 1 1 1 1 1 12 10 1 1 12 10 1 1 1 1 1 1 1 1 1 1 1
staticfield org/jetbrains/kotlin/types/TypeAttributes Companion Lorg/jetbrains/kotlin/types/TypeAttributes$Companion; org/jetbrains/kotlin/types/TypeAttributes$Companion
staticfield org/jetbrains/kotlin/types/TypeAttributes Empty Lorg/jetbrains/kotlin/types/TypeAttributes; org/jetbrains/kotlin/types/TypeAttributes
ciInstanceKlass org/jetbrains/kotlin/types/TypeAttributes$Companion 1 1 168 1 7 1 1 7 1 1 1 3 3 3 1 1 3 1 1 1 1 1 1 1 1 1 1 1 1 1 1 1 1 1 1 1 1 1 1 1 1 1 1 1 7 1 1 12 10 1 1 1 8 1 7 1 1 12 10 1 100 1 100 1 1 12 10 1 1 12 10 1 8 1 1 12 10 1 100 1 1 1 1 1 1 8 1 12 10 8 8 1 7 1 1 12 10 1 7 1 7 1 12 11 1 7 1 1 12 10 1 1 12 10 1 1 12 10 1 12 10 1 100 10 1 1 1 1 1 1 1 12 10 1 1 8 1 7 1 1 12 11 12 10 1 12 10 1 1 1 1 1 12 10 1 1 10 1 1 1 1 1 1 1 1 1 1 1 1 1
instanceKlass org/jetbrains/kotlin/util/OneElementArrayMap
instanceKlass org/jetbrains/kotlin/util/EmptyArrayMap
ciInstanceKlass org/jetbrains/kotlin/util/ArrayMap 1 1 72 1 7 1 1 7 1 100 1 100 1 1 1 3 3 3 1 1 3 1 1 1 1 1 1 1 1 1 1 1 1 1 1 1 1 1 1 1 1 1 1 12 10 1 1 1 1 1 1 1 1 1 1 1 100 1 8 1 12 10 1 10 1 1 1 1 1 1 1 1 1 1
ciInstanceKlass org/jetbrains/kotlin/util/EmptyArrayMap 1 1 82 1 7 1 7 1 1 1 3 3 3 1 1 3 1 1 1 1 1 1 1 1 1 1 1 1 1 1 1 1 1 1 7 1 1 1 1 12 10 1 1 8 1 100 1 1 12 10 1 100 12 10 1 1 1 1 1 1 10 1 7 1 1 100 12 10 1 1 12 10 1 10 12 9 1 1 1 1 1 1 1 1
staticfield org/jetbrains/kotlin/util/EmptyArrayMap INSTANCE Lorg/jetbrains/kotlin/util/EmptyArrayMap; org/jetbrains/kotlin/util/EmptyArrayMap
ciInstanceKlass org/jetbrains/kotlin/types/KotlinTypeFactory 1 1 415 1 7 1 7 1 1 1 3 3 3 1 1 3 1 1 1 1 1 1 1 1 1 1 1 1 1 1 1 1 1 1 1 1 1 1 1 1 1 1 1 1 1 1 1 1 1 1 1 1 1 1 1 1 1 1 1 1 1 1 1 1 7 1 100 1 7 1 7 1 100 1 100 1 1 100 1 100 1 1 100 1 7 1 7 1 7 1 1 1 1 1 12 10 1 1 12 9 1 1 1 7 1 1 12 11 1 7 1 1 12 11 1 7 1 1 12 10 1 7 1 100 1 7 1 7 1 7 1 7 1 1 12 10 1 1 12 10 1 1 12 11 1 7 1 1 12 10 1 12 9 1 1 12 10 1 1 12 10 1 100 1 7 1 1 12 9 1 7 1 1 12 11 1 100 1 1 12 10 1 8 1 7 1 1 12 10 1 7 1 1 12 10 1 7 1 100 1 12 10 1 100 1 100 10 1 8 1 1 12 10 1 12 10 1 8 10 1 12 10 1 1 1 1 1 1 1 1 8 1 12 10 8 8 10 1 1 12 10 11 1 8 12 9 12 10 1 12 10 1 7 1 12 10 1 1 1 12 10 1 1 1 8 1 100 1 12 9 1 12 10 1 12 9 1 12 10 1 12 9 1 1 12 10 1 1 12 10 1 1 1 1 1 1 12 10 12 10 1 12 10 1 1 12 11 1 1 12 11 1 8 1 1 1 1 1 1 1 8 1 7 1 12 10 1 12 10 1 7 1 12 10 1 1 1 8 1 1 1 8 11 1 8 12 10 1 1 8 8 1 1 12 10 1 12 10 1 1 12 10 1 12 10 12 10 1 8 8 1 1 12 10 1 7 1 7 1 12 10 1 1 7 1 12 10 1 12 9 1 8 12 10 1 1 1 1 12 10 1 1 10 1 12 9 1 1 1 1 1 1 1 1 1 1 1
staticfield org/jetbrains/kotlin/types/KotlinTypeFactory INSTANCE Lorg/jetbrains/kotlin/types/KotlinTypeFactory; org/jetbrains/kotlin/types/KotlinTypeFactory
staticfield org/jetbrains/kotlin/types/KotlinTypeFactory EMPTY_REFINED_TYPE_FACTORY Lkotlin/jvm/functions/Function1; org/jetbrains/kotlin/types/KotlinTypeFactory$EMPTY_REFINED_TYPE_FACTORY$1
ciInstanceKlass org/jetbrains/kotlin/types/SimpleTypeImpl 1 1 184 1 7 1 7 1 1 1 3 3 3 1 1 3 1 1 1 1 1 1 1 1 1 1 1 1 1 1 1 1 1 1 1 1 1 1 1 1 1 1 1 1 1 1 1 1 1 1 1 1 1 1 1 1 1 7 1 7 1 1 1 1 1 1 1 1 1 8 1 7 1 1 12 10 8 8 8 12 10 12 9 12 9 12 9 12 9 12 9 12 10 1 7 1 7 1 100 1 100 10 1 8 1 1 12 10 1 12 10 1 12 10 12 10 1 1 12 10 1 12 10 1 1 1 1 12 9 1 12 10 1 8 1 12 10 1 100 1 12 10 1 12 10 1 7 1 12 10 1 7 10 1 8 1 100 1 1 12 11 1 12 10 1 7 1 12 10 1 12 10 1 1 100 1 1 1 1 1 1 1 1 1 1 1
ciInstanceKlass org/jetbrains/kotlin/types/checker/KotlinTypeChecker 1 1 36 1 7 1 100 1 1 100 1 1 7 1 7 1 1 1 1 1 1 1 1 1 1 12 9 1 1 12 10 12 9 1 1 1 1 1
staticfield org/jetbrains/kotlin/types/checker/KotlinTypeChecker DEFAULT Lorg/jetbrains/kotlin/types/checker/KotlinTypeChecker; org/jetbrains/kotlin/types/checker/NewKotlinTypeCheckerImpl
ciInstanceKlass org/jetbrains/kotlin/resolve/lazy/declarations/FileBasedDeclarationProviderFactory$Index 1 1 50 1 7 1 7 1 1 100 1 1 100 1 1 1 1 1 1 1 1 12 10 1 7 1 1 12 10 12 9 1 7 10 12 9 1 1 1 10 1 1 1 1 1 1 1 1 1 1 1 1
ciInstanceKlass org/jetbrains/kotlin/types/model/AnnotationMarker 1 0 22 1 100 1 100 1 1 1 3 3 3 1 1 3 1 1 1 1 1 1 1 1
ciInstanceKlass org/jetbrains/kotlin/types/Variance 1 1 171 1 7 1 1 7 1 1 1 3 3 3 1 1 3 1 1 1 1 1 1 1 1 1 1 1 1 1 1 1 1 1 1 1 1 1 1 1 1 1 1 100 1 1 1 1 1 1 1 1 1 1 1 1 12 10 12 9 12 9 12 9 12 9 1 1 1 1 8 1 100 1 1 12 10 1 1 12 9 1 1 12 10 1 100 1 12 10 1 8 12 9 12 9 12 9 1 100 1 100 10 1 8 1 1 12 10 1 12 10 12 10 1 12 10 1 1 1 1 12 9 1 7 1 1 12 10 7 1 1 1 12 10 1 1 1 1 12 9 1 1 8 8 12 10 8 1 8 8 1 8 12 10 1 7 1 7 1 1 12 10 1 1 1 1 1 1 1 1 1 1
staticfield org/jetbrains/kotlin/types/Variance INVARIANT Lorg/jetbrains/kotlin/types/Variance; org/jetbrains/kotlin/types/Variance
staticfield org/jetbrains/kotlin/types/Variance IN_VARIANCE Lorg/jetbrains/kotlin/types/Variance; org/jetbrains/kotlin/types/Variance
staticfield org/jetbrains/kotlin/types/Variance OUT_VARIANCE Lorg/jetbrains/kotlin/types/Variance; org/jetbrains/kotlin/types/Variance
staticfield org/jetbrains/kotlin/types/Variance $VALUES [Lorg/jetbrains/kotlin/types/Variance; 3 [Lorg/jetbrains/kotlin/types/Variance;
staticfield org/jetbrains/kotlin/types/Variance $ENTRIES Lkotlin/enums/EnumEntries; kotlin/enums/EnumEntriesList
ciInstanceKlass org/jetbrains/kotlin/mpp/TypeParameterSymbolMarker 1 0 24 1 100 1 100 1 100 1 1 1 3 3 3 1 1 3 1 1 1 1 1 1 1 1
ciInstanceKlass org/jetbrains/kotlin/types/model/TypeParameterMarker 1 0 22 1 100 1 100 1 1 1 3 3 3 1 1 3 1 1 1 1 1 1 1 1
ciInstanceKlass org/jetbrains/kotlin/descriptors/TypeParameterDescriptor 1 1 76 1 100 1 100 1 100 1 100 1 100 1 1 1 1 1 1 1 1 1 1 1 1 1 1 1 1 1 1 1 12 11 1 1 1 1 1 1 1 1 1 1 1 100 1 8 1 1 12 10 1 1 1 8 1 1 1 8 1 1 1 8 1 1 1 8 1 1 1 8 1 1 1 8 1 1
ciInstanceKlass org/jetbrains/kotlin/types/model/TypeSubstitutorMarker 1 0 22 1 100 1 100 1 1 1 3 3 3 1 1 3 1 1 1 1 1 1 1 1
ciInstanceKlass org/jetbrains/kotlin/types/TypeSubstitutor 1 1 632 1 7 1 7 1 100 1 1 7 1 7 1 1 100 1 1 100 1 7 1 100 1 1 1 1 1 1 1 1 1 1 1 1 12 10 1 1 12 10 1 1 12 9 1 100 1 7 1 1 12 10 1 1 12 10 1 1 12 10 1 12 10 1 1 1 100 1 100 1 1 12 10 10 1 1 1 7 1 12 10 12 10 1 1 1 1 1 7 1 1 12 10 1 1 1 1 1 7 1 1 12 10 1 12 10 1 12 10 1 1 1 12 10 1 12 10 1 1 10 1 7 1 7 1 12 10 1 1 12 10 1 7 1 1 12 11 1 100 1 1 12 9 1 100 1 1 12 10 1 100 1 1 12 10 1 100 1 1 1 1 1 1 1 10 1 12 10 1 12 10 1 1 1 12 10 1 12 10 1 7 1 1 12 10 1 1 1 1 12 10 1 12 11 1 7 1 7 1 1 12 11 1 12 11 1 1 12 11 12 10 1 12 10 1 7 1 1 12 10 1 7 1 1 12 10 1 7 1 1 12 10 1 1 12 10 1 7 1 12 10 1 7 1 12 10 1 1 12 10 1 7 1 1 12 10 1 12 10 12 9 1 12 9 1 100 1 100 10 1 8 1 1 12 10 1 12 10 1 8 1 12 10 1 12 10 1 7 1 1 12 10 1 100 1 1 12 10 1 7 1 12 10 1 7 1 12 10 1 1 12 10 1 7 1 12 10 1 1 12 9 1 1 12 10 1 8 1 12 10 1 12 9 1 7 1 1 12 11 1 12 10 1 1 12 10 1 7 1 1 12 11 1 12 10 1 7 1 1 12 10 1 1 12 10 1 7 11 1 1 12 10 1 12 10 1 7 1 12 10 1 7 1 1 12 10 1 1 12 9 1 1 12 10 1 1 12 10 1 1 1 1 1 1 1 1 1 1 1 1 1 1 1 1 1 1 1 1 1 1 1 1 1 1 1 12 9 1 1 12 11 1 100 1 1 12 10 1 12 9 1 12 10 1 12 11 1 1 1 1 1 1 1 1 1 1 100 10 1 12 10 1 1 1 12 11 1 7 1 12 10 12 10 12 11 1 1 12 10 1 1 12 10 1 7 1 1 12 10 1 1 1 1 1 1 1 1 1 1 7 1 7 1 12 11 12 10 1 12 11 1 1 12 10 1 1 12 11 1 1 1 1 1 1 1 1 1 1 8 1 8 1 8 1 12 9 1 12 9 1 1 1 100 1 8 1 1 12 10 1 8 10 1 7 10 1 100 1 1 12 10 1 100 1 8 1 8 1 1 1 1 1 7 1 12 10 12 9 12 9 1 8 1 8 1 100 8 8 8 8 8 8 8 8 8 8 8 8 8 8 8 8 8 8 8 8 8 8 8 8 8 8 8 8 1 1 12 10 1 100 10 1 1 1 1 1 1 1 1 1 1 1
staticfield org/jetbrains/kotlin/types/TypeSubstitutor EMPTY Lorg/jetbrains/kotlin/types/TypeSubstitutor; org/jetbrains/kotlin/types/TypeSubstitutor
staticfield org/jetbrains/kotlin/types/TypeSubstitutor $assertionsDisabled Z 1
ciInstanceKlass org/jetbrains/kotlin/types/model/FlexibleTypeMarker 1 0 24 1 100 1 100 1 100 1 1 1 3 3 3 1 1 3 1 1 1 1 1 1 1 1
ciInstanceKlass org/jetbrains/kotlin/types/model/CapturedTypeConstructorMarker 1 0 24 1 100 1 100 1 100 1 1 1 3 3 3 1 1 3 1 1 1 1 1 1 1 1
ciInstanceKlass org/jetbrains/kotlin/types/model/DynamicTypeMarker 0 0 24 1 100 1 100 1 100 1 1 1 3 3 3 1 1 3 1 1 1 1 1 1 1 1
ciInstanceKlass org/jetbrains/kotlin/resolve/lazy/descriptors/LazyPackageDescriptor 1 1 93 1 7 1 7 1 100 1 1 1 1 1 1 1 1 1 1 12 10 1 12 10 12 9 1 7 1 12 10 12 9 1 1 1 1 1 1 1 1 1 1 1 100 1 1 1 100 1 12 10 1 1 1 100 1 8 1 8 1 100 1 100 1 100 8 8 8 8 8 8 8 8 1 1 12 10 1 100 1 12 10 1 100 10 1 100 1 1 1 1 1 1 1
ciInstanceKlass org/jetbrains/kotlin/mpp/MppJavaImplicitActualizatorMarker 1 0 22 1 100 1 100 1 1 1 3 3 3 1 1 3 1 1 1 1 1 1 1 1
ciInstanceKlass org/jetbrains/kotlin/load/java/descriptors/JavaClassDescriptor 1 0 151 1 100 1 100 1 100 1 100 1 1 1 1 1 100 1 8 1 1 12 10 1 1 1 8 1 1 1 8 1 1 1 8 1 1 1 8 1 1 1 8 1 1 1 8 1 1 8 1 1 8 1 1 8 1 1 8 1 1 1 8 1 1 8 1 1 1 8 1 1 1 8 1 1 8 1 1 1 8 1 1 1 8 1 1 1 8 1 1 8 1 1 8 1 1 1 8 1 1 8 1 1 1 8 1 1 8 1 1 8 1 1 8 1 1 1 8 1 1 1 8 1 1 1 8 1 1 1 8 1 1 1 8 1 1 1 8 1 1 8 1 1 8 1 1 8 1 1 1 8 1
ciInstanceKlass org/jetbrains/kotlin/types/SubtypingRepresentatives 1 0 34 1 100 1 100 1 1 1 3 3 3 1 1 3 1 1 1 1 1 1 1 1 1 1 1 1 1 1 1 1 1 1 1 1
instanceKlass org/jetbrains/kotlin/types/FlexibleTypeWithEnhancement
instanceKlass org/jetbrains/kotlin/types/FlexibleTypeImpl
instanceKlass org/jetbrains/kotlin/types/DynamicType
ciInstanceKlass org/jetbrains/kotlin/types/FlexibleType 1 1 129 1 7 1 7 1 100 1 100 1 1 1 3 3 3 1 1 3 1 1 1 1 1 1 1 1 1 1 1 1 1 1 1 1 1 1 1 1 1 1 1 1 1 1 1 1 1 1 1 1 1 1 1 1 1 1 1 1 1 1 1 1 1 1 1 1 1 1 1 1 1 1 1 8 1 7 1 1 12 10 8 1 12 10 12 9 12 9 1 1 100 1 8 1 12 10 1 7 12 10 12 10 1 12 10 12 10 12 10 1 1 100 1 12 9 1 1 12 10 1 1 1 1 1 1 1 1 1 1
ciInstanceKlass org/jetbrains/kotlin/types/DynamicType 0 0 127 1 100 1 100 1 100 1 1 1 3 3 3 1 1 3 1 1 1 1 1 1 1 1 1 1 1 1 1 1 1 1 1 1 1 1 1 1 1 1 1 1 1 1 1 1 1 1 1 1 1 8 1 100 1 1 12 10 8 1 100 1 12 10 1 8 1 12 10 1 12 10 1 8 1 12 10 12 9 1 1 12 10 1 1 1 8 12 10 1 100 1 100 1 1 12 10 12 10 1 8 8 1 8 1 1 8 1 12 10 1 100 1 12 10 1 12 10 1 1 1 1 1 1 1 1 1
ciInstanceKlass org/jetbrains/kotlin/descriptors/DeserializedDescriptor 1 0 53 1 100 1 100 1 100 1 1 1 3 3 3 1 1 3 1 1 1 1 1 1 1 1 1 100 1 8 1 1 12 10 1 1 1 8 1 1 1 8 1 1 1 8 1 1 8 1 1 1 8 1 1
ciInstanceKlass org/jetbrains/kotlin/serialization/deserialization/descriptors/DeserializedClassDescriptor 1 1 1000 1 7 1 7 1 100 1 1 1 3 3 3 1 1 3 1 1 1 1 1 1 1 1 1 1 1 1 1 1 1 1 1 1 1 1 1 1 1 1 1 1 1 1 1 1 1 1 1 1 1 1 1 1 1 1 1 1 1 1 1 1 1 1 1 1 1 1 1 1 1 1 1 1 1 1 1 1 1 1 1 1 1 1 1 1 1 1 1 1 1 1 1 1 1 1 1 1 1 1 1 1 1 1 1 1 1 1 1 1 1 1 1 1 1 1 1 1 1 1 1 1 1 1 1 1 1 1 1 1 1 1 1 1 1 1 1 1 1 7 1 7 1 1 7 1 7 1 7 1 100 1 1 7 1 1 7 1 1 7 1 1 100 1 1 100 1 1 100 1 1 7 1 1 7 1 7 1 1 7 1 1 7 1 7 1 7 1 7 1 7 1 7 1 1 7 1 100 1 7 1 7 1 7 1 7 1 7 1 7 1 7 1 7 1 7 1 7 1 100 1 100 1 1 1 1 1 1 1 1 1 8 1 7 1 1 12 10 8 8 8 8 1 7 1 1 12 10 1 1 12 10 1 7 1 1 12 10 1 7 1 1 12 10 1 12 10 12 9 12 9 12 9 12 9 1 7 1 1 12 9 1 1 12 9 1 12 10 1 1 12 10 1 12 10 12 9 1 12 9 1 7 1 1 12 10 12 9 1 12 9 1 1 12 10 12 9 1 7 1 12 10 1 8 1 12 10 1 7 1 1 12 10 1 8 1 12 10 1 12 9 1 1 12 10 1 8 1 1 12 10 1 1 12 10 12 9 1 7 1 12 9 1 1 12 9 1 12 10 1 8 1 7 1 1 12 10 1 1 12 10 1 7 1 1 12 10 1 7 1 1 12 11 1 1 12 10 1 1 12 10 1 7 1 7 1 12 10 1 7 1 12 9 12 9 1 12 10 12 9 1 12 9 1 1 12 10 1 7 1 1 12 11 1 12 10 1 7 1 12 10 12 9 10 12 9 1 12 10 12 9 10 1 7 1 7 1 1 12 11 12 9 10 1 1 12 11 12 9 10 12 9 10 12 9 10 12 9 1 1 12 10 1 12 10 1 100 1 100 12 9 1 12 10 1 12 9 1 12 9 1 12 10 1 7 10 1 12 10 12 9 1 1 1 1 1 12 10 1 1 12 9 1 7 1 12 10 1 12 10 1 1 7 1 1 1 1 12 9 1 12 9 1 12 9 1 100 1 1 12 10 1 12 9 1 12 9 1 12 9 1 12 10 8 1 1 1 12 9 1 1 12 10 1 12 9 1 100 1 1 12 10 1 1 12 10 1 100 1 100 1 1 12 10 1 7 1 12 10 1 8 1 7 1 1 12 11 1 7 1 12 11 1 1 12 11 1 12 9 10 1 100 1 1 12 10 1 7 1 1 12 10 1 1 1 1 1 1 1 1 1 1 1 1 1 1 1 7 1 12 11 1 1 12 10 1 7 12 10 1 7 1 1 12 10 1 1 12 10 1 1 12 10 1 7 1 12 11 1 1 7 1 12 10 1 1 12 11 1 7 1 1 12 10 1 12 10 1 12 10 1 1 1 1 1 1 1 1 1 1 1 1 1 1 1 7 11 1 1 7 1 1 12 10 1 1 12 10 1 7 1 1 12 10 1 100 1 1 12 10 1 100 1 12 10 1 100 1 12 10 1 1 1 1 1 1 12 10 1 12 10 1 1 12 10 12 10 1 7 1 1 12 9 1 7 1 1 12 10 1 1 8 1 1 12 10 1 7 1 12 11 1 1 100 1 12 9 1 12 10 1 12 10 1 12 11 1 100 1 12 10 1 1 12 10 1 100 1 12 9 1 1 12 10 1 1 1 1 1 1 1 1 1 1 1 1 1 1 1 1 1 1 100 12 10 12 10 10 10 1 100 1 1 12 10 1 100 1 100 10 1 8 1 1 12 10 1 12 10 1 12 10 10 1 12 10 1 12 11 1 8 1 1 12 10 1 100 12 11 1 8 1 12 10 1 8 1 100 1 100 1 100 1 100 1 12 10 1 1 1 1 1 12 10 1 100 1 12 11 1 1 12 11 1 1 1 1 1 1 1 8 12 10 1 8 8 1 100 1 8 10 1 1 1 12 10 1 1 12 10 1 100 1 1 12 11 12 10 1 12 10 1 1 1 1 1 1 1 1 1 1 1 12 10 1 1 12 10 1 1 12 10 1 12 10 1 1 12 10 1 1 1 1 1 1 1 1 1 1 1
ciInstanceKlass org/jetbrains/kotlin/serialization/deserialization/descriptors/DeserializedClassDescriptor$DeserializedClassTypeConstructor 1 1 307 1 7 1 7 1 1 1 3 3 3 1 1 3 1 1 1 1 1 1 1 1 1 1 1 1 1 1 1 1 1 1 1 1 1 1 1 1 1 1 7 1 100 1 1 7 1 7 1 1 100 1 100 1 1 7 1 1 7 1 1 7 1 1 1 1 1 12 9 1 1 12 10 1 7 1 1 12 10 1 12 10 12 10 1 7 1 7 1 1 12 11 12 9 1 1 1 1 1 12 10 1 1 12 10 1 7 1 1 12 10 1 7 1 7 1 7 1 1 12 10 1 12 10 1 7 1 1 12 11 1 7 1 1 12 11 1 1 12 11 1 1 12 10 1 7 1 1 12 10 1 1 12 11 1 7 1 1 12 10 1 7 1 1 12 10 1 7 1 7 1 1 12 11 1 1 12 10 12 10 1 7 1 1 12 10 1 7 1 12 11 1 12 11 1 1 12 10 1 100 1 7 1 100 1 1 12 10 1 100 1 1 12 10 1 100 1 1 12 10 1 100 1 1 12 10 1 7 10 1 100 1 1 12 11 1 1 12 10 1 1 1 1 1 1 1 1 1 1 1 1 1 1 1 1 1 1 1 1 1 1 1 1 1 1 1 1 1 1 1 1 1 1 1 7 1 12 11 1 10 12 10 1 8 1 7 1 1 12 10 1 1 12 9 1 12 10 1 1 1 1 1 1 1 1 1 1
ciInstanceKlass org/jetbrains/kotlin/descriptors/ScopesHolderForClass$scopeForOwnerModule$2 1 1 73 1 7 1 1 7 1 100 1 1 7 1 1 12 1 1 3 3 3 1 3 1 3 1 1 1 1 1 1 1 1 1 1 1 1 1 12 9 1 12 10 1 1 1 1 1 1 1 12 10 1 1 12 10 1 7 1 12 11 1 7 1 12 10 1 1 1 1 1 1 1 1 1
instanceKlass org/jetbrains/kotlin/descriptors/impl/TypeParameterDescriptorImpl
instanceKlass org/jetbrains/kotlin/descriptors/impl/AbstractLazyTypeParameterDescriptor
ciInstanceKlass org/jetbrains/kotlin/descriptors/impl/AbstractTypeParameterDescriptor 1 1 193 1 7 1 7 1 7 1 1 7 1 1 7 1 7 1 1 1 1 1 1 1 1 1 1 1 1 1 1 1 1 1 1 12 10 1 12 10 12 9 12 9 12 9 1 12 10 1 7 1 1 12 11 12 9 1 12 10 12 9 12 9 1 1 1 1 1 1 1 1 1 1 1 1 1 1 1 1 1 1 1 1 1 100 1 1 1 1 1 1 1 12 10 1 12 10 1 100 1 7 1 1 12 11 1 7 1 1 1 7 1 1 1 12 10 1 1 1 1 1 1 1 1 1 1 100 1 1 12 11 1 1 1 1 1 1 1 1 12 10 1 1 1 8 1 8 1 100 1 100 1 100 8 8 8 8 8 8 8 8 8 8 8 8 8 8 8 8 8 1 1 12 10 1 100 1 12 10 1 100 10 1 100 1 1 1 1 1 1 1 1 1 1
instanceKlass org/jetbrains/kotlin/load/java/lazy/descriptors/LazyJavaTypeParameterDescriptor
instanceKlass org/jetbrains/kotlin/resolve/lazy/descriptors/LazyTypeParameterDescriptor
instanceKlass org/jetbrains/kotlin/serialization/deserialization/descriptors/DeserializedTypeParameterDescriptor
ciInstanceKlass org/jetbrains/kotlin/descriptors/impl/AbstractLazyTypeParameterDescriptor 1 1 107 1 100 1 7 1 1 1 1 1 1 12 10 12 10 1 1 1 1 1 1 1 1 1 1 1 1 1 1 1 1 1 1 1 1 1 1 1 8 1 100 1 12 10 1 8 1 100 1 100 1 8 1 1 12 10 1 100 1 12 9 1 100 1 12 10 1 1 12 10 1 8 1 12 10 12 10 1 1 12 10 1 1 12 10 1 8 8 8 8 8 8 8 8 8 8 1 100 1 12 10 1 1 1 1 1 1
ciInstanceKlass org/jetbrains/kotlin/serialization/deserialization/descriptors/DeserializedTypeParameterDescriptor 1 1 289 1 7 1 7 1 1 1 3 3 3 1 1 3 1 1 1 1 1 1 1 1 1 1 1 1 1 1 1 1 1 1 1 1 1 1 1 1 1 1 1 7 1 7 1 1 7 1 7 1 1 100 1 100 1 1 7 1 1 100 1 1 7 1 1 8 1 7 1 1 12 10 8 1 7 1 1 12 10 1 1 12 10 1 12 9 1 1 12 10 1 1 12 10 1 1 12 10 1 7 1 12 10 1 7 1 1 12 9 1 1 12 10 1 8 1 12 10 1 1 12 10 1 1 12 10 1 7 1 1 12 9 1 12 9 1 12 10 12 9 12 9 1 7 1 12 10 1 7 1 12 10 12 9 1 1 1 1 1 1 12 10 1 7 1 1 12 10 1 7 1 12 11 1 7 1 7 1 1 12 10 1 7 1 1 12 10 1 7 1 1 12 10 1 100 1 1 12 10 1 100 1 1 12 10 1 12 10 1 100 1 1 12 11 1 100 1 100 1 12 11 1 1 12 11 1 12 10 1 1 12 11 1 1 1 1 1 1 1 1 1 1 1 1 1 1 8 1 100 1 100 1 12 10 1 8 1 1 12 10 1 12 10 1 1 12 10 1 12 10 12 10 1 12 10 1 1 1 1 1 1 1 1 1 1 1 1 1 1
ciInstanceKlass org/jetbrains/kotlin/resolve/lazy/declarations/AbstractPsiBasedDeclarationProvider$index$1 1 1 65 1 7 1 1 7 1 100 1 1 7 1 1 12 1 1 3 3 3 1 3 1 3 1 1 1 1 1 1 1 7 1 1 1 1 12 9 1 12 10 1 1 1 1 1 1 12 10 1 1 12 10 1 1 12 10 1 1 1 1 1 1 1 1 1
ciInstanceKlass org/jetbrains/kotlin/resolve/lazy/declarations/AbstractPsiBasedDeclarationProvider$Index 1 1 267 1 7 1 7 1 1 1 3 3 3 1 1 3 1 1 1 1 1 1 1 1 1 1 1 1 1 1 1 1 1 1 1 1 1 1 1 1 1 1 1 1 1 1 1 1 1 1 1 1 1 1 1 1 1 1 1 1 1 1 100 1 1 1 1 1 1 1 1 1 1 1 12 10 1 7 10 12 9 1 7 1 1 12 10 12 9 12 9 12 9 12 9 12 9 12 9 1 7 10 12 9 1 1 1 1 1 1 1 1 1 1 8 1 7 1 1 12 10 1 7 1 7 1 100 1 1 12 10 1 7 1 7 1 7 1 1 12 10 1 1 12 10 1 7 1 7 1 1 12 10 1 12 10 1 7 10 1 7 1 1 12 10 1 7 1 100 1 12 10 1 1 12 10 10 1 7 1 1 12 10 1 100 1 1 12 11 1 100 1 1 12 11 1 1 12 11 1 100 10 10 1 7 1 100 1 100 10 1 8 1 1 12 10 1 12 10 1 12 10 1 12 10 1 1 1 8 1 100 1 100 11 1 12 11 11 1 100 1 1 1 1 1 1 1 1 1 1 1 1 1 1 1 1 1 1 1 1 1 1 1 1 1 1 1 1 1
ciInstanceKlass org/jetbrains/kotlin/resolve/lazy/descriptors/LazyClassDescriptor 1 1 1460 1 7 1 7 1 7 1 100 1 1 7 1 1 7 1 7 1 100 1 7 1 7 1 7 1 1 7 1 7 1 1 7 1 100 1 1 7 1 7 1 100 1 100 1 1 1 1 1 1 1 1 1 1 1 1 1 1 1 1 1 1 1 1 1 1 1 1 1 1 1 1 1 1 1 1 1 1 1 1 1 1 1 1 1 1 1 1 1 1 1 1 1 1 1 1 1 1 1 1 1 1 1 1 1 12 10 1 7 1 1 12 11 1 7 1 1 12 11 1 7 1 1 12 10 1 12 10 12 9 12 9 1 1 12 11 1 7 1 1 12 11 12 9 1 1 12 10 12 9 1 1 12 11 12 9 1 7 1 12 9 1 7 1 12 10 1 7 1 7 1 1 12 9 1 100 12 9 1 12 10 12 9 1 7 1 12 10 12 9 1 1 12 11 1 12 10 1 16 1 1 12 10 15 16 1 7 1 1 12 10 15 1 1 12 18 1 1 12 11 12 9 1 7 1 12 9 1 7 1 1 12 9 1 12 9 1 1 12 10 15 1 12 18 1 7 1 1 12 10 1 7 1 12 9 1 12 9 1 7 1 1 12 10 1 100 12 9 1 7 1 1 12 9 1 1 12 10 1 1 12 10 12 9 1 12 9 12 9 1 12 9 12 9 1 7 1 1 12 10 12 9 1 12 10 1 7 12 11 12 9 1 12 10 12 9 1 12 10 12 9 1 7 1 12 10 1 7 1 1 12 10 1 7 1 100 1 1 12 10 1 7 1 1 12 11 1 12 10 1 12 11 1 7 1 1 12 11 1 1 12 11 1 12 10 1 12 10 12 9 1 12 9 1 1 12 10 1 12 11 12 9 10 1 1 12 10 15 16 1 12 18 1 1 12 11 12 9 1 16 1 1 12 10 15 1 16 1 12 18 1 1 12 11 12 9 1 1 12 10 15 16 18 1 1 12 11 12 9 1 7 1 1 12 11 1 1 12 10 15 16 18 1 12 10 12 9 1 1 12 10 15 16 1 12 18 12 9 1 1 12 10 15 1 12 18 12 9 1 7 1 1 12 9 1 7 1 1 12 11 1 1 12 10 15 1 16 1 12 18 12 9 1 1 12 10 15 1 12 18 12 9 1 7 1 1 12 9 1 7 1 1 12 11 1 12 9 1 7 1 1 12 10 1 1 1 1 1 1 1 1 1 1 1 1 1 1 1 1 1 1 1 1 12 10 1 1 12 11 1 12 10 1 12 10 1 1 1 1 12 10 1 100 1 8 1 7 1 1 12 10 1 1 12 9 1 7 1 1 12 9 1 12 10 1 1 1 1 12 9 1 1 12 11 1 7 1 1 12 11 1 1 12 10 15 1 16 1 12 18 1 1 12 10 1 1 1 12 10 1 1 1 1 12 11 1 7 1 1 12 11 1 12 11 1 7 1 1 12 11 1 7 1 12 10 1 7 12 11 1 12 10 1 12 10 1 12 10 1 12 10 1 1 7 11 1 1 1 12 10 1 1 12 10 1 1 12 10 15 16 1 12 18 1 7 1 1 12 10 1 1 1 1 7 12 10 1 100 1 1 1 12 10 1 1 1 1 7 11 1 1 1 1 12 11 1 100 1 1 12 11 1 12 10 1 1 1 1 1 12 10 1 12 11 1 1 12 10 15 1 16 1 12 18 1 12 10 1 1 1 12 10 1 1 12 10 1 7 1 1 12 10 12 9 1 100 10 1 7 1 7 1 1 12 9 1 1 12 11 1 1 12 11 12 10 1 100 10 1 8 1 1 12 10 1 12 10 1 1 12 10 1 12 10 1 1 1 1 1 12 11 1 7 1 1 12 11 1 100 1 1 12 10 1 12 9 1 12 9 1 12 9 1 12 10 1 12 10 1 1 1 1 7 1 1 12 10 1 1 12 10 1 12 10 1 12 10 12 10 12 10 1 1 1 1 1 1 1 1 1 1 100 1 100 1 12 9 1 1 12 11 1 100 1 1 12 11 1 7 1 12 10 1 12 10 1 12 11 1 100 1 12 9 1 100 10 1 1 12 10 1 12 11 1 100 11 1 1 12 11 1 100 1 1 12 11 1 1 12 11 1 1 12 10 15 16 1 1 12 18 1 7 1 12 11 1 7 1 1 12 10 1 1 12 11 1 100 1 1 12 10 1 1 1 1 1 1 1 1 1 1 1 1 12 11 12 11 12 11 1 100 1 1 12 11 1 12 10 1 100 1 1 12 11 11 1 1 1 1 1 1 1 1 1 100 1 8 1 12 10 1 8 1 8 1 8 1 100 1 8 10 10 1 1 12 10 12 10 1 100 12 10 10 1 12 10 12 10 1 12 10 12 10 1 12 10 12 10 12 10 1 12 10 12 10 10 1 1 12 10 12 10 1 12 10 12 10 12 10 12 10 1 12 10 1 12 11 1 12 11 1 1 12 11 1 100 1 12 11 1 12 11 1 100 1 12 11 12 10 1 1 1 1 1 1 1 1 12 10 1 7 1 12 10 1 1 12 10 1 1 12 11 1 7 1 1 12 10 12 9 1 12 10 1 1 1 100 1 12 10 1 1 1 7 1 1 12 10 1 12 11 1 12 9 1 7 1 1 12 10 1 12 10 1 1 1 10 10 1 7 1 1 12 11 16 1 1 12 10 15 1 16 1 12 18 1 1 12 11 16 1 7 1 12 10 15 1 16 1 1 12 18 1 12 11 1 12 9 1 100 1 12 10 1 100 12 10 1 1 12 10 1 12 9 1 1 1 1 1 1 1 1 1 1 12 10 1 100 1 1 12 11 1 100 1 1 12 10 1 12 10 1 100 1 100 1 1 12 10 1 100 1 1 12 10 1 1 1 1 1 1 1 1 12 9 1 1 12 11 1 100 1 1 12 10 12 10 1 12 11 1 7 1 12 10 1 1 12 11 1 7 12 9 1 100 1 1 12 9 1 100 1 1 12 10 1 1 12 11 1 12 9 1 12 9 1 12 9 10 1 12 9 12 10 1 7 10 10 1 7 1 12 10 11 1 1 1 1 1 1 1 1 1 1 1 1 12 10 1 1 12 11 1 1 12 10 1 1 1 100 1 1 12 10 1 8 1 7 1 1 12 10 1 1 1 1 1 7 1 12 10 12 10 15 16 18 1 8 1 8 1 100 1 100 8 8 8 8 8 8 8 8 8 8 8 8 8 8 8 8 8 8 8 8 8 8 8 8 8 8 8 8 8 8 8 8 8 8 8 8 1 1 12 10 1 100 10 1 100 1 1 1 1 1 1 1 1 1 1 1
staticfield org/jetbrains/kotlin/resolve/lazy/descriptors/LazyClassDescriptor VALID_SUPERTYPE Lkotlin/jvm/functions/Function1; org/jetbrains/kotlin/resolve/lazy/descriptors/LazyClassDescriptor$$Lambda+0x00000008005779e8
staticfield org/jetbrains/kotlin/resolve/lazy/descriptors/LazyClassDescriptor $assertionsDisabled Z 1
ciInstanceKlass org/jetbrains/kotlin/resolve/lazy/descriptors/LazyClassDescriptor$LazyClassTypeConstructor 1 1 299 1 7 1 7 1 1 7 1 1 100 1 100 1 1 1 1 1 1 1 1 12 9 1 1 12 10 1 7 1 1 12 11 1 12 10 1 16 1 1 12 10 15 16 1 7 1 1 12 10 15 1 1 12 18 1 7 1 1 12 11 12 9 1 1 1 1 1 1 12 10 1 1 12 10 1 100 1 1 1 100 1 1 12 10 1 100 1 1 12 11 1 100 1 1 12 11 1 1 12 10 1 1 1 1 1 1 1 1 1 1 12 11 1 7 1 1 12 9 1 7 1 1 12 11 1 1 100 1 1 12 10 1 100 1 1 12 10 1 100 1 100 1 1 12 9 1 100 1 1 12 10 1 100 1 1 12 11 1 1 1 100 1 12 10 1 7 1 1 12 11 1 100 1 100 1 12 11 1 12 11 1 100 1 1 12 10 1 100 1 1 12 9 1 1 12 11 1 12 11 1 100 11 1 12 9 1 1 1 1 1 1 1 1 1 1 1 1 1 1 1 1 1 12 11 1 100 1 1 1 7 12 11 1 1 1 1 1 1 12 10 1 100 12 10 12 10 1 7 1 1 12 10 1 8 1 8 1 100 1 100 1 100 8 8 8 8 8 8 8 8 8 8 8 8 1 1 12 10 1 100 1 12 10 1 100 10 1 100 1 1 1 1 1 1 1 1 1 1
ciInstanceKlass org/jetbrains/kotlin/storage/LockBasedStorageManager$3 1 1 88 1 7 1 1 7 1 1 100 1 1 12 1 100 1 1 1 1 1 1 1 1 12 9 12 9 1 12 10 1 1 1 1 1 1 1 1 1 1 1 100 1 1 12 10 1 100 1 1 12 11 1 1 12 10 1 1 12 10 1 1 1 8 1 100 8 8 1 100 1 1 12 10 1 100 1 12 10 1 1 1 1 1 1 1 1 1 1
ciInstanceKlass org/jetbrains/kotlin/load/java/lazy/descriptors/LazyJavaClassDescriptor 1 1 700 1 7 1 7 1 7 1 1 1 3 3 3 1 1 3 1 1 1 1 1 1 1 1 1 1 1 1 1 1 1 1 1 1 1 1 1 1 1 1 1 1 1 1 1 1 1 1 1 1 1 1 1 1 1 1 1 1 1 1 1 1 1 1 1 1 1 1 1 1 1 1 1 1 1 1 1 1 1 1 1 1 1 1 1 1 1 1 1 1 1 1 1 1 1 1 1 1 1 1 1 1 1 1 1 1 1 1 1 1 1 7 1 7 1 7 1 7 1 7 1 7 1 7 1 7 1 7 1 1 1 1 1 1 1 1 1 1 8 1 7 1 1 12 10 8 8 1 7 1 1 12 10 1 7 1 1 12 11 1 1 12 10 1 7 1 1 12 10 1 7 1 7 1 1 12 11 1 7 1 12 10 12 9 12 9 12 9 1 7 1 7 1 7 1 1 12 10 12 9 1 1 12 10 1 7 1 7 1 1 12 11 1 1 12 11 1 7 1 12 9 1 100 1 12 10 1 8 1 1 12 10 1 12 10 1 12 10 1 100 1 12 10 1 12 10 1 7 1 7 1 1 12 10 12 9 1 1 12 11 1 7 1 12 9 1 12 11 1 12 9 1 12 11 1 12 9 1 12 9 12 9 1 12 9 1 12 9 1 12 11 1 12 11 1 12 11 1 1 12 10 12 9 1 12 11 12 9 1 12 11 1 12 11 12 9 10 12 9 1 7 1 12 10 12 9 1 12 9 1 1 12 10 1 7 1 1 12 11 10 1 7 1 1 12 10 12 9 1 7 1 7 1 12 10 12 9 1 7 1 12 10 12 9 1 7 1 7 1 1 12 10 12 9 10 1 7 1 1 12 11 12 9 1 1 1 1 12 10 1 1 7 1 1 12 11 1 7 1 1 12 11 1 1 7 1 12 9 1 1 12 10 1 100 1 12 9 1 12 10 1 7 1 1 12 10 1 100 1 1 7 1 8 1 1 12 10 1 1 1 1 12 10 1 8 12 10 1 1 1 12 10 1 7 1 12 11 1 1 1 1 12 10 1 7 1 1 12 11 1 1 12 11 1 7 1 1 12 11 1 100 1 12 11 1 12 11 1 100 11 1 12 11 1 12 11 12 9 11 1 100 1 12 10 1 100 1 1 12 11 1 100 11 11 1 12 10 1 100 1 12 10 1 1 12 11 12 10 1 1 1 1 1 1 1 1 1 1 1 1 12 10 1 12 10 10 1 1 12 9 1 100 1 1 12 9 1 100 1 1 12 10 1 12 11 1 100 10 1 100 1 100 1 1 12 10 1 100 1 100 1 1 12 10 1 12 11 1 100 10 1 100 1 100 1 1 12 10 1 12 10 1 1 1 1 1 1 1 1 1 1 1 1 1 1 1 1 1 1 1 1 1 1 8 1 100 1 100 1 1 12 10 1 8 1 1 12 10 1 1 12 10 1 1 12 10 1 8 1 12 10 12 10 12 10 1 1 1 1 1 1 1 1 1 12 10 12 9 1 7 1 8 1 8 1 8 1 8 1 8 1 8 8 1 7 1 1 12 10 1 1 1 1 1 1 1 1 1 1 1
staticfield org/jetbrains/kotlin/load/java/lazy/descriptors/LazyJavaClassDescriptor Companion Lorg/jetbrains/kotlin/load/java/lazy/descriptors/LazyJavaClassDescriptor$Companion; org/jetbrains/kotlin/load/java/lazy/descriptors/LazyJavaClassDescriptor$Companion
staticfield org/jetbrains/kotlin/load/java/lazy/descriptors/LazyJavaClassDescriptor PUBLIC_METHOD_NAMES_IN_OBJECT Ljava/util/Set; java/util/LinkedHashSet
ciInstanceKlass org/jetbrains/kotlin/load/java/lazy/descriptors/LazyJavaClassDescriptor$LazyJavaClassTypeConstructor 1 1 512 1 7 1 7 1 1 1 3 3 3 1 1 3 1 1 1 1 1 1 1 1 1 1 1 1 1 1 1 1 1 1 1 1 1 1 1 1 1 1 1 1 1 7 1 1 7 1 100 1 100 1 1 1 1 1 1 1 12 9 1 1 12 10 1 7 1 1 12 10 1 12 10 12 10 1 7 1 7 1 1 12 11 12 9 1 1 1 1 7 1 1 12 11 1 7 1 1 1 1 12 10 1 7 1 12 11 1 7 1 7 1 1 12 11 1 12 10 1 12 10 1 1 12 11 1 7 1 7 1 1 12 11 1 12 11 1 7 1 1 12 10 1 7 1 7 1 1 12 9 1 7 1 1 12 10 1 7 1 1 12 10 1 1 12 10 1 7 1 1 12 10 1 7 1 1 12 10 1 1 12 10 1 7 1 12 11 1 7 1 1 12 10 1 7 1 1 12 10 1 7 1 1 12 10 1 1 12 10 1 7 1 7 1 1 12 10 1 7 1 1 12 10 1 1 12 11 1 7 1 1 12 9 1 7 1 1 12 10 1 7 1 1 12 10 1 12 11 1 1 12 10 1 12 10 1 7 1 7 1 1 12 10 11 1 100 1 8 1 1 12 10 1 1 12 11 11 1 1 12 11 1 1 12 10 1 1 12 10 1 7 1 1 12 11 1 12 10 1 1 12 10 1 1 1 1 1 1 1 1 1 1 1 1 1 1 1 1 1 1 1 1 1 1 1 1 12 10 1 100 1 12 10 1 100 1 1 12 9 1 1 12 10 1 7 1 1 12 9 1 7 1 7 1 1 12 10 1 1 12 10 1 100 1 1 12 9 1 100 1 1 12 10 1 12 11 12 11 11 10 1 8 1 12 10 1 100 1 100 11 1 12 10 1 1 12 10 1 100 1 12 10 1 100 1 12 10 1 12 9 1 1 12 10 1 100 1 1 12 10 1 1 1 1 1 1 1 1 1 1 1 1 1 1 1 1 12 10 1 7 1 12 9 8 1 7 1 1 12 11 1 100 1 1 12 11 1 100 1 12 11 1 1 12 10 1 100 1 12 10 1 100 1 100 1 100 1 1 12 10 1 12 10 1 1 1 1 12 10 1 1 12 10 1 100 1 12 10 1 8 1 7 1 1 1 1 1 1 1 1 1 1
ciInstanceKlass org/jetbrains/kotlin/types/typeUtil/TypeUtilsKt 1 1 1050 1 7 1 100 1 1 1 3 3 3 1 3 1 3 1 1 1 1 1 1 1 1 1 1 1 1 1 1 1 1 1 1 1 1 1 1 1 1 1 1 1 1 1 1 1 1 1 1 1 1 1 1 1 1 1 1 1 1 1 1 1 1 1 1 1 1 1 1 1 1 1 1 1 1 1 1 1 1 1 1 1 1 1 1 1 1 1 1 1 1 1 1 1 1 1 1 1 1 1 1 1 1 1 1 1 1 1 1 1 1 1 1 1 1 1 1 1 1 1 1 1 1 1 1 1 1 1 1 1 1 1 1 1 1 1 1 1 1 1 1 1 1 1 1 100 1 7 1 7 1 100 1 7 1 100 1 1 1 8 1 7 1 1 12 10 1 100 1 1 12 10 1 100 1 12 9 1 7 1 12 10 1 12 9 1 12 9 1 1 7 1 1 12 10 1 7 1 12 11 1 8 1 12 10 1 1 12 10 1 8 1 12 10 1 8 1 1 1 1 1 12 10 1 8 1 7 1 1 1 12 10 1 8 1 1 7 12 10 1 12 10 1 12 10 1 12 10 1 12 10 1 12 10 1 12 10 1 12 10 1 1 12 10 10 1 1 100 1 12 10 1 12 10 12 10 1 12 10 1 1 12 10 1 1 12 10 1 12 10 1 12 10 1 12 10 1 12 10 1 12 10 1 12 10 1 12 10 1 1 12 10 1 12 10 1 12 10 1 1 1 12 9 1 7 1 12 10 1 1 1 12 10 1 7 1 1 12 11 1 7 1 12 11 1 1 12 11 1 7 1 12 11 1 1 12 11 1 1 12 10 12 10 12 10 1 1 1 1 1 1 1 1 1 1 1 12 11 1 7 1 1 12 11 1 7 1 1 12 9 1 1 12 9 1 1 1 12 10 1 12 10 1 7 1 1 12 10 1 7 1 1 12 11 1 1 1 7 1 1 12 11 1 12 11 1 8 10 12 10 1 1 1 1 8 1 7 1 12 9 12 11 1 8 8 10 1 100 1 12 10 1 100 1 12 10 1 1 1 8 1 7 1 1 12 11 1 1 12 11 1 1 12 10 1 1 1 8 1 1 12 10 1 7 11 1 1 12 10 1 1 12 10 1 7 1 12 10 1 7 1 1 12 10 1 1 1 12 11 1 1 100 1 12 9 1 12 10 1 1 1 1 7 1 1 12 10 1 12 10 1 12 10 1 1 12 11 1 1 1 1 1 1 1 1 1 1 1 1 100 1 12 10 12 10 1 1 8 8 1 12 11 1 7 1 12 9 1 1 8 1 1 12 11 1 100 1 12 10 1 100 10 10 1 12 10 10 1 1 12 10 1 1 1 1 1 1 1 1 1 1 1 12 10 1 1 8 1 12 9 12 10 1 100 1 12 10 1 1 12 10 12 10 1 1 11 11 1 12 10 1 1 12 10 1 7 1 7 1 1 12 10 1 12 10 1 100 1 1 12 10 10 1 1 1 1 1 1 1 1 1 1 1 1 1 1 1 1 12 11 1 8 1 7 1 7 1 1 12 10 1 12 10 1 100 1 1 12 10 1 1 12 10 1 1 1 1 1 1 1 1 1 1 1 8 1 10 1 12 11 11 1 8 1 100 1 12 10 1 100 1 1 12 10 1 100 1 1 12 10 1 100 10 1 7 1 1 12 10 1 1 1 1 1 1 1 1 1 1 1 1 100 1 12 10 1 12 10 1 8 12 10 1 1 1 1 1 12 10 1 1 1 1 1 12 10 1 100 11 1 100 1 12 11 1 1 12 10 12 11 1 12 10 1 1 1 1 1 1 1 1 1 8 1 8 1 12 11 1 12 10 1 1 1 12 10 1 1 1 12 10 1 100 1 12 10 1 12 10 1 1 1 1 8 1 1 1 1 1 1 1 1 1 1 1 10 1 8 12 10 1 1 1 1 12 9 10 1 1 12 9 1 1 1 1 12 11 1 100 1 1 12 9 1 1 7 1 12 10 1 7 1 1 12 10 1 7 10 1 1 1 1 1 7 1 12 9 1 100 10 1 8 1 1 12 10 1 12 10 1 1 12 10 1 100 12 10 1 12 9 1 12 10 1 8 1 1 1 1 1 1 1 1 7 10 1 1 1 12 10 1 1 100 1 12 10 1 12 10 1 12 10 1 100 1 100 1 12 10 1 12 10 10 1 8 1 100 1 1 12 10 1 12 10 1 1 1 12 10 1 12 10 1 12 10 1 1 100 10 1 1 1 1 12 10 1 12 10 12 10 1 100 1 1 12 10 1 1 12 9 1 1 7 1 7 1 12 10 1 1 1 1 100 1 1 7 1 1 12 10 1 100 1 12 10 1 12 10 1 1 1 1 1 1 1 1 1 1 1 1
ciInstanceKlass org/jetbrains/kotlin/types/DynamicTypesKt 1 1 71 1 100 1 100 1 1 1 3 3 3 1 3 1 3 1 1 1 1 1 1 1 1 1 1 1 1 100 1 100 1 1 1 1 8 1 7 1 1 12 10 1 7 1 1 12 10 1 7 1 1 8 1 12 9 1 1 12 10 1 1 12 10 1 1 1 1 1 1 1 1
ciInstanceKlass org/jetbrains/kotlin/types/KotlinTypeKt 1 1 65 1 100 1 100 1 1 1 3 3 3 1 3 1 3 1 1 1 1 1 1 1 1 1 1 1 8 1 7 1 1 12 10 1 7 1 12 10 1 1 7 1 1 12 10 1 7 1 7 1 1 12 10 1 1 1 1 1 1 1 1 1 1 1 1
ciInstanceKlass org/jetbrains/kotlin/types/SpecialTypesKt 1 1 247 1 7 1 100 1 1 1 3 3 3 1 3 1 3 1 1 1 1 1 1 1 1 1 1 1 1 1 1 1 1 1 1 1 1 1 1 1 1 1 1 100 1 7 1 1 1 1 1 8 1 7 1 1 12 10 1 7 1 1 12 10 1 7 1 1 12 10 1 12 10 1 7 1 1 8 1 7 1 12 10 1 1 12 10 1 1 1 1 12 9 1 100 1 1 12 10 12 10 1 1 12 10 1 1 1 1 12 10 1 1 100 1 1 12 10 1 1 12 10 1 12 10 1 1 12 10 1 1 12 10 1 12 10 1 1 1 12 10 1 1 1 12 10 1 12 10 1 100 1 12 10 1 12 10 1 1 1 1 1 12 10 1 100 1 100 1 100 1 1 12 10 1 12 10 1 100 1 1 12 11 1 100 1 12 11 1 1 12 11 1 100 1 12 10 12 10 1 1 12 11 1 100 1 1 12 10 1 12 10 1 1 12 10 1 1 1 1 1 1 1 1 1 1 1 1 1 1 1 1 1 1 1 1 1 1 1 1 1 1 1 1 1 1 1 1 1
ciInstanceKlass org/jetbrains/kotlin/types/AbbreviatedType 1 1 113 1 7 1 7 1 1 1 3 3 3 1 1 3 1 1 1 1 1 1 1 1 1 1 1 1 1 1 1 1 1 1 1 1 1 1 1 1 1 1 1 8 1 7 1 1 12 10 8 1 12 10 12 9 12 9 1 12 10 1 8 1 7 12 10 12 10 1 1 12 10 1 1 1 1 8 1 100 1 100 1 1 12 10 1 8 1 12 10 1 10 1 7 12 10 1 1 12 10 1 12 10 1 1 1 100 1 1 1 1 1 1 1
ciInstanceKlass org/jetbrains/kotlin/types/TypeAttributesKt 1 1 118 1 100 1 100 1 1 1 3 3 3 1 3 1 3 1 1 1 1 1 1 1 1 1 1 1 1 1 1 7 1 7 1 1 1 1 8 1 7 1 1 12 10 1 7 1 1 12 9 1 12 10 1 1 1 1 12 10 1 1 8 1 7 1 12 10 1 1 12 10 1 7 1 7 1 1 12 10 1 7 1 1 12 11 1 7 1 1 12 11 1 12 11 1 7 1 1 12 10 1 12 10 1 1 1 1 1 1 1 1 1 1 1 1 1 1 1 1
ciInstanceKlass org/jetbrains/kotlin/types/AnnotationsTypeAttributeKt 1 1 136 1 7 1 100 1 1 1 3 3 3 1 3 1 3 1 1 1 1 1 1 1 1 1 1 1 1 1 1 1 1 1 1 1 7 1 7 1 1 7 1 7 1 1 1 1 1 1 8 1 7 1 1 12 10 12 9 12 9 1 7 1 1 12 11 1 7 1 12 10 1 12 10 1 12 9 1 12 10 1 1 1 1 7 1 7 8 1 7 1 1 12 10 8 1 8 1 1 12 10 1 7 1 1 12 10 1 12 9 1 1 12 10 1 1 12 10 1 8 1 12 10 1 1 1 1 1 1 1 1 1 1 1 1 1 1
staticfield org/jetbrains/kotlin/types/AnnotationsTypeAttributeKt $$delegatedProperties [Lkotlin/reflect/KProperty; 1 [Lkotlin/reflect/KProperty;
staticfield org/jetbrains/kotlin/types/AnnotationsTypeAttributeKt annotationsAttribute$delegate Lkotlin/properties/ReadOnlyProperty; org/jetbrains/kotlin/util/NullableArrayMapAccessor
instanceKlass org/jetbrains/kotlin/types/AnnotationsTypeAttribute
ciInstanceKlass org/jetbrains/kotlin/types/TypeAttribute 1 1 54 1 100 1 1 7 1 100 1 1 1 3 3 3 1 1 3 1 1 1 1 1 1 1 1 1 1 1 1 1 1 1 1 1 1 1 1 1 12 10 1 1 1 1 1 1 1 1 1 1 1 1 1 1
ciInstanceKlass org/jetbrains/kotlin/types/AnnotationsTypeAttribute 1 1 101 1 7 1 1 7 1 1 1 3 3 3 1 1 3 1 1 1 1 1 1 1 1 1 1 1 1 1 1 1 1 1 1 1 1 1 1 1 1 1 8 1 7 1 1 12 10 1 12 10 12 9 1 1 1 1 1 12 10 1 100 1 1 12 10 12 10 1 1 1 7 1 1 12 10 1 1 1 1 100 12 10 1 12 10 12 10 12 10 1 12 10 1 1 1 1 1 1 1 1 1
instanceKlass org/jetbrains/kotlin/util/NullableArrayMapAccessor
ciInstanceKlass org/jetbrains/kotlin/util/AbstractArrayMapOwner$AbstractArrayMapAccessor 1 1 72 1 7 1 1 7 1 1 1 3 3 3 1 1 3 1 1 1 1 1 1 1 1 1 1 1 1 1 1 1 1 1 1 7 1 1 1 1 12 10 12 9 1 1 1 1 8 1 7 1 1 12 10 1 1 12 10 1 7 1 1 12 10 1 1 1 1 1 1 1 1 1
ciInstanceKlass org/jetbrains/kotlin/util/NullableArrayMapAccessor 1 1 72 1 7 1 1 7 1 100 1 1 1 3 3 3 1 1 3 1 1 1 1 1 1 1 1 1 1 1 1 1 1 1 1 1 1 1 1 7 1 1 12 10 1 1 1 1 1 8 1 7 1 1 12 10 8 1 1 12 10 1 12 10 1 1 1 1 1 1 1 1 1 1
ciInstanceKlass org/jetbrains/kotlin/types/RawType 0 0 22 1 100 1 100 1 1 1 3 3 3 1 1 3 1 1 1 1 1 1 1 1
ciInstanceKlass org/jetbrains/kotlin/types/CustomTypeParameter 1 0 31 1 100 1 100 1 1 1 3 3 3 1 1 3 1 1 1 1 1 1 1 1 1 1 1 1 1 1 1 1 1
instanceKlass org/jetbrains/kotlin/types/TypeSubstitution$replaceWithNonApproximating$1
instanceKlass org/jetbrains/kotlin/types/DisjointKeysUnionTypeSubstitution
instanceKlass org/jetbrains/kotlin/types/TypeSubstitution$Companion$EMPTY$1
instanceKlass org/jetbrains/kotlin/types/DelegatedTypeSubstitution
instanceKlass org/jetbrains/kotlin/types/IndexedParametersSubstitution
instanceKlass org/jetbrains/kotlin/types/TypeConstructorSubstitution
ciInstanceKlass org/jetbrains/kotlin/types/TypeSubstitution 1 1 100 1 7 1 7 1 1 1 3 3 3 1 1 3 1 1 1 1 1 1 1 1 1 1 1 1 1 1 1 1 1 1 1 1 1 1 1 1 1 1 7 1 7 1 7 1 1 1 1 1 12 10 1 1 1 1 8 1 7 1 1 12 10 8 1 1 8 1 1 7 1 1 12 10 1 8 1 12 10 1 1 12 10 1 1 12 10 12 9 10 12 9 1 1 1 1 1 1 1 1
staticfield org/jetbrains/kotlin/types/TypeSubstitution Companion Lorg/jetbrains/kotlin/types/TypeSubstitution$Companion; org/jetbrains/kotlin/types/TypeSubstitution$Companion
staticfield org/jetbrains/kotlin/types/TypeSubstitution EMPTY Lorg/jetbrains/kotlin/types/TypeSubstitution; org/jetbrains/kotlin/types/TypeSubstitution$Companion$EMPTY$1
ciInstanceKlass org/jetbrains/kotlin/types/TypeSubstitutor$SubstitutionException 0 0 22 1 100 1 100 1 1 100 1 1 1 12 10 1 1 1 1 1 1 1 1 1
ciInstanceKlass org/jetbrains/kotlin/types/IndexedParametersSubstitution 1 1 156 1 7 1 7 1 1 1 3 3 3 1 1 3 1 1 1 1 1 1 1 1 1 1 1 1 1 1 1 1 1 1 1 1 1 1 1 1 1 1 1 1 1 1 1 8 1 7 1 1 12 10 8 1 12 10 12 9 12 9 12 9 1 7 1 12 9 1 100 10 1 8 1 1 12 10 1 12 10 1 8 1 1 12 10 1 100 1 12 10 1 1 1 1 12 10 1 8 1 7 1 7 1 1 12 11 7 1 7 7 12 10 1 1 1 1 1 1 1 1 8 1 7 1 1 12 10 1 7 1 1 12 11 1 1 12 11 1 12 11 1 1 12 10 1 1 1 1 1 1 1 1 1 1 1 1
ciInstanceKlass org/jetbrains/kotlin/descriptors/annotations/CompositeAnnotations 1 1 176 1 7 1 7 1 7 1 1 1 3 3 3 1 1 3 1 1 1 1 1 1 1 1 1 1 1 1 1 1 1 1 1 1 1 1 1 1 1 7 1 7 1 1 1 1 1 8 1 7 1 1 12 10 1 12 10 12 9 1 1 7 1 1 12 10 12 10 1 1 1 7 1 7 12 11 1 12 11 1 7 1 12 11 1 1 12 11 11 1 1 1 1 1 1 1 1 1 8 1 7 1 1 12 10 1 7 11 1 100 12 11 1 1 1 1 1 1 1 12 10 1 7 1 7 1 1 12 10 1 1 12 10 1 100 1 1 1 100 10 12 11 1 1 12 10 1 100 1 1 1 1 1 1 1 1 1 1 1 1 12 9 1 12 10 1 1 1 1 1 1 1 1 1 1 1
instanceKlass org/jetbrains/kotlin/types/StarProjectionImpl
instanceKlass org/jetbrains/kotlin/types/TypeProjectionImpl
ciInstanceKlass org/jetbrains/kotlin/types/TypeProjectionBase 1 1 82 1 7 1 7 1 100 1 1 1 12 10 1 1 1 1 1 1 12 10 1 8 1 1 12 10 1 7 1 1 12 9 1 1 12 10 12 10 1 100 10 1 1 12 10 1 8 1 12 10 10 1 1 11 11 11 1 7 12 10 1 1 1 1 1 1 12 10 1 7 1 1 12 10 10 1 1 1 1 1 1 1
ciInstanceKlass org/jetbrains/kotlin/types/TypeProjectionImpl 1 1 98 1 7 1 7 1 1 1 1 1 1 1 1 1 1 12 10 1 12 10 12 9 12 9 1 1 1 1 7 1 12 9 12 10 1 1 1 1 1 1 1 100 1 1 1 1 1 1 100 1 1 12 10 1 1 1 12 10 1 8 1 8 1 100 1 100 1 100 8 8 8 8 8 8 8 8 8 1 1 12 10 1 100 1 12 10 1 100 10 1 100 1 1 1 1 1 1 1
ciInstanceKlass org/jetbrains/kotlin/resolve/calls/inference/CapturedTypeConstructorKt 1 1 230 1 7 1 100 1 1 1 3 3 3 1 3 1 3 1 1 1 1 1 1 1 1 1 1 1 1 1 1 1 1 1 1 1 1 7 1 100 1 1 8 1 7 1 1 12 10 1 7 1 1 12 10 1 7 1 1 8 1 1 12 10 1 7 1 1 1 7 1 1 12 10 1 1 12 10 1 7 1 1 12 10 1 7 1 7 1 7 1 1 12 10 1 12 10 1 7 1 1 12 11 1 7 1 100 1 1 12 11 1 1 12 11 1 7 1 12 10 1 7 1 12 10 1 7 1 12 10 1 1 12 11 1 7 1 1 12 11 1 7 1 12 10 1 7 1 12 10 1 1 1 1 1 1 1 1 1 1 1 1 1 1 1 1 1 1 1 1 12 10 1 1 12 11 1 7 1 1 12 9 1 12 11 1 12 11 1 7 1 7 1 7 1 1 12 9 8 1 12 10 1 12 10 1 7 1 12 10 1 12 10 1 1 12 11 12 10 1 1 1 1 1 1 1 1 1 1 1 1 1
ciInstanceKlass org/jetbrains/kotlin/descriptors/impl/AbstractTypeParameterDescriptor$TypeParameterTypeConstructor 1 1 169 1 7 1 7 1 1 7 1 1 1 1 1 1 1 1 1 1 12 10 12 9 1 12 10 12 9 1 1 1 1 1 1 1 1 1 12 10 1 100 1 1 1 7 1 12 10 1 1 1 1 1 1 1 1 100 1 12 10 1 100 1 1 1 1 12 10 1 100 12 10 1 1 1 100 1 1 12 10 1 1 1 1 1 1 12 10 1 1 1 1 1 1 1 100 1 1 12 9 1 100 1 100 1 1 12 10 1 1 1 100 1 100 1 1 12 9 1 1 12 10 1 1 1 8 1 8 1 100 1 100 8 8 8 8 8 8 8 8 8 8 8 8 8 8 1 1 12 10 1 100 1 12 10 1 100 10 1 100 1 1 1 1 1 1 1 1 1 1
instanceKlass org/jetbrains/kotlin/types/NotNullSimpleType
instanceKlass org/jetbrains/kotlin/types/SimpleTypeWithAttributes
instanceKlass org/jetbrains/kotlin/types/NullableSimpleType
ciInstanceKlass org/jetbrains/kotlin/types/DelegatingSimpleTypeImpl 1 1 85 1 7 1 7 1 1 1 3 3 3 1 1 3 1 1 1 1 1 1 1 1 1 1 1 1 1 1 1 1 1 1 1 8 1 7 1 1 12 10 1 12 10 12 9 1 1 8 1 1 12 10 1 7 1 7 1 12 10 1 1 1 12 10 12 10 12 10 12 10 1 1 10 1 7 1 10 1 1 1 1 1 1 1 1
ciInstanceKlass org/jetbrains/kotlin/types/NullableSimpleType 1 1 54 1 100 1 7 1 1 1 3 3 3 1 1 3 1 1 1 1 1 1 1 1 1 1 1 1 1 1 1 8 1 7 1 1 12 10 12 10 1 1 1 10 1 12 10 1 100 1 1 1 1 1 1 1
ciInstanceKlass org/jetbrains/kotlin/types/TypeWithEnhancement 1 0 32 1 100 1 100 1 1 1 3 3 3 1 1 3 1 1 1 1 1 1 1 1 1 1 1 1 1 1 1 1 1 1
ciInstanceKlass org/jetbrains/kotlin/types/FlexibleTypesKt 1 1 219 1 100 1 100 1 1 1 3 3 3 1 3 1 3 1 1 1 1 1 1 1 1 1 1 1 1 1 1 1 1 1 1 1 1 1 8 1 7 1 1 12 10 1 7 1 1 12 10 1 7 1 1 1 8 1 12 10 1 1 1 12 10 1 7 1 1 12 10 1 12 10 1 1 1 1 1 1 100 1 1 12 11 1 100 1 100 1 1 12 10 1 1 12 11 1 100 1 12 11 1 1 12 11 1 12 11 1 1 12 10 1 100 1 1 12 9 1 1 12 10 1 1 1 1 1 1 1 1 1 1 1 1 1 1 1 1 1 100 1 100 1 1 12 10 1 1 12 10 1 1 12 11 1 1 12 11 1 100 1 1 12 10 1 100 11 1 1 12 11 12 10 1 100 1 12 10 1 100 1 12 10 1 1 1 1 1 1 1 1 1 1 1 1 1 1 100 1 100 1 12 10 1 1 1 1 1 1 1 1 1 1 1 1 1 1 1 1 1
ciInstanceKlass org/jetbrains/kotlin/types/TypeSubstitutionKt 1 1 200 1 7 1 100 1 1 1 3 3 3 1 3 1 3 1 1 1 1 1 1 1 1 1 1 1 1 1 1 1 1 1 100 1 100 1 1 1 1 1 1 8 1 7 1 1 12 10 8 8 8 1 7 1 1 12 11 1 7 1 1 12 10 1 1 12 10 1 1 12 10 1 7 11 1 12 9 1 12 10 1 100 1 7 1 1 12 10 1 1 12 10 1 100 1 1 12 10 1 12 10 1 12 10 1 7 1 1 12 10 1 100 1 7 1 100 1 1 12 10 1 1 1 1 1 1 12 10 1 8 10 1 1 12 10 1 7 1 1 12 10 1 1 12 10 1 12 10 1 1 12 10 1 10 1 1 100 1 100 10 1 8 1 1 12 10 1 12 10 1 1 12 10 10 1 12 10 1 1 1 12 10 1 1 1 1 1 12 10 1 1 1 1 1 1 1 1 1 1 1
ciInstanceKlass org/jetbrains/kotlin/resolve/calls/inference/CapturedTypeConstructor 1 0 33 1 100 1 100 1 100 1 100 1 1 1 3 3 3 1 1 3 1 1 1 1 1 1 1 1 1 1 1 1 1 1 1
ciInstanceKlass org/jetbrains/kotlin/types/TypeWithEnhancementKt 1 1 267 1 7 1 100 1 1 1 3 3 3 1 3 1 3 1 1 1 1 1 1 1 1 1 1 1 1 1 1 1 1 1 1 1 1 1 1 1 1 1 1 1 1 1 1 8 1 7 1 1 12 10 1 7 1 12 11 1 7 1 1 1 1 7 1 7 1 7 1 1 12 10 1 1 12 10 1 7 1 1 12 11 1 7 1 1 12 11 1 1 12 11 1 7 1 12 11 1 12 11 1 8 1 12 10 12 10 1 1 12 11 1 8 1 1 12 11 1 7 1 1 1 1 1 1 1 1 1 1 1 1 1 1 1 1 1 1 1 1 1 12 11 1 1 12 10 1 12 11 1 100 1 12 10 1 12 10 1 1 12 11 1 1 1 1 1 1 1 1 1 1 1 12 10 1 7 1 1 12 10 1 7 1 1 12 10 12 10 1 12 10 1 7 10 1 10 12 10 12 10 1 100 1 1 12 10 1 1 1 1 1 1 1 12 10 1 12 10 1 1 1 8 8 1 7 1 1 12 11 1 12 10 1 1 1 12 11 1 1 12 10 1 100 1 12 10 1 7 1 12 10 1 100 1 12 10 1 1 1 1 1 1 1 1 1 1 1
ciInstanceKlass org/jetbrains/kotlin/types/SimpleTypeWithEnhancement 0 0 150 1 100 1 100 1 100 1 1 1 3 3 3 1 1 3 1 1 1 1 1 1 1 1 1 1 1 1 1 1 1 1 1 1 1 1 1 1 1 1 1 1 1 1 1 1 1 8 1 100 1 1 12 10 8 1 12 10 12 9 12 9 1 12 10 1 8 12 10 1 100 12 10 1 100 12 10 1 100 1 1 12 10 1 8 1 12 10 1 12 10 1 100 1 1 12 10 1 12 10 1 1 1 12 10 1 8 1 100 1 100 1 1 12 10 1 1 100 10 1 8 1 1 12 10 1 12 10 1 8 12 10 1 10 10 1 12 10 1 12 10 1 1 1 1 1 1 1 1 1
ciInstanceKlass org/jetbrains/kotlin/util/OneElementArrayMap 1 1 93 1 7 1 1 7 1 1 1 3 3 3 1 1 3 1 1 1 1 1 1 1 1 1 1 1 1 1 1 1 1 1 1 1 1 1 1 1 1 1 7 1 1 1 1 1 8 1 7 1 1 12 10 1 12 10 12 9 12 9 1 1 1 1 100 1 12 10 1 1 1 100 1 1 12 10 1 1 1 12 10 1 7 1 1 1 1 1 1 1 1 1 1
ciInstanceKlass org/jetbrains/kotlin/types/SimpleTypeWithAttributes 1 1 62 1 7 1 7 1 1 1 3 3 3 1 1 3 1 1 1 1 1 1 1 1 1 1 1 1 1 1 1 1 8 1 7 1 1 12 10 8 1 12 10 12 9 1 1 1 12 10 12 10 1 12 10 1 100 1 1 1 1 1 1 1
ciInstanceKlass org/jetbrains/kotlin/types/StarProjectionImplKt$buildStarProjectionTypeByTypeParameters$1 1 1 89 1 7 1 7 1 1 100 1 1 12 1 1 3 3 3 1 1 3 1 1 1 1 1 1 1 1 1 1 1 1 1 1 1 12 9 1 12 10 1 1 1 1 1 8 1 7 1 1 12 10 1 7 1 1 12 11 1 100 1 1 12 11 1 8 1 12 10 1 100 1 100 1 1 12 10 1 100 1 1 1 1 1 1 1 1 1 1 1
ciInstanceKlass org/jetbrains/kotlin/load/java/lazy/descriptors/LazyJavaTypeParameterDescriptor 1 1 252 1 7 1 7 1 1 1 3 3 3 1 1 3 1 1 1 1 1 1 1 1 1 1 1 1 1 1 1 1 1 1 1 1 1 1 1 1 1 1 1 1 1 8 1 7 1 1 12 10 8 8 1 7 1 1 12 10 1 7 1 7 1 12 10 1 7 1 7 1 1 12 11 1 7 1 1 12 9 1 7 1 1 12 9 1 1 12 10 1 7 1 1 12 10 1 12 10 12 9 12 9 1 1 1 1 12 10 1 1 12 11 1 7 1 1 12 11 1 1 12 10 1 100 1 1 12 11 1 100 1 1 12 10 1 8 1 12 10 1 12 10 1 8 1 100 1 1 12 10 1 7 1 1 12 10 1 7 1 7 1 1 12 10 1 12 10 1 1 12 11 1 7 1 12 11 1 1 12 11 1 7 1 1 12 10 1 7 1 7 1 1 12 9 1 7 1 7 1 1 12 10 1 7 1 1 12 10 1 1 12 11 1 7 1 1 1 1 1 1 1 1 1 1 1 1 1 1 8 1 1 12 10 1 7 1 1 12 10 1 1 8 1 1 1 1 1 1 1 1 1 1
ciInstanceKlass org/jetbrains/kotlin/types/FlexibleTypeImpl 1 1 265 1 7 1 7 1 100 1 1 1 3 3 3 1 1 3 1 1 1 1 1 1 1 1 1 1 1 1 1 1 1 1 1 1 1 1 1 1 1 1 1 1 1 1 1 1 1 1 1 1 1 1 1 1 1 1 1 1 7 1 1 1 1 1 1 8 1 7 1 1 12 10 8 12 10 1 1 12 9 12 9 1 12 10 1 7 1 100 1 1 12 10 1 100 1 12 9 1 100 12 10 1 8 1 1 12 10 1 12 10 1 12 10 1 100 1 12 10 1 12 10 1 8 1 1 12 10 1 8 1 8 1 100 1 1 12 9 1 1 12 11 1 8 1 8 1 1 1 1 1 12 10 1 7 1 1 12 10 1 7 1 1 12 11 1 7 1 8 1 1 12 10 1 100 1 12 10 1 7 1 1 12 10 1 100 10 1 7 1 1 12 10 1 1 8 1 12 10 1 8 8 1 100 1 12 11 1 12 10 1 100 1 1 12 10 1 8 1 100 1 1 12 10 1 1 12 10 1 1 1 8 1 100 1 100 1 1 12 10 1 8 1 12 10 10 1 12 10 1 1 1 12 10 12 9 1 1 1 1 1 1 1 1 1 1
staticfield org/jetbrains/kotlin/types/FlexibleTypeImpl Companion Lorg/jetbrains/kotlin/types/FlexibleTypeImpl$Companion; org/jetbrains/kotlin/types/FlexibleTypeImpl$Companion
ciInstanceKlass org/jetbrains/kotlin/load/java/typeEnhancement/EnhancedTypeAnnotations 1 1 104 1 7 1 7 1 100 1 1 1 3 3 3 1 1 3 1 1 1 1 1 1 1 1 1 1 1 1 1 1 1 1 1 7 1 1 1 8 1 7 1 1 12 10 1 12 10 12 9 1 1 1 1 8 1 1 12 10 1 100 1 12 9 1 1 1 7 1 1 12 10 1 7 12 11 1 1 1 1 1 1 12 10 1 1 1 12 10 1 12 10 1 100 1 1 1 1 1 1 1 1 1 1 1
ciInstanceKlass org/jetbrains/kotlin/types/TypeCapabilitiesKt 1 1 84 1 100 1 100 1 1 1 3 3 3 1 3 1 3 1 1 1 1 1 1 1 1 1 1 1 1 1 1 1 1 1 8 1 7 1 1 12 10 1 7 1 1 12 10 1 7 1 1 12 11 1 1 1 1 1 1 1 1 1 100 1 1 12 11 1 1 12 11 1 1 8 8 1 12 11 1 1 1 1 1 1 1 1
ciInstanceKlass org/jetbrains/kotlin/types/TypeConstructorSubstitution$Companion$createByConstructorsMap$1 1 1 79 1 7 1 7 1 1 100 1 1 12 1 1 3 3 3 1 1 3 1 1 1 1 1 1 1 1 1 1 1 1 1 1 1 1 1 1 1 1 1 12 9 12 9 1 12 10 1 1 1 1 1 8 1 7 1 1 12 10 1 7 1 12 11 1 7 1 12 11 1 1 1 1 1 1 1 1 1 1
ciInstanceKlass org/jetbrains/kotlin/types/FlexibleTypeWithEnhancement 1 1 171 1 7 1 7 1 100 1 1 1 3 3 3 1 1 3 1 1 1 1 1 1 1 1 1 1 1 1 1 1 1 1 1 1 1 1 1 1 1 1 1 1 1 1 1 1 1 1 1 1 1 1 1 8 1 7 1 1 12 10 8 1 12 10 1 12 10 1 12 10 12 9 12 9 1 1 8 12 10 12 10 12 10 1 100 1 1 12 10 1 12 10 1 100 1 1 12 10 1 7 10 1 1 8 8 1 100 1 1 12 11 1 100 1 1 12 10 12 10 12 10 1 1 8 1 100 1 100 1 1 12 10 1 8 1 12 10 12 10 1 1 100 1 12 10 1 8 1 1 12 10 1 12 10 1 8 12 10 1 12 10 1 1 1 1 1 1 1 1 1 1
ciInstanceKlass org/jetbrains/kotlin/types/TypeSubstitutor$VarianceConflictType 1 1 55 1 7 1 1 7 1 1 100 1 1 1 1 1 1 1 1 1 12 9 7 1 1 12 10 1 1 1 12 10 1 1 1 1 1 12 10 1 1 8 10 12 9 8 12 9 8 12 9 1 1 1 1 1 1
staticfield org/jetbrains/kotlin/types/TypeSubstitutor$VarianceConflictType NO_CONFLICT Lorg/jetbrains/kotlin/types/TypeSubstitutor$VarianceConflictType; org/jetbrains/kotlin/types/TypeSubstitutor$VarianceConflictType
staticfield org/jetbrains/kotlin/types/TypeSubstitutor$VarianceConflictType IN_IN_OUT_POSITION Lorg/jetbrains/kotlin/types/TypeSubstitutor$VarianceConflictType; org/jetbrains/kotlin/types/TypeSubstitutor$VarianceConflictType
staticfield org/jetbrains/kotlin/types/TypeSubstitutor$VarianceConflictType OUT_IN_IN_POSITION Lorg/jetbrains/kotlin/types/TypeSubstitutor$VarianceConflictType; org/jetbrains/kotlin/types/TypeSubstitutor$VarianceConflictType
staticfield org/jetbrains/kotlin/types/TypeSubstitutor$VarianceConflictType $VALUES [Lorg/jetbrains/kotlin/types/TypeSubstitutor$VarianceConflictType; 3 [Lorg/jetbrains/kotlin/types/TypeSubstitutor$VarianceConflictType;
ciInstanceKlass org/jetbrains/kotlin/types/TypeSubstitutor$2 1 1 43 1 7 1 100 1 1 100 1 7 1 1 1 1 1 1 100 1 1 12 10 12 9 1 1 12 9 1 1 12 10 1 12 9 1 12 9 1 1 1 1 1 1
staticfield org/jetbrains/kotlin/types/TypeSubstitutor$2 $SwitchMap$org$jetbrains$kotlin$types$TypeSubstitutor$VarianceConflictType [I 3
ciInstanceKlass org/jetbrains/kotlin/descriptors/annotations/FilteredAnnotations 0 0 168 1 7 1 7 1 100 1 1 1 3 3 3 1 1 3 1 1 1 1 1 1 1 1 1 1 1 1 1 1 1 1 1 1 1 1 1 1 1 1 1 1 100 1 1 1 1 1 1 1 8 1 7 1 1 12 10 8 1 12 10 12 9 12 9 12 9 1 1 12 10 1 8 1 100 1 1 12 11 1 100 1 1 12 10 12 11 1 1 12 11 1 100 1 1 1 7 1 7 10 1 7 12 11 1 7 1 12 11 1 1 12 11 1 12 10 1 1 12 11 1 7 11 1 1 1 1 1 1 1 1 1 1 1 1 12 11 1 1 1 1 1 1 1 12 11 1 1 1 1 1 1 1 1 12 10 1 1 1 1 1 1 1 1 1 1 1 1
ciInstanceKlass org/jetbrains/kotlin/types/checker/NewCapturedTypeConstructor 0 0 257 1 100 1 100 1 100 1 1 1 3 3 3 1 1 3 1 1 1 1 1 1 1 1 1 1 1 1 1 1 1 1 1 1 1 1 1 1 1 1 1 1 1 1 1 1 1 1 1 1 1 1 1 1 1 1 1 1 1 1 100 1 100 1 100 1 100 1 1 1 1 1 1 8 1 100 1 1 12 10 1 12 10 12 9 12 9 12 9 12 9 1 100 1 1 12 9 1 12 10 1 100 1 100 1 1 12 10 12 9 1 1 12 10 1 8 1 12 10 12 10 1 1 12 10 1 1 100 1 1 12 11 1 100 1 1 100 1 1 12 9 1 100 10 1 8 1 1 12 10 1 12 10 1 8 1 12 10 1 100 1 12 10 10 1 1 12 10 1 100 1 12 10 1 1 1 1 12 10 1 100 1 1 12 11 1 8 1 12 10 1 100 1 12 10 1 1 8 1 12 11 1 8 1 12 10 1 1 1 1 1 12 10 1 100 1 1 12 10 1 8 1 12 10 1 1 12 10 10 1 8 1 12 10 1 12 10 1 100 1 12 10 1 100 1 1 1 1 1 1 1 1 1 1 1 1 1
ciMethod java/lang/Object <init> ()V 1024 0 3747814 0 80
ciMethod java/lang/Object getClass ()Ljava/lang/Class; 256 0 128 0 -1
ciMethod java/lang/Object hashCode ()I 256 0 128 0 -1
ciMethod java/lang/Object equals (Ljava/lang/Object;)Z 784 0 366525 0 -1
ciMethod java/lang/String isEmpty ()Z 512 0 199534 0 112
ciMethod java/lang/String equals (Ljava/lang/Object;)Z 810 0 7841 0 448
ciMethod java/lang/String hashCode ()I 514 0 19963 0 -1
ciMethod java/lang/String lastIndexOf (I)I 512 0 103876 0 -1
ciMethod java/lang/String substring (I)Ljava/lang/String; 614 0 77052 0 -1
ciMethod java/lang/String substring (II)Ljava/lang/String; 514 0 54017 0 -1
ciMethod java/lang/System identityHashCode (Ljava/lang/Object;)I 256 0 128 0 -1
ciMethod java/lang/Runnable run ()V 0 0 1 0 -1
ciMethod java/lang/Enum ordinal ()I 256 0 128 0 0
ciMethod java/lang/Iterable iterator ()Ljava/util/Iterator; 0 0 1 0 -1
ciMethod java/util/Collection isEmpty ()Z 0 0 1 0 -1
ciMethod java/util/Collection toArray ()[Ljava/lang/Object; 0 0 1 0 -1
ciMethod java/util/List size ()I 0 0 1 0 -1
ciMethod java/util/List isEmpty ()Z 0 0 1 0 -1
ciMethod java/util/List add (Ljava/lang/Object;)Z 0 0 1 0 -1
ciMethod java/util/List get (I)Ljava/lang/Object; 0 0 1 0 -1
ciMethod java/util/ArrayList <init> (I)V 540 0 6597 0 856
ciMethod java/util/ArrayList <init> (Ljava/util/Collection;)V 30 0 9645 0 1072
ciMethod java/util/ArrayList grow (I)[Ljava/lang/Object; 44 0 25241 0 976
ciMethod java/util/ArrayList grow ()[Ljava/lang/Object; 44 0 28913 0 0
ciMethod java/util/ArrayList isEmpty ()Z 158 0 30873 0 96
ciMethod java/util/ArrayList elementData (I)Ljava/lang/Object; 512 0 2088770 0 144
ciMethod java/util/ArrayList get (I)Ljava/lang/Object; 512 0 2046240 0 208
ciMethod java/util/ArrayList add (Ljava/lang/Object;[Ljava/lang/Object;I)V 514 0 240664 0 0
ciMethod java/util/ArrayList add (Ljava/lang/Object;)Z 512 0 240664 0 512
ciMethod java/util/AbstractList <init> ()V 38 0 272003 0 88
ciMethod java/util/AbstractCollection <init> ()V 628 0 395623 0 80
ciMethod java/util/Iterator hasNext ()Z 0 0 1 0 -1
ciMethod java/util/Iterator next ()Ljava/lang/Object; 0 0 1 0 -1
ciMethod java/util/Objects checkIndex (II)I 512 0 2176215 0 -1
ciMethod java/lang/StringLatin1 equals ([B[B)Z 772 538 1613 0 -1
ciMethod java/lang/Math max (II)I 634 0 725011 0 -1
ciMethod jdk/internal/util/ArraysSupport newLength (III)I 512 0 17721 0 128
ciMethod jdk/internal/util/ArraysSupport hugeLength (II)I 0 0 1 0 -1
ciMethod jdk/internal/util/Preconditions checkIndex (IILjava/util/function/BiFunction;)I 788 0 2553 0 -1
ciMethod java/util/Arrays copyOf ([Ljava/lang/Object;I)[Ljava/lang/Object; 214 0 56305 0 680
ciMethod java/util/Arrays copyOf ([Ljava/lang/Object;ILjava/lang/Class;)[Ljava/lang/Object; 4420 0 9508 0 -1
ciMethod java/util/concurrent/locks/Lock lock ()V 0 0 1 0 -1
ciMethod java/util/concurrent/locks/Lock tryLock (JLjava/util/concurrent/TimeUnit;)Z 0 0 1 0 -1
ciMethod java/util/concurrent/locks/Lock unlock ()V 0 0 1 0 -1
ciMethodData java/lang/Object <init> ()V 2 3747302 orig 80 0 0 0 0 0 0 0 0 0 0 0 0 0 0 0 0 0 0 0 0 0 0 0 0 0 0 0 0 0 0 0 0 0 0 0 0 0 0 0 0 0 0 0 0 0 0 0 0 0 0 0 0 0 0 0 0 0 0 0 0 0 0 0 0 0 0 0 0 0 0 0 0 0 0 0 0 0 0 0 0 data 4 0x0 0x9 0x1 0x0 oops 0 methods 0
ciMethod java/util/Collections emptyList ()Ljava/util/List; 562 0 107821 0 -1
ciMethodData java/lang/String equals (Ljava/lang/Object;)Z 2 7436 orig 80 0 0 0 0 0 0 0 0 0 0 0 0 255 127 0 0 0 0 0 0 0 0 0 0 0 0 0 0 0 0 0 0 0 0 0 0 0 0 0 0 0 0 0 0 0 0 0 0 0 0 0 0 0 0 0 0 0 0 0 0 0 0 0 0 0 0 0 0 0 0 0 0 0 0 0 0 0 0 0 0 data 49 0x20007 0x185e 0x20 0x4ae 0x80104 0x0 0x0 0x1daf211d828 0x185d 0x0 0x0 0xb0007 0x1 0xe0 0x185d 0xf0004 0x0 0x0 0x1daf211d828 0x185d 0x0 0x0 0x160007 0x0 0x40 0x185d 0x210007 0x0 0x68 0x185d 0x2c0002 0x185d 0x2f0007 0x13b2 0x38 0x4ab 0x330003 0x4ab 0x18 0x0 0x0 0x0 0x0 0x0 0x0 0x9 0x2 0x0 0x0 oops 2 7 java/lang/String 18 java/lang/String methods 0
ciMethodData java/util/AbstractCollection <init> ()V 2 395309 orig 80 0 0 0 0 0 0 0 0 0 0 0 0 0 0 0 0 0 0 0 0 0 0 0 0 0 0 0 0 0 0 0 0 0 0 0 0 0 0 0 0 0 0 0 0 0 0 0 0 0 0 0 0 0 0 0 0 0 0 0 0 0 0 0 0 0 0 0 0 0 0 0 0 0 0 0 0 0 0 0 0 data 7 0x10002 0x6082d 0x0 0x0 0x9 0x1 0x0 oops 0 methods 0
ciMethodData java/lang/String isEmpty ()Z 2 199278 orig 80 0 0 0 0 0 0 0 0 0 0 0 0 255 127 0 0 0 0 0 0 0 0 0 0 0 0 0 0 0 0 0 0 0 0 0 0 0 0 0 0 0 0 0 0 0 0 0 0 0 0 0 0 0 0 0 0 0 0 0 0 0 0 0 0 0 0 0 0 0 0 0 0 0 0 0 0 0 0 0 0 data 14 0x50007 0x2b539 0x38 0x5535 0x90003 0x5535 0x18 0x0 0x0 0x0 0x0 0x9 0x1 0x0 oops 0 methods 0
ciMethod kotlin/jvm/internal/Intrinsics checkNotNull (Ljava/lang/Object;Ljava/lang/String;)V 766 0 88253 0 104
ciMethod kotlin/jvm/internal/Intrinsics throwJavaNpe (Ljava/lang/String;)V 0 0 1 0 -1
ciMethod kotlin/jvm/internal/Intrinsics checkNotNullExpressionValue (Ljava/lang/Object;Ljava/lang/String;)V 776 0 5519 0 104
ciMethod kotlin/jvm/internal/Intrinsics checkNotNullParameter (Ljava/lang/Object;Ljava/lang/String;)V 528 0 5053377 0 104
ciMethod kotlin/jvm/internal/Intrinsics throwParameterIsNullNPE (Ljava/lang/String;)V 0 0 1 0 -1
ciMethod kotlin/jvm/internal/Intrinsics areEqual (Ljava/lang/Object;Ljava/lang/Object;)Z 782 0 745319 0 544
ciMethodData jdk/internal/util/ArraysSupport newLength (III)I 2 17465 orig 80 0 0 0 0 0 0 0 0 0 0 0 0 255 127 0 0 0 0 0 0 0 0 0 0 0 0 0 0 0 0 0 0 0 0 0 0 0 0 0 0 0 0 0 0 0 0 0 0 0 0 0 0 0 0 0 0 0 0 0 0 0 0 0 0 0 0 0 0 0 0 0 0 0 0 0 0 0 0 0 0 data 23 0x30002 0x4439 0xa0007 0x0 0x40 0x4439 0x100007 0x0 0x20 0x4439 0x170002 0x0 0x0 0x0 0x0 0x0 0x0 0x0 0x9 0x3 0x0 0x0 0x0 oops 0 methods 0
ciMethodData java/util/AbstractList <init> ()V 2 271985 orig 80 0 0 0 0 0 0 0 0 0 0 0 0 0 0 0 0 0 0 0 0 0 0 0 0 0 0 0 0 0 0 0 0 0 0 0 0 0 0 0 0 0 0 0 0 0 0 0 0 0 0 0 0 0 0 0 0 0 0 0 0 0 0 0 0 0 0 0 0 0 0 0 0 0 0 0 0 0 0 0 0 data 9 0x10002 0x42671 0x0 0x0 0x0 0x0 0x9 0x1 0x6 oops 0 methods 0
ciMethodData java/util/ArrayList add (Ljava/lang/Object;)Z 2 240408 orig 80 0 0 0 0 0 0 0 0 0 0 0 0 255 127 0 0 0 0 0 0 0 0 0 0 0 0 0 0 0 0 0 0 0 0 0 0 0 0 0 0 0 0 0 0 0 0 0 0 0 0 0 0 0 0 0 0 0 0 0 0 0 0 0 0 0 0 0 0 0 0 0 0 0 0 0 0 0 0 0 0 data 17 0x140005 0x3ab18 0x0 0x0 0x0 0x0 0x0 0x0 0x0 0x0 0x0 0x0 0x0 0x9 0x2 0xe 0x0 oops 0 methods 0
ciMethodData java/util/ArrayList add (Ljava/lang/Object;[Ljava/lang/Object;I)V 2 240407 orig 80 0 0 0 0 0 0 0 0 0 0 0 0 0 0 0 0 0 0 0 0 0 0 0 0 0 0 0 0 0 0 0 0 0 0 0 0 0 0 0 0 0 0 0 0 0 0 0 0 0 0 0 0 0 0 0 0 0 0 0 0 0 0 0 0 0 0 0 0 0 0 0 0 0 0 0 0 0 0 0 0 data 30 0x30007 0x33a4e 0x58 0x70c9 0x70005 0x70c9 0x0 0x0 0x0 0x0 0x0 0xe0104 0x0 0x0 0x1daf211d828 0x9caf 0x1daf211d8b8 0x12ca 0x0 0x0 0x0 0x0 0x0 0x0 0x9 0x4 0xc 0x0 0xffffffffffffffff 0x0 oops 2 14 java/lang/String 16 java/lang/Class methods 0
ciMethodData java/util/ArrayList grow ()[Ljava/lang/Object; 2 28891 orig 80 0 0 0 0 0 0 0 0 0 0 0 0 0 0 0 0 0 0 0 0 0 0 0 0 0 0 0 0 0 0 0 0 0 0 0 0 0 0 0 0 0 0 0 0 0 0 0 0 0 0 0 0 0 0 0 0 0 0 0 0 0 0 0 0 0 0 0 0 0 0 0 0 0 0 0 0 0 0 0 0 data 16 0x70005 0x70db 0x0 0x0 0x0 0x0 0x0 0x0 0x0 0x0 0x0 0x0 0x0 0x9 0x1 0xc oops 0 methods 0
ciMethodData java/util/ArrayList grow (I)[Ljava/lang/Object; 2 25219 orig 80 1 0 0 0 0 0 0 0 0 0 0 0 0 0 0 0 0 0 0 0 0 0 0 0 0 0 0 0 0 0 0 0 0 0 0 0 0 0 0 1 0 0 0 0 0 0 0 0 0 0 0 0 0 0 0 0 0 0 0 0 0 0 0 0 0 0 0 0 0 0 0 0 0 0 0 0 0 0 0 0 data 24 0x70007 0x16ae 0x40 0x4bd5 0x8000000600110007 0x4bd2 0x40 0x4 0x1b0002 0x16b2 0x250002 0x16b2 0x310002 0x4bd2 0x0 0x0 0x0 0x0 0x0 0x0 0x9 0x2 0xc 0x0 oops 0 methods 0
ciMethodData java/util/ArrayList get (I)Ljava/lang/Object; 2 2045984 orig 80 0 0 0 0 0 0 0 0 0 0 0 0 255 127 0 0 0 0 0 0 0 0 0 0 0 0 0 0 0 0 0 0 0 0 0 0 0 0 0 0 0 0 0 0 0 0 0 0 0 0 0 0 0 0 0 0 0 0 0 0 0 0 0 0 0 0 0 0 0 0 0 0 0 0 0 0 0 0 0 0 data 19 0x50002 0x1f3820 0xb0005 0x1efc44 0x0 0x1daf2121288 0x3bc8 0x1daf3b829b0 0x14 0x0 0x0 0x0 0x0 0x0 0x0 0x9 0x2 0x0 0x0 oops 2 5 java/util/ArrayList 7 org/jetbrains/kotlin/config/MavenComparableVersion$ListItem methods 0
ciMethodData java/util/Objects checkIndex (II)I 2 2175959 orig 80 0 0 0 0 0 0 0 0 0 0 0 0 0 0 0 0 0 0 0 0 0 0 0 0 0 0 0 0 0 0 0 0 0 0 0 0 0 0 0 0 0 0 0 0 0 0 0 0 0 0 0 0 0 0 0 0 0 0 0 0 0 0 0 0 0 0 0 0 0 0 0 0 0 0 0 0 0 0 0 0 data 12 0x30002 0x2133d7 0x0 0x0 0x0 0x0 0x0 0x0 0x9 0x2 0x0 0x0 oops 0 methods 0
ciMethodData java/util/ArrayList elementData (I)Ljava/lang/Object; 2 2088514 orig 80 0 0 0 0 0 0 0 0 0 0 0 0 0 0 0 0 0 0 0 0 0 0 0 0 0 0 0 0 0 0 0 0 0 0 0 0 0 0 0 0 0 0 0 0 0 0 0 0 0 0 0 0 0 0 0 0 0 0 0 0 0 0 0 0 0 0 0 0 0 0 0 0 0 0 0 0 0 0 0 0 data 8 0x0 0x0 0x0 0x0 0x9 0x2 0x0 0x0 oops 0 methods 0
ciMethod java/util/Collections$SingletonList get (I)Ljava/lang/Object; 772 0 5704 0 112
ciMethod kotlin/jvm/functions/Function1 invoke (Ljava/lang/Object;)Ljava/lang/Object; 0 0 1 0 -1
ciMethod kotlin/collections/CollectionsKt__CollectionsKt asCollection ([Ljava/lang/Object;)Ljava/util/Collection; 204 0 3469 0 0
ciMethod kotlin/collections/CollectionsKt__CollectionsKt emptyList ()Ljava/util/List; 222 0 84263 0 -1
ciMethod kotlin/collections/CollectionsKt__CollectionsJVMKt listOf (Ljava/lang/Object;)Ljava/util/List; 224 0 21601 0 -1
ciMethod kotlin/collections/CollectionsKt__CollectionsJVMKt copyToArrayOfAny ([Ljava/lang/Object;Z)[Ljava/lang/Object; 768 0 3470 0 0
ciMethod kotlin/collections/EmptyList getSize ()I 424 0 18752 0 0
ciMethod kotlin/collections/EmptyList isEmpty ()Z 260 0 130 0 0
ciMethod kotlin/collections/EmptyList size ()I 528 0 18804 0 80
ciMethod kotlin/collections/ArraysKt___ArraysKt toList ([Ljava/lang/Object;)Ljava/util/List; 108 0 7276 0 1272
ciMethod kotlin/collections/ArraysKt___ArraysKt toMutableList ([Ljava/lang/Object;)Ljava/util/List; 204 0 3469 0 0
ciMethod kotlin/jvm/functions/Function0 invoke ()Ljava/lang/Object; 0 0 1 0 -1
ciMethodData kotlin/jvm/internal/Intrinsics checkNotNullParameter (Ljava/lang/Object;Ljava/lang/String;)V 2 5053175 orig 80 0 0 0 0 0 0 0 0 0 0 0 0 255 127 0 0 0 0 0 0 0 0 0 0 0 0 0 0 0 0 0 0 0 0 0 0 0 0 0 0 0 0 0 0 0 0 0 0 0 0 0 0 0 0 0 0 0 0 0 0 0 0 0 0 0 0 0 0 0 0 0 0 0 0 0 0 0 0 0 0 data 16 0x10007 0x4d1af7 0x30 0x0 0x50002 0x0 0x0 0x0 0x0 0x0 0x0 0x0 0x9 0x2 0x0 0x0 oops 0 methods 0
ciMethodData kotlin/jvm/internal/Intrinsics checkNotNull (Ljava/lang/Object;Ljava/lang/String;)V 2 87870 orig 80 0 0 0 0 0 0 0 0 0 0 0 0 0 0 0 0 0 0 0 0 0 0 0 0 0 0 0 0 0 0 0 0 0 0 0 0 0 0 0 0 0 0 0 0 0 0 0 0 0 0 0 0 0 0 0 0 0 0 0 0 0 0 0 0 0 0 0 0 0 0 0 0 0 0 0 0 0 0 0 0 data 16 0x10007 0x1573e 0x30 0x0 0x50002 0x0 0x0 0x0 0x0 0x0 0x0 0x0 0x9 0x2 0x0 0x0 oops 0 methods 0
ciMethod org/jetbrains/kotlin/name/FqName toUnsafe ()Lorg/jetbrains/kotlin/name/FqNameUnsafe; 532 0 33766 0 -1
ciMethod org/jetbrains/kotlin/name/FqNameUnsafe <init> (Ljava/lang/String;)V 400 0 11634 0 -1
ciMethod org/jetbrains/kotlin/name/FqNameUnsafe compute ()V 4102 0 15367 0 5288
ciMethod org/jetbrains/kotlin/name/FqNameUnsafe isRoot ()Z 1024 0 83694 0 136
ciMethod org/jetbrains/kotlin/name/FqNameUnsafe shortName ()Lorg/jetbrains/kotlin/name/Name; 4100 0 9227 0 192
ciMethod org/jetbrains/kotlin/name/FqNameUnsafe equals (Ljava/lang/Object;)Z 524 0 29395 0 464
ciMethod org/jetbrains/kotlin/name/FqNameUnsafe hashCode ()I 1024 0 45374 0 752
ciMethod org/jetbrains/kotlin/name/FqNameUnsafe $$$reportNull$$$0 (I)V 0 0 1 0 -1
ciMethod org/jetbrains/kotlin/name/Name guessByFirstCharacter (Ljava/lang/String;)Lorg/jetbrains/kotlin/name/Name; 962 0 22525 0 -1
ciMethod org/jetbrains/kotlin/name/Name equals (Ljava/lang/Object;)Z 4782 0 27812 0 520
ciMethodData kotlin/jvm/internal/Intrinsics checkNotNullExpressionValue (Ljava/lang/Object;Ljava/lang/String;)V 2 5131 orig 80 0 0 0 0 0 0 0 0 0 0 0 0 255 127 0 0 0 0 0 0 0 0 0 0 0 0 0 0 0 0 0 0 0 0 0 0 0 0 0 0 0 0 0 0 0 0 0 0 0 0 0 0 0 0 0 0 0 0 0 0 0 0 0 0 0 0 0 0 0 0 0 0 0 0 0 0 0 0 0 0 data 48 0x10007 0x140b 0x130 0x0 0xc0002 0x0 0x100005 0x0 0x0 0x0 0x0 0x0 0x0 0x150005 0x0 0x0 0x0 0x0 0x0 0x0 0x180005 0x0 0x0 0x0 0x0 0x0 0x0 0x1b0002 0x0 0x1e0002 0x0 0x210004 0x0 0x0 0x0 0x0 0x0 0x0 0x0 0x0 0x0 0x0 0x0 0x0 0x9 0x2 0x0 0x0 oops 0 methods 0
ciMethodData kotlin/jvm/internal/Intrinsics areEqual (Ljava/lang/Object;Ljava/lang/Object;)Z 2 745051 orig 80 0 0 0 0 0 0 0 0 0 0 0 0 255 127 0 0 0 0 0 0 0 0 0 0 0 0 0 0 0 0 0 0 0 0 0 0 0 0 0 0 0 0 0 0 0 0 0 0 0 0 0 0 0 0 0 0 0 0 0 0 0 0 0 0 0 0 0 0 0 0 0 0 0 0 0 0 0 0 0 0 data 31 0x10007 0xb5d18 0x70 0x143 0x50007 0x143 0x38 0x0 0x90003 0x0 0x68 0xd0003 0x143 0x50 0x120005 0xb3949 0x0 0x1daf211d828 0x1fac 0x1daf403a9e8 0x423 0x0 0x0 0x0 0x0 0x0 0x0 0x9 0x2 0xffffffffffffffff 0xffffffffffffffff oops 2 17 java/lang/String 19 org/jetbrains/kotlin/name/FqName methods 0
ciMethodData java/util/Arrays copyOf ([Ljava/lang/Object;I)[Ljava/lang/Object; 2 56209 orig 80 0 0 0 0 0 0 0 0 0 0 0 0 0 0 0 0 0 0 0 0 0 0 0 0 0 0 0 0 0 0 0 0 0 0 0 0 0 0 0 0 0 0 0 0 0 0 0 0 0 0 0 0 0 0 0 0 0 0 0 0 0 0 0 0 0 0 0 0 0 0 0 0 0 0 0 0 0 0 0 0 data 19 0x30005 0xdb91 0x0 0x0 0x0 0x0 0x0 0x60002 0xdb91 0x0 0x0 0x0 0x0 0x0 0x0 0x9 0x2 0xffffffffffffffff 0x0 oops 0 methods 0
ciMethod kotlin/properties/ReadOnlyProperty getValue (Ljava/lang/Object;Lkotlin/reflect/KProperty;)Ljava/lang/Object; 0 0 1 0 -1
ciMethod kotlin/collections/ArrayAsCollection <init> ([Ljava/lang/Object;Z)V 204 0 3470 0 0
ciMethod kotlin/collections/ArrayAsCollection toArray ()[Ljava/lang/Object; 768 0 3470 0 0
ciMethod org/jetbrains/kotlin/storage/SimpleLock lock ()V 0 0 1 0 -1
ciMethod org/jetbrains/kotlin/storage/SimpleLock unlock ()V 0 0 1 0 -1
ciMethod org/jetbrains/kotlin/storage/NotNullLazyValue invoke ()Ljava/lang/Object; 0 0 1 0 -1
ciMethod org/jetbrains/kotlin/storage/DefaultSimpleLock getLock ()Ljava/util/concurrent/locks/Lock; 256 0 128 0 -1
ciMethod org/jetbrains/kotlin/storage/DefaultSimpleLock lock ()V 288 0 144 0 0
ciMethod org/jetbrains/kotlin/storage/DefaultSimpleLock unlock ()V 4698 0 2349 0 120
ciMethod org/jetbrains/kotlin/utils/WrappedValues unescapeThrowable (Ljava/lang/Object;)Ljava/lang/Object; 4122 0 21390 0 120
ciMethod org/jetbrains/kotlin/utils/WrappedValues$ThrowableWrapper getThrowable ()Ljava/lang/Throwable; 0 0 1 0 -1
ciMethodData java/util/ArrayList <init> (I)V 2 6327 orig 80 0 0 0 0 0 0 0 0 0 0 0 0 255 127 0 0 0 0 0 0 0 0 0 0 0 0 0 0 0 0 0 0 0 0 0 0 0 0 0 0 0 0 0 0 0 0 0 0 0 0 0 0 0 0 0 0 0 0 0 0 0 0 0 0 0 0 0 0 0 0 0 0 0 0 0 0 0 0 0 0 data 51 0x10002 0x18b7 0x50007 0x2d 0x38 0x188a 0x100003 0x188a 0x118 0x140007 0x0 0x38 0x2d 0x1e0003 0x2d 0xe0 0x290002 0x0 0x2e0005 0x0 0x0 0x0 0x0 0x0 0x0 0x320005 0x0 0x0 0x0 0x0 0x0 0x0 0x350005 0x0 0x0 0x0 0x0 0x0 0x0 0x380002 0x0 0x0 0x0 0x0 0x0 0x0 0x0 0x9 0x2 0x0 0x0 oops 0 methods 0
ciMethodData java/util/ArrayList isEmpty ()Z 2 30794 orig 80 0 0 0 0 0 0 0 0 0 0 0 0 0 0 0 0 0 0 0 0 0 0 0 0 0 0 0 0 0 0 0 0 0 0 0 0 0 0 0 0 0 0 0 0 0 0 0 0 0 0 0 0 0 0 0 0 0 0 0 0 0 0 0 0 0 0 0 0 0 0 0 0 0 0 0 0 0 0 0 0 data 13 0x40007 0xac4 0x38 0x6d86 0x80003 0x6d86 0x18 0x0 0x0 0x0 0x9 0x1 0x0 oops 0 methods 0
ciMethodData java/util/ArrayList <init> (Ljava/util/Collection;)V 2 9630 orig 80 0 0 0 0 0 0 0 0 0 0 0 0 0 0 0 0 0 0 0 0 0 0 0 0 0 0 0 0 0 0 0 0 0 0 0 0 0 0 0 0 0 0 0 0 0 0 0 0 0 0 0 0 0 0 0 0 0 0 0 0 0 0 0 0 0 0 0 0 0 0 0 0 0 0 0 0 0 0 0 0 data 42 0x10002 0x259e 0x50005 0x2082 0x0 0x1daf2121288 0x4f5 0x1daf593c558 0x27 0x120007 0xaa3 0xb8 0x1afb 0x160005 0xe22 0x0 0x1daf2121288 0x44e 0x1daf593c608 0x88b 0x1d0007 0x1614 0x38 0x4e7 0x250003 0x4e7 0x40 0x300002 0x1614 0x360003 0x1614 0x18 0x0 0x0 0x0 0x0 0x0 0x0 0x9 0x2 0xe 0xffffffffffffffff oops 4 5 java/util/ArrayList 7 java/util/LinkedHashMap$LinkedValues 16 java/util/ArrayList 18 java/util/LinkedHashSet methods 0
ciMethod org/jetbrains/kotlin/storage/CancellableSimpleLock lock ()V 4104 0 11354 0 776
ciMethod org/jetbrains/kotlin/builtins/KotlinBuiltIns getNullableAnyType ()Lorg/jetbrains/kotlin/types/SimpleType; 30 0 45 0 -1
ciMethod org/jetbrains/kotlin/builtins/KotlinBuiltIns isConstructedFromGivenClass (Lorg/jetbrains/kotlin/types/KotlinType;Lorg/jetbrains/kotlin/name/FqNameUnsafe;)Z 3208 0 20753 0 0
ciMethod org/jetbrains/kotlin/builtins/KotlinBuiltIns isTypeConstructorForGivenClass (Lorg/jetbrains/kotlin/types/TypeConstructor;Lorg/jetbrains/kotlin/name/FqNameUnsafe;)Z 4096 0 21808 0 0
ciMethod org/jetbrains/kotlin/builtins/KotlinBuiltIns classFqNameEquals (Lorg/jetbrains/kotlin/descriptors/ClassifierDescriptor;Lorg/jetbrains/kotlin/name/FqNameUnsafe;)Z 4108 0 8279 0 1496
ciMethod org/jetbrains/kotlin/builtins/KotlinBuiltIns isNothing (Lorg/jetbrains/kotlin/types/KotlinType;)Z 512 0 9726 0 0
ciMethod org/jetbrains/kotlin/builtins/KotlinBuiltIns isNothingOrNullableNothing (Lorg/jetbrains/kotlin/types/KotlinType;)Z 116 0 9905 0 0
ciMethod org/jetbrains/kotlin/builtins/KotlinBuiltIns $$$reportNull$$$0 (I)V 0 0 1 0 -1
ciMethod org/jetbrains/kotlin/descriptors/DeclarationDescriptor getContainingDeclaration ()Lorg/jetbrains/kotlin/descriptors/DeclarationDescriptor; 0 0 1 0 -1
ciMethod org/jetbrains/kotlin/descriptors/ClassifierDescriptor getName ()Lorg/jetbrains/kotlin/name/Name; 0 0 1 0 -1
ciMethod org/jetbrains/kotlin/types/KotlinType <init> ()V 512 0 9090 0 0
ciMethod org/jetbrains/kotlin/types/KotlinType getConstructor ()Lorg/jetbrains/kotlin/types/TypeConstructor; 0 0 1 0 -1
ciMethod org/jetbrains/kotlin/types/KotlinType getArguments ()Ljava/util/List; 0 0 1 0 -1
ciMethod org/jetbrains/kotlin/types/KotlinType isMarkedNullable ()Z 0 0 1 0 -1
ciMethod org/jetbrains/kotlin/types/KotlinType getAttributes ()Lorg/jetbrains/kotlin/types/TypeAttributes; 0 0 1 0 -1
ciMethod org/jetbrains/kotlin/types/KotlinType getAnnotations ()Lorg/jetbrains/kotlin/descriptors/annotations/Annotations; 4516 0 24758 0 368
ciMethod org/jetbrains/kotlin/types/KotlinType unwrap ()Lorg/jetbrains/kotlin/types/UnwrappedType; 0 0 1 0 -1
ciMethod org/jetbrains/kotlin/types/KotlinType <init> (Lkotlin/jvm/internal/DefaultConstructorMarker;)V 1280 0 9474 0 0
ciMethod org/jetbrains/kotlin/types/SimpleType <init> ()V 1358 0 7020 0 0
ciMethod org/jetbrains/kotlin/types/SimpleType replaceAttributes (Lorg/jetbrains/kotlin/types/TypeAttributes;)Lorg/jetbrains/kotlin/types/SimpleType; 0 0 1 0 -1
ciMethod org/jetbrains/kotlin/types/SimpleType makeNullableAsSpecified (Z)Lorg/jetbrains/kotlin/types/SimpleType; 0 0 1 0 -1
ciMethod org/jetbrains/kotlin/types/UnwrappedType <init> ()V 768 0 8205 0 0
ciMethod org/jetbrains/kotlin/types/UnwrappedType replaceAttributes (Lorg/jetbrains/kotlin/types/TypeAttributes;)Lorg/jetbrains/kotlin/types/UnwrappedType; 0 0 1 0 -1
ciMethod org/jetbrains/kotlin/types/UnwrappedType makeNullableAsSpecified (Z)Lorg/jetbrains/kotlin/types/UnwrappedType; 0 0 1 0 -1
ciMethod org/jetbrains/kotlin/types/UnwrappedType unwrap ()Lorg/jetbrains/kotlin/types/UnwrappedType; 19154 0 9595 0 80
ciMethod org/jetbrains/kotlin/types/UnwrappedType <init> (Lkotlin/jvm/internal/DefaultConstructorMarker;)V 1282 0 8462 0 0
ciMethod org/jetbrains/kotlin/storage/LockBasedStorageManager$LockBasedNotNullLazyValue invoke ()Ljava/lang/Object; 4122 0 24864 0 1200
ciMethod org/jetbrains/kotlin/storage/LockBasedStorageManager$LockBasedNotNullLazyValue $$$reportNull$$$0 (I)V 0 0 1 0 -1
ciMethod org/jetbrains/kotlin/storage/LockBasedStorageManager$LockBasedLazyValue invoke ()Ljava/lang/Object; 4212 0 26765 0 1192
ciMethod org/jetbrains/kotlin/storage/LockBasedStorageManager$LockBasedLazyValue recursionDetected (Z)Lorg/jetbrains/kotlin/storage/LockBasedStorageManager$RecursionDetectedResult; 0 0 1 0 -1
ciMethod org/jetbrains/kotlin/storage/LockBasedStorageManager$LockBasedLazyValue postCompute (Ljava/lang/Object;)V 4102 0 2051 0 80
ciMethod org/jetbrains/kotlin/descriptors/annotations/Annotations isEmpty ()Z 0 0 1 0 -1
ciMethod org/jetbrains/kotlin/descriptors/annotations/Annotations hasAnnotation (Lorg/jetbrains/kotlin/name/FqName;)Z 0 0 1 0 -1
ciMethod org/jetbrains/kotlin/descriptors/annotations/Annotations iterator ()Ljava/util/Iterator; 0 0 1 0 -1
ciMethod org/jetbrains/kotlin/descriptors/annotations/Annotations$Companion getEMPTY ()Lorg/jetbrains/kotlin/descriptors/annotations/Annotations; 4604 0 38926 0 88
ciMethod org/jetbrains/kotlin/descriptors/annotations/Annotations$Companion$EMPTY$1 isEmpty ()Z 256 0 128 0 0
ciMethod org/jetbrains/kotlin/types/TypeConstructor getParameters ()Ljava/util/List; 0 0 1 0 -1
ciMethod org/jetbrains/kotlin/types/TypeConstructor getDeclarationDescriptor ()Lorg/jetbrains/kotlin/descriptors/ClassifierDescriptor; 0 0 1 0 -1
ciMethod org/jetbrains/kotlin/types/TypeConstructor getBuiltIns ()Lorg/jetbrains/kotlin/builtins/KotlinBuiltIns; 0 0 1 0 -1
ciMethod org/jetbrains/kotlin/types/ClassifierBasedTypeConstructor getDeclarationDescriptor ()Lorg/jetbrains/kotlin/descriptors/ClassifierDescriptor; 0 0 1 0 -1
ciMethod org/jetbrains/kotlin/types/ClassifierBasedTypeConstructor hashCode ()I 4112 0 7210 0 1040
ciMethod org/jetbrains/kotlin/types/ClassifierBasedTypeConstructor equals (Ljava/lang/Object;)Z 4104 0 14180 0 2008
ciMethod org/jetbrains/kotlin/types/ClassifierBasedTypeConstructor isSameClassifier (Lorg/jetbrains/kotlin/descriptors/ClassifierDescriptor;)Z 0 0 1 0 -1
ciMethod org/jetbrains/kotlin/types/ClassifierBasedTypeConstructor hasMeaningfulFqName (Lorg/jetbrains/kotlin/descriptors/ClassifierDescriptor;)Z 106 0 827 0 0
ciMethod org/jetbrains/kotlin/resolve/DescriptorUtils isLocal (Lorg/jetbrains/kotlin/descriptors/DeclarationDescriptor;)Z 4098 12920 2428 0 0
ciMethod org/jetbrains/kotlin/resolve/DescriptorUtils isDescriptorWithLocalVisibility (Lorg/jetbrains/kotlin/descriptors/DeclarationDescriptor;)Z 2094 0 1456 0 -1
ciMethod org/jetbrains/kotlin/resolve/DescriptorUtils getFqName (Lorg/jetbrains/kotlin/descriptors/DeclarationDescriptor;)Lorg/jetbrains/kotlin/name/FqNameUnsafe; 4110 0 31508 0 656
ciMethod org/jetbrains/kotlin/resolve/DescriptorUtils getFqNameSafeIfPossible (Lorg/jetbrains/kotlin/descriptors/DeclarationDescriptor;)Lorg/jetbrains/kotlin/name/FqName; 4104 0 11634 0 -1
ciMethod org/jetbrains/kotlin/resolve/DescriptorUtils getFqNameUnsafe (Lorg/jetbrains/kotlin/descriptors/DeclarationDescriptor;)Lorg/jetbrains/kotlin/name/FqNameUnsafe; 4102 0 11363 0 -1
ciMethod org/jetbrains/kotlin/resolve/DescriptorUtils isAnonymousObject (Lorg/jetbrains/kotlin/descriptors/DeclarationDescriptor;)Z 4110 0 7189 0 -1
ciMethod org/jetbrains/kotlin/resolve/DescriptorUtils $$$reportNull$$$0 (I)V 0 0 1 0 -1
ciMethod org/jetbrains/kotlin/types/TypeUtils makeNullable (Lorg/jetbrains/kotlin/types/KotlinType;)Lorg/jetbrains/kotlin/types/KotlinType; 774 0 1722 0 0
ciMethod org/jetbrains/kotlin/types/TypeUtils makeNullableAsSpecified (Lorg/jetbrains/kotlin/types/KotlinType;Z)Lorg/jetbrains/kotlin/types/KotlinType; 510 0 2388 0 0
ciMethod org/jetbrains/kotlin/types/TypeUtils makeNullableIfNeeded (Lorg/jetbrains/kotlin/types/KotlinType;Z)Lorg/jetbrains/kotlin/types/KotlinType; 8 0 2688 0 0
ciMethod org/jetbrains/kotlin/types/TypeUtils isNullableType (Lorg/jetbrains/kotlin/types/KotlinType;)Z 0 0 363 0 -1
ciMethod org/jetbrains/kotlin/types/TypeUtils makeStarProjection (Lorg/jetbrains/kotlin/descriptors/TypeParameterDescriptor;)Lorg/jetbrains/kotlin/types/TypeProjection; 8 0 15 0 -1
ciMethod org/jetbrains/kotlin/types/TypeUtils $$$reportNull$$$0 (I)V 0 0 1 0 -1
ciMethod org/jetbrains/kotlin/types/error/ErrorType replaceArguments (Ljava/util/List;)Lorg/jetbrains/kotlin/types/error/ErrorType; 0 0 1 0 -1
ciMethod org/jetbrains/kotlin/types/DelegatingSimpleType <init> ()V 924 0 2711 0 0
ciMethod org/jetbrains/kotlin/types/DelegatingSimpleType getDelegate ()Lorg/jetbrains/kotlin/types/SimpleType; 0 0 1 0 -1
ciMethod org/jetbrains/kotlin/types/DelegatingSimpleType isMarkedNullable ()Z 518 0 6995 0 0
ciMethod org/jetbrains/kotlin/types/DelegatingSimpleType getAttributes ()Lorg/jetbrains/kotlin/types/TypeAttributes; 13038 0 6519 0 136
ciMethod org/jetbrains/kotlin/types/TypeProjection getProjectionKind ()Lorg/jetbrains/kotlin/types/Variance; 0 0 1 0 -1
ciMethod org/jetbrains/kotlin/types/TypeProjection getType ()Lorg/jetbrains/kotlin/types/KotlinType; 0 0 1 0 -1
ciMethod org/jetbrains/kotlin/types/TypeProjection isStarProjection ()Z 0 0 1 0 -1
ciMethod org/jetbrains/kotlin/types/error/ErrorUtils isError (Lorg/jetbrains/kotlin/descriptors/DeclarationDescriptor;)Z 4096 0 19663 0 0
ciMethod org/jetbrains/kotlin/types/error/ErrorUtils isErrorClass (Lorg/jetbrains/kotlin/descriptors/DeclarationDescriptor;)Z 1112 0 35742 0 -1
ciMethod org/jetbrains/kotlin/types/TypeAttributes plus (Lorg/jetbrains/kotlin/types/TypeAttribute;)Lorg/jetbrains/kotlin/types/TypeAttributes; 3964 0 2112 0 -1
ciMethod org/jetbrains/kotlin/types/TypeAttributes remove (Lorg/jetbrains/kotlin/types/TypeAttribute;)Lorg/jetbrains/kotlin/types/TypeAttributes; 0 0 1 0 -1
ciMethod org/jetbrains/kotlin/util/AttributeArrayOwner getArrayMap ()Lorg/jetbrains/kotlin/util/ArrayMap; 258 0 129 0 0
ciMethod org/jetbrains/kotlin/util/AbstractArrayMapOwner getArrayMap ()Lorg/jetbrains/kotlin/util/ArrayMap; 0 0 1 0 -1
ciMethod org/jetbrains/kotlin/types/TypeAttributes$Companion getEmpty ()Lorg/jetbrains/kotlin/types/TypeAttributes; 3046 0 34146 0 -1
ciMethod org/jetbrains/kotlin/util/EmptyArrayMap get (I)Ljava/lang/Void; 266 0 14661 0 0
ciMethod org/jetbrains/kotlin/util/EmptyArrayMap get (I)Ljava/lang/Object; 4100 0 16578 0 80
ciMethod org/jetbrains/kotlin/util/ArrayMap get (I)Ljava/lang/Object; 0 0 1 0 -1
ciMethod org/jetbrains/kotlin/types/KotlinTypeFactory simpleType$default (Lorg/jetbrains/kotlin/types/TypeAttributes;Lorg/jetbrains/kotlin/types/TypeConstructor;Ljava/util/List;ZLorg/jetbrains/kotlin/types/checker/KotlinTypeRefiner;ILjava/lang/Object;)Lorg/jetbrains/kotlin/types/SimpleType; 768 0 5514 0 -1
ciMethod org/jetbrains/kotlin/types/KotlinTypeFactory flexibleType (Lorg/jetbrains/kotlin/types/SimpleType;Lorg/jetbrains/kotlin/types/SimpleType;)Lorg/jetbrains/kotlin/types/UnwrappedType; 2 0 83 0 -1
ciMethod org/jetbrains/kotlin/types/SimpleTypeImpl getArguments ()Ljava/util/List; 256 0 128 0 0
ciMethod org/jetbrains/kotlin/types/SimpleTypeImpl isMarkedNullable ()Z 272 0 136 0 0
ciMethod org/jetbrains/kotlin/types/SimpleTypeImpl getAttributes ()Lorg/jetbrains/kotlin/types/TypeAttributes; 4102 0 15441 0 88
ciMethod org/jetbrains/kotlin/types/SimpleTypeImpl makeNullableAsSpecified (Z)Lorg/jetbrains/kotlin/types/SimpleType; 4098 0 4301 0 0
ciMethod org/jetbrains/kotlin/types/SimpleTypeImpl makeNullableAsSpecified (Z)Lorg/jetbrains/kotlin/types/UnwrappedType; 4098 0 4079 0 0
ciMethod org/jetbrains/kotlin/types/checker/KotlinTypeChecker isSubtypeOf (Lorg/jetbrains/kotlin/types/KotlinType;Lorg/jetbrains/kotlin/types/KotlinType;)Z 0 0 1 0 -1
ciMethodData java/util/Collections$SingletonList get (I)Ljava/lang/Object; 2 5318 orig 80 0 0 0 0 0 0 0 0 0 0 0 0 255 127 0 0 0 0 0 0 0 0 0 0 0 0 0 0 0 0 0 0 0 0 0 0 0 0 0 0 0 0 0 0 0 0 0 0 0 0 0 0 0 0 0 0 0 0 0 0 0 0 0 0 0 0 0 0 0 0 0 0 0 0 0 0 0 0 0 0 data 46 0x10007 0x14c6 0x120 0x0 0xc0002 0x0 0x110005 0x0 0x0 0x0 0x0 0x0 0x0 0x150005 0x0 0x0 0x0 0x0 0x0 0x0 0x1a0005 0x0 0x0 0x0 0x0 0x0 0x0 0x1d0005 0x0 0x0 0x0 0x0 0x0 0x0 0x200002 0x0 0x0 0x0 0x0 0x0 0x0 0x0 0x9 0x2 0x0 0x0 oops 0 methods 0
ciMethodData kotlin/collections/ArraysKt___ArraysKt toList ([Ljava/lang/Object;)Ljava/util/List; 2 7222 orig 80 0 0 0 0 0 0 0 0 0 0 0 0 0 0 0 0 0 0 0 0 0 0 0 0 0 0 0 0 0 0 0 0 0 0 0 0 0 0 0 0 0 0 0 0 0 0 0 0 0 0 0 0 0 0 0 0 0 0 0 0 0 0 0 0 0 0 0 0 0 0 0 0 0 0 0 0 0 0 0 0 data 31 0x30002 0x1c36 0x80008 0x6 0xd89 0x90 0xd80 0x40 0x12d 0x68 0x200002 0xd80 0x230003 0xd80 0x50 0x290002 0x12d 0x2c0003 0x12d 0x28 0x300002 0xd89 0x0 0x0 0x0 0x0 0x0 0x0 0x9 0x1 0x0 oops 0 methods 0
ciMethod org/jetbrains/kotlin/descriptors/TypeParameterDescriptor getVariance ()Lorg/jetbrains/kotlin/types/Variance; 0 0 1 0 -1
ciMethod org/jetbrains/kotlin/descriptors/TypeParameterDescriptor getTypeConstructor ()Lorg/jetbrains/kotlin/types/TypeConstructor; 0 0 1 0 -1
ciMethod org/jetbrains/kotlin/descriptors/TypeParameterDescriptor getIndex ()I 0 0 1 0 -1
ciMethod org/jetbrains/kotlin/types/TypeSubstitutor replaceWithNonApproximatingSubstitution ()Lorg/jetbrains/kotlin/types/TypeSubstitutor; 0 0 1 0 -1
ciMethod org/jetbrains/kotlin/types/TypeSubstitutor getSubstitution ()Lorg/jetbrains/kotlin/types/TypeSubstitution; 512 0 16112 0 -1
ciMethod org/jetbrains/kotlin/types/TypeSubstitutor substitute (Lorg/jetbrains/kotlin/types/KotlinType;Lorg/jetbrains/kotlin/types/Variance;)Lorg/jetbrains/kotlin/types/KotlinType; 4160 0 12420 0 0
ciMethod org/jetbrains/kotlin/types/TypeSubstitutor substitute (Lorg/jetbrains/kotlin/types/TypeProjection;)Lorg/jetbrains/kotlin/types/TypeProjection; 4108 0 12375 0 -1
ciMethod org/jetbrains/kotlin/types/TypeSubstitutor unsafeSubstitute (Lorg/jetbrains/kotlin/types/TypeProjection;Lorg/jetbrains/kotlin/descriptors/TypeParameterDescriptor;I)Lorg/jetbrains/kotlin/types/TypeProjection; 768 0 12290 0 0
ciMethod org/jetbrains/kotlin/types/TypeSubstitutor projectedTypeForConflictedTypeWithUnsafeVariance (Lorg/jetbrains/kotlin/types/KotlinType;Lorg/jetbrains/kotlin/types/TypeProjection;Lorg/jetbrains/kotlin/descriptors/TypeParameterDescriptor;Lorg/jetbrains/kotlin/types/TypeProjection;)Lorg/jetbrains/kotlin/types/TypeProjection; 4114 0 4231 0 0
ciMethod org/jetbrains/kotlin/types/TypeSubstitutor filterOutUnsafeVariance (Lorg/jetbrains/kotlin/descriptors/annotations/Annotations;)Lorg/jetbrains/kotlin/descriptors/annotations/Annotations; 3454 0 2112 0 0
ciMethod org/jetbrains/kotlin/types/TypeSubstitutor substituteCompoundType (Lorg/jetbrains/kotlin/types/TypeProjection;I)Lorg/jetbrains/kotlin/types/TypeProjection; 512 0 7008 0 0
ciMethod org/jetbrains/kotlin/types/TypeSubstitutor substituteTypeArguments (Ljava/util/List;Ljava/util/List;I)Ljava/util/List; 512 0 7026 0 0
ciMethod org/jetbrains/kotlin/types/TypeSubstitutor combine (Lorg/jetbrains/kotlin/types/Variance;Lorg/jetbrains/kotlin/types/Variance;)Lorg/jetbrains/kotlin/types/Variance; 4102 0 4231 0 0
ciMethod org/jetbrains/kotlin/types/TypeSubstitutor conflictType (Lorg/jetbrains/kotlin/types/Variance;Lorg/jetbrains/kotlin/types/Variance;)Lorg/jetbrains/kotlin/types/TypeSubstitutor$VarianceConflictType; 4100 0 6347 0 0
ciMethod org/jetbrains/kotlin/types/TypeSubstitutor assertRecursionDepth (ILorg/jetbrains/kotlin/types/TypeProjection;Lorg/jetbrains/kotlin/types/TypeSubstitution;)V 770 0 12290 0 0
ciMethod org/jetbrains/kotlin/types/TypeSubstitutor $$$reportNull$$$0 (I)V 0 0 1 0 -1
ciMethod org/jetbrains/kotlin/types/FlexibleType getLowerBound ()Lorg/jetbrains/kotlin/types/SimpleType; 286 0 143 0 0
ciMethod org/jetbrains/kotlin/types/FlexibleType getUpperBound ()Lorg/jetbrains/kotlin/types/SimpleType; 260 0 130 0 0
ciMethod org/jetbrains/kotlin/types/FlexibleType getDelegate ()Lorg/jetbrains/kotlin/types/SimpleType; 0 0 1 0 -1
ciMethodData org/jetbrains/kotlin/name/FqNameUnsafe hashCode ()I 2 45106 orig 80 0 0 0 0 0 0 0 0 0 0 0 0 0 0 0 0 0 0 0 0 0 0 0 0 0 0 0 0 0 0 0 0 0 0 0 0 0 0 0 0 0 0 0 0 0 0 0 0 0 0 0 0 0 0 0 0 0 0 0 0 0 0 0 0 0 0 0 0 0 0 0 0 0 0 0 0 0 0 0 0 data 16 0x40005 0xb033 0x0 0x0 0x0 0x0 0x0 0x0 0x0 0x0 0x0 0x0 0x0 0x9 0x1 0x0 oops 0 methods 0
ciMethod org/jetbrains/kotlin/serialization/deserialization/descriptors/DeserializedClassDescriptor$DeserializedClassTypeConstructor getParameters ()Ljava/util/List; 4096 0 14396 0 1392
ciMethod org/jetbrains/kotlin/serialization/deserialization/descriptors/DeserializedClassDescriptor$DeserializedClassTypeConstructor getDeclarationDescriptor ()Lorg/jetbrains/kotlin/serialization/deserialization/descriptors/DeserializedClassDescriptor; 280 0 140 0 0
ciMethod org/jetbrains/kotlin/serialization/deserialization/descriptors/DeserializedClassDescriptor$DeserializedClassTypeConstructor getDeclarationDescriptor ()Lorg/jetbrains/kotlin/descriptors/ClassifierDescriptor; 4098 0 11310 0 88
ciMethod org/jetbrains/kotlin/descriptors/impl/AbstractTypeParameterDescriptor getVariance ()Lorg/jetbrains/kotlin/types/Variance; 14 0 2843 0 0
ciMethod org/jetbrains/kotlin/descriptors/impl/AbstractTypeParameterDescriptor getIndex ()I 12 0 6 0 0
ciMethod org/jetbrains/kotlin/descriptors/impl/AbstractTypeParameterDescriptor getTypeConstructor ()Lorg/jetbrains/kotlin/types/TypeConstructor; 96 0 6657 0 0
ciMethod org/jetbrains/kotlin/descriptors/impl/AbstractTypeParameterDescriptor $$$reportNull$$$0 (I)V 0 0 1 0 -1
ciMethodData org/jetbrains/kotlin/name/FqNameUnsafe equals (Ljava/lang/Object;)Z 2 29133 orig 80 0 0 0 0 0 0 0 0 0 0 0 0 0 0 0 0 0 0 0 0 0 0 0 0 0 0 0 0 0 0 0 0 0 0 0 0 0 0 0 0 0 0 0 0 0 0 0 0 0 0 0 0 0 0 0 0 0 0 0 0 0 0 0 0 0 0 0 0 0 0 0 0 0 0 0 0 0 0 0 0 data 43 0x20007 0x6a19 0x20 0x7b4 0x80004 0xfffffffffffffb36 0x0 0x1daf4526840 0x654f 0x0 0x0 0xb0007 0x654f 0x20 0x4ca 0x110004 0x0 0x0 0x1daf4526840 0x654f 0x0 0x0 0x1d0005 0x654f 0x0 0x0 0x0 0x0 0x0 0x200007 0x5833 0x20 0xd1c 0x0 0x0 0x0 0x0 0x0 0x0 0x9 0x2 0x0 0x0 oops 2 7 org/jetbrains/kotlin/name/FqNameUnsafe 18 org/jetbrains/kotlin/name/FqNameUnsafe methods 0
ciMethodData org/jetbrains/kotlin/name/FqNameUnsafe isRoot ()Z 2 83183 orig 80 0 0 0 0 0 0 0 0 0 0 0 0 0 0 0 0 0 0 0 0 0 0 0 0 0 0 0 0 0 0 0 0 0 0 0 0 0 0 0 0 0 0 0 0 0 0 0 0 0 0 0 0 0 0 0 0 0 0 0 0 0 0 0 0 0 0 0 0 0 0 0 0 0 0 0 0 0 0 0 0 data 16 0x40005 0x144f0 0x0 0x0 0x0 0x0 0x0 0x0 0x0 0x0 0x0 0x0 0x0 0x9 0x1 0x0 oops 0 methods 0
ciMethodData org/jetbrains/kotlin/name/FqNameUnsafe shortName ()Lorg/jetbrains/kotlin/name/Name; 2 7177 orig 80 0 0 0 0 0 0 0 0 0 0 0 0 0 0 0 0 0 0 0 0 0 0 0 0 0 0 0 0 0 0 0 0 0 0 0 0 0 0 0 0 0 0 0 0 0 0 0 0 0 0 0 0 0 0 0 0 0 0 0 0 0 0 0 0 0 0 0 0 0 0 0 0 0 0 0 0 0 0 0 0 data 40 0x40007 0x1aa 0x50 0x1a5f 0xc0007 0x1a5f 0x30 0x0 0x110002 0x0 0x160005 0x1aa 0x0 0x0 0x0 0x0 0x0 0x190007 0x1aa 0x30 0x0 0x220002 0x0 0x270002 0x1aa 0x2f0007 0x1aa 0x30 0x0 0x340002 0x0 0x0 0x0 0x0 0x0 0x0 0x0 0x9 0x1 0x0 oops 0 methods 0
ciMethodData kotlin/collections/ArraysKt___ArraysKt toMutableList ([Ljava/lang/Object;)Ljava/util/List; 2 3367 orig 80 0 0 0 0 0 0 0 0 0 0 0 0 0 0 0 0 0 0 0 0 0 0 0 0 0 0 0 0 0 0 0 0 0 0 0 0 0 0 0 0 0 0 0 0 0 0 0 0 0 0 0 0 0 0 0 0 0 0 0 0 0 0 0 0 0 0 0 0 0 0 0 0 0 0 0 0 0 0 0 0 data 22 0x30002 0xd27 0xb0002 0xd27 0xe0002 0xd27 0x110004 0x0 0x0 0x0 0x0 0x0 0x0 0x0 0x0 0x0 0x0 0x0 0x0 0x9 0x1 0x0 oops 0 methods 0
ciMethodData kotlin/collections/CollectionsKt__CollectionsKt asCollection ([Ljava/lang/Object;)Ljava/util/Collection; 2 3367 orig 80 0 0 0 0 0 0 0 0 0 0 0 0 0 0 0 0 0 0 0 0 0 0 0 0 0 0 0 0 0 0 0 0 0 0 0 0 0 0 0 0 0 0 0 0 0 0 0 0 0 0 0 0 0 0 0 0 0 0 0 0 0 0 0 0 0 0 0 0 0 0 0 0 0 0 0 0 0 0 0 0 data 20 0x30002 0xd27 0xc0002 0xd27 0xf0004 0x0 0x0 0x0 0x0 0x0 0x0 0x0 0x0 0x0 0x0 0x0 0x0 0x9 0x1 0x0 oops 0 methods 0
ciMethodData kotlin/collections/ArrayAsCollection <init> ([Ljava/lang/Object;Z)V 2 3368 orig 80 0 0 0 0 0 0 0 0 0 0 0 0 0 0 0 0 0 0 0 0 0 0 0 0 0 0 0 0 0 0 0 0 0 0 0 0 0 0 0 0 0 0 0 0 0 0 0 0 0 0 0 0 0 0 0 0 0 0 0 0 0 0 0 0 0 0 0 0 0 0 0 0 0 0 0 0 0 0 0 0 data 15 0x30002 0xd28 0x70002 0xd28 0x0 0x0 0x0 0x0 0x0 0x0 0x9 0x3 0x6 0x0 0x0 oops 0 methods 0
ciMethodData kotlin/collections/EmptyList getSize ()I 2 18540 orig 80 0 0 0 0 0 0 0 0 0 0 0 0 0 0 0 0 0 0 0 0 0 0 0 0 0 0 0 0 0 0 0 0 0 0 0 0 0 0 0 0 0 0 0 0 0 0 0 0 0 0 0 0 0 0 0 0 0 0 0 0 0 0 0 0 0 0 0 0 0 0 0 0 0 0 0 0 0 0 0 0 data 4 0x0 0x9 0x1 0x0 oops 0 methods 0
ciMethodData kotlin/collections/EmptyList size ()I 2 18540 orig 80 0 0 0 0 0 0 0 0 0 0 0 0 255 127 0 0 0 0 0 0 0 0 0 0 0 0 0 0 0 0 0 0 0 0 0 0 0 0 0 0 0 0 0 0 0 0 0 0 0 0 0 0 0 0 0 0 0 0 0 0 0 0 0 0 0 0 0 0 0 0 0 0 0 0 0 0 0 0 0 0 data 16 0x10005 0x486c 0x0 0x0 0x0 0x0 0x0 0x0 0x0 0x0 0x0 0x0 0x0 0x9 0x1 0x0 oops 0 methods 0
ciMethodData org/jetbrains/kotlin/name/FqNameUnsafe compute ()V 2 13316 orig 80 0 0 0 0 0 0 0 0 0 0 0 0 0 0 0 0 0 0 0 0 0 0 0 0 0 0 0 0 0 0 0 0 0 0 0 0 0 0 0 0 0 0 0 0 0 0 0 0 0 0 0 0 0 0 0 0 0 0 0 0 0 0 0 0 0 0 0 0 0 0 0 0 0 0 0 0 0 0 0 0 data 50 0x60005 0x3404 0x0 0x0 0x0 0x0 0x0 0xb0007 0x6e7 0xc8 0x2d1d 0x160005 0x2d1d 0x0 0x0 0x0 0x0 0x0 0x190002 0x2d1d 0x2a0005 0x2d1d 0x0 0x0 0x0 0x0 0x0 0x2d0002 0x2d1d 0x330003 0x2d1d 0x60 0x3b0002 0x6e7 0x450005 0x6e7 0x0 0x0 0x0 0x0 0x0 0x0 0x0 0x0 0x0 0x0 0x0 0x9 0x1 0xc oops 0 methods 0
ciMethodData org/jetbrains/kotlin/utils/WrappedValues unescapeThrowable (Ljava/lang/Object;)Ljava/lang/Object; 2 19329 orig 80 0 0 0 0 0 0 0 0 0 0 0 0 255 127 0 0 0 0 0 0 0 0 0 0 0 0 0 0 0 0 0 0 0 0 0 0 0 0 0 0 0 0 0 0 0 0 0 0 0 0 0 0 0 0 0 0 0 0 0 0 0 0 0 0 0 0 0 0 0 0 0 0 0 0 0 0 0 0 0 0 data 48 0x10104 0xffffffffffffb4b9 0x0 0x1daf5268270 0x3 0x0 0x0 0x40007 0x4b81 0x100 0x0 0x80004 0x0 0x0 0x0 0x0 0x0 0x0 0xb0005 0x0 0x0 0x0 0x0 0x0 0x0 0x120007 0x0 0x60 0x0 0x160002 0x0 0x190007 0x0 0x30 0x0 0x210002 0x0 0x260002 0x0 0x0 0x0 0x0 0x0 0x0 0x0 0x9 0x1 0x0 oops 1 3 org/jetbrains/kotlin/resolve/lazy/declarations/FileBasedDeclarationProviderFactory$Index methods 0
ciMethodData org/jetbrains/kotlin/storage/CancellableSimpleLock lock ()V 2 9302 orig 80 0 0 0 0 0 0 0 0 0 0 0 0 255 127 0 0 0 0 0 0 0 0 0 0 0 0 0 0 0 0 0 0 0 0 0 0 0 0 0 0 0 0 0 0 0 0 0 0 0 0 0 0 0 0 0 0 0 0 0 0 0 0 0 0 0 0 0 0 0 0 0 0 0 0 0 0 0 0 0 0 data 44 0x20005 0x2456 0x0 0x0 0x0 0x0 0x0 0xb0005 0x0 0x0 0x1daf4871988 0x2456 0x0 0x0 0x100007 0x2456 0xa8 0x0 0x170005 0x0 0x0 0x0 0x0 0x0 0x0 0x1c0003 0x0 0xffffffffffffff38 0x250005 0x0 0x0 0x0 0x0 0x0 0x0 0x0 0x0 0x0 0x0 0x0 0x0 0x9 0x1 0xffffffffffffffff oops 1 10 java/util/concurrent/locks/ReentrantLock methods 0
ciMethodData org/jetbrains/kotlin/types/error/ErrorUtils isError (Lorg/jetbrains/kotlin/descriptors/DeclarationDescriptor;)Z 2 17875 orig 80 1 0 0 0 0 0 0 0 0 0 0 0 255 127 0 0 0 0 0 0 0 0 0 0 0 0 0 0 0 0 0 0 0 0 0 0 0 0 0 1 0 0 0 0 0 0 0 0 0 0 0 0 0 0 0 0 0 0 0 0 0 0 0 0 0 0 0 0 0 0 0 0 0 0 0 0 0 0 0 0 data 39 0x10007 0x0 0xf0 0x45d3 0x80002 0x45d3 0xb0007 0x0 0xa8 0x45d3 0x120005 0x2916 0x0 0x1daf6117720 0x76c 0x1daf4526d00 0x1551 0x170002 0x45d3 0x80000006001a0007 0x53 0x40 0x4581 0x250007 0x4581 0x38 0x0 0x290003 0x53 0x18 0x0 0x0 0x0 0x0 0x0 0x0 0x9 0x1 0xffffffffffffffff oops 2 13 org/jetbrains/kotlin/resolve/lazy/descriptors/LazyPackageDescriptor 15 org/jetbrains/kotlin/resolve/lazy/descriptors/LazyClassDescriptor methods 0
ciMethodData org/jetbrains/kotlin/storage/DefaultSimpleLock unlock ()V 1 0 orig 80 0 0 0 0 0 0 0 0 0 0 0 0 255 127 0 0 0 0 0 0 0 0 0 0 0 0 0 0 0 0 0 0 0 0 0 0 0 0 0 0 0 0 0 0 0 0 0 0 0 0 0 0 0 0 0 0 0 0 0 0 0 0 0 0 0 0 0 0 0 0 0 0 0 0 0 0 0 0 0 0 data 16 0x40005 0x0 0x0 0x0 0x0 0x0 0x0 0x0 0x0 0x0 0x0 0x0 0x0 0x9 0x1 0x0 oops 0 methods 0
ciMethodData org/jetbrains/kotlin/resolve/DescriptorUtils getFqName (Lorg/jetbrains/kotlin/descriptors/DeclarationDescriptor;)Lorg/jetbrains/kotlin/name/FqNameUnsafe; 2 29688 orig 80 0 0 0 0 0 0 0 0 0 0 0 0 255 127 0 0 0 0 0 0 0 0 0 0 0 0 0 0 0 0 0 0 0 0 0 0 0 0 0 0 0 0 0 0 0 0 0 0 0 0 0 0 0 0 0 0 0 0 0 0 0 0 0 0 0 0 0 0 0 0 0 0 0 0 0 0 0 0 0 0 data 33 0x10007 0x73f8 0x30 0x0 0x50002 0x0 0x90002 0x73f8 0xe0007 0x5351 0x70 0x20a7 0x120005 0x20a7 0x0 0x0 0x0 0x0 0x0 0x150003 0x20a7 0x28 0x190002 0x5351 0x0 0x0 0x0 0x0 0x0 0x0 0x9 0x1 0xffffffffffffffff oops 0 methods 0
ciMethodData org/jetbrains/kotlin/storage/LockBasedStorageManager$LockBasedNotNullLazyValue invoke ()Ljava/lang/Object; 2 22803 orig 80 1 0 0 0 0 0 0 0 0 0 0 0 255 127 0 0 0 0 0 0 0 0 0 0 0 0 0 0 0 0 0 0 0 0 0 0 0 0 0 0 0 0 0 0 0 0 0 0 0 0 0 0 0 0 0 0 0 0 0 0 0 0 0 0 0 0 0 0 0 0 0 0 0 0 0 0 0 0 0 0 data 27 0x10002 0x5913 0x80007 0x5919 0x50 0x0 0xc0007 0x0 0x30 0x0 0x150002 0x0 0x1b0007 0x5919 0x30 0x0 0x1f0002 0x0 0x0 0x0 0x0 0x0 0x0 0x0 0x9 0x1 0x0 oops 0 methods 0
ciMethodData org/jetbrains/kotlin/storage/LockBasedStorageManager$LockBasedLazyValue invoke ()Ljava/lang/Object; 2 24659 orig 80 1 0 0 0 1 0 0 0 0 0 0 0 0 0 0 0 0 0 0 0 7 0 0 0 0 0 0 0 0 0 0 0 0 0 0 0 0 0 0 0 0 0 0 0 0 0 0 0 0 0 0 0 0 0 0 0 0 0 0 0 0 0 0 0 0 0 0 0 0 0 0 0 0 0 0 0 0 0 0 0 data 187 0x60104 0xffffffffffffaedb 0x0 0x1daf5268270 0xb 0x1daf5268320 0x9 0x90007 0xe3d 0x30 0x5216 0xd0002 0x5216 0x8000000400180005 0x0 0x0 0x1daf52683d0 0xe30 0x1daf5268480 0x14 0x230004 0x0 0x0 0x1daf685a2d0 0xe44 0x0 0x0 0x260007 0xe44 0x68 0x0 0x2a0002 0x0 0x350005 0x0 0x0 0x0 0x0 0x0 0x0 0x400007 0xe44 0x120 0x0 0x4c0005 0x0 0x0 0x0 0x0 0x0 0x0 0x510005 0x0 0x0 0x0 0x0 0x0 0x0 0x540007 0x0 0x90 0x0 0x580005 0x0 0x0 0x0 0x0 0x0 0x0 0x630005 0x0 0x0 0x0 0x0 0x0 0x0 0x6e0007 0xe44 0x120 0x0 0x730005 0x0 0x0 0x0 0x0 0x0 0x0 0x780005 0x0 0x0 0x0 0x0 0x0 0x0 0x7b0007 0x0 0x90 0x0 0x7f0005 0x0 0x0 0x0 0x0 0x0 0x0 0x8a0005 0x0 0x0 0x0 0x0 0x0 0x0 0x9c0005 0xc56 0x0 0x1daf5268530 0x107 0x1daf52685e0 0xe7 0xa40005 0x21d 0x0 0x1daf68561a8 0xa0f 0x1daf5268690 0x218 0xb50005 0x0 0x0 0x1daf52683d0 0xe30 0x1daf5268480 0x14 0xbe0002 0x0 0xc10007 0x0 0x58 0x0 0xcc0004 0x0 0x0 0x0 0x0 0x0 0x0 0xd70007 0x0 0x30 0x0 0xdc0002 0x0 0xe60002 0x0 0xea0005 0x0 0x0 0x0 0x0 0x0 0x0 0xf90005 0x0 0x0 0x0 0x0 0x0 0x0 0x0 0x0 0x0 0x0 0x0 0x0 0x0 0x0 0x0 0x0 0x0 0x0 0x0 0x0 0x0 0x0 0x9 0x1 0x0 oops 11 3 org/jetbrains/kotlin/resolve/lazy/declarations/FileBasedDeclarationProviderFactory$Index 5 org/jetbrains/kotlin/resolve/lazy/declarations/AbstractPsiBasedDeclarationProvider$Index 16 org/jetbrains/kotlin/storage/CancellableSimpleLock 18 org/jetbrains/kotlin/storage/DefaultSimpleLock 23 org/jetbrains/kotlin/storage/LockBasedStorageManager$NotValue 115 org/jetbrains/kotlin/descriptors/ScopesHolderForClass$scopeForOwnerModule$2 117 org/jetbrains/kotlin/resolve/lazy/declarations/AbstractPsiBasedDeclarationProvider$index$1 122 org/jetbrains/kotlin/storage/LockBasedStorageManager$LockBasedNotNullLazyValue 124 org/jetbrains/kotlin/storage/LockBasedStorageManager$3 129 org/jetbrains/kotlin/storage/CancellableSimpleLock 131 org/jetbrains/kotlin/storage/DefaultSimpleLock methods 0
ciMethodData org/jetbrains/kotlin/descriptors/annotations/Annotations$Companion getEMPTY ()Lorg/jetbrains/kotlin/descriptors/annotations/Annotations; 2 36628 orig 80 0 0 0 0 0 0 0 0 0 0 0 0 255 127 0 0 0 0 0 0 0 0 0 0 0 0 0 0 0 0 0 0 0 0 0 0 0 0 0 0 0 0 0 0 0 0 0 0 0 0 0 0 0 0 0 0 0 0 0 0 0 0 0 0 0 0 0 0 0 0 0 0 0 0 0 0 0 0 0 0 data 5 0x0 0x0 0x9 0x1 0x0 oops 0 methods 0
ciMethodData org/jetbrains/kotlin/name/Name equals (Ljava/lang/Object;)Z 2 25421 orig 80 0 0 0 0 0 0 0 0 0 0 0 0 255 127 0 0 0 0 0 0 0 0 0 0 0 0 0 0 0 0 0 0 0 0 0 0 0 0 0 0 0 0 0 0 0 0 0 0 0 0 0 0 0 0 0 0 0 0 0 0 0 0 0 0 0 0 0 0 0 0 0 0 0 0 0 0 0 0 0 0 data 47 0x20007 0x633f 0x20 0xe 0x80004 0x0 0x0 0x1daf6468e88 0x633f 0x0 0x0 0xb0007 0x633f 0x20 0x0 0x110004 0x0 0x0 0x1daf6468e88 0x633f 0x0 0x0 0x1d0007 0x5f5e 0x20 0x3e1 0x2a0005 0x5f5e 0x0 0x0 0x0 0x0 0x0 0x2d0007 0x3c17 0x20 0x2347 0x0 0x0 0x0 0x0 0x0 0x0 0x9 0x2 0x0 0x0 oops 2 7 org/jetbrains/kotlin/name/Name 18 org/jetbrains/kotlin/name/Name methods 0
ciMethod org/jetbrains/kotlin/load/java/lazy/descriptors/LazyJavaClassDescriptor$LazyJavaClassTypeConstructor getParameters ()Ljava/util/List; 4096 0 12081 0 0
ciMethod org/jetbrains/kotlin/load/java/lazy/descriptors/LazyJavaClassDescriptor$LazyJavaClassTypeConstructor getDeclarationDescriptor ()Lorg/jetbrains/kotlin/descriptors/ClassDescriptor; 544 0 15240 0 0
ciMethod org/jetbrains/kotlin/load/java/lazy/descriptors/LazyJavaClassDescriptor$LazyJavaClassTypeConstructor getDeclarationDescriptor ()Lorg/jetbrains/kotlin/descriptors/ClassifierDescriptor; 514 0 14615 0 88
ciMethod org/jetbrains/kotlin/types/typeUtil/TypeUtilsKt replaceAnnotations (Lorg/jetbrains/kotlin/types/KotlinType;Lorg/jetbrains/kotlin/descriptors/annotations/Annotations;)Lorg/jetbrains/kotlin/types/KotlinType; 3454 0 2112 0 0
ciMethod org/jetbrains/kotlin/types/DynamicTypesKt isDynamic (Lorg/jetbrains/kotlin/types/KotlinType;)Z 770 0 12679 0 0
ciMethod org/jetbrains/kotlin/types/KotlinTypeKt isError (Lorg/jetbrains/kotlin/types/KotlinType;)Z 512 0 16953 0 0
ciMethod org/jetbrains/kotlin/types/SpecialTypesKt getAbbreviatedType (Lorg/jetbrains/kotlin/types/KotlinType;)Lorg/jetbrains/kotlin/types/AbbreviatedType; 1352 0 8189 0 0
ciMethod org/jetbrains/kotlin/types/SpecialTypesKt getAbbreviation (Lorg/jetbrains/kotlin/types/KotlinType;)Lorg/jetbrains/kotlin/types/SimpleType; 512 0 7026 0 0
ciMethod org/jetbrains/kotlin/types/SpecialTypesKt withAbbreviation (Lorg/jetbrains/kotlin/types/SimpleType;Lorg/jetbrains/kotlin/types/SimpleType;)Lorg/jetbrains/kotlin/types/SimpleType; 142 0 186 0 -1
ciMethod org/jetbrains/kotlin/types/AbbreviatedType <init> (Lorg/jetbrains/kotlin/types/SimpleType;Lorg/jetbrains/kotlin/types/SimpleType;)V 510 0 242 0 -1
ciMethod org/jetbrains/kotlin/types/AbbreviatedType getDelegate ()Lorg/jetbrains/kotlin/types/SimpleType; 266 0 133 0 -1
ciMethod org/jetbrains/kotlin/types/AbbreviatedType getAbbreviation ()Lorg/jetbrains/kotlin/types/SimpleType; 234 0 107 0 -1
ciMethod org/jetbrains/kotlin/types/AbbreviatedType makeNullableAsSpecified (Z)Lorg/jetbrains/kotlin/types/AbbreviatedType; 112 0 56 0 0
ciMethod org/jetbrains/kotlin/types/AbbreviatedType makeNullableAsSpecified (Z)Lorg/jetbrains/kotlin/types/UnwrappedType; 112 0 56 0 0
ciMethod org/jetbrains/kotlin/types/TypeAttributesKt replaceAnnotations (Lorg/jetbrains/kotlin/types/TypeAttributes;Lorg/jetbrains/kotlin/descriptors/annotations/Annotations;)Lorg/jetbrains/kotlin/types/TypeAttributes; 4126 0 4228 0 0
ciMethod org/jetbrains/kotlin/types/AnnotationsTypeAttributeKt getAnnotationsAttribute (Lorg/jetbrains/kotlin/types/TypeAttributes;)Lorg/jetbrains/kotlin/types/AnnotationsTypeAttribute; 1152 0 25842 0 0
ciMethod org/jetbrains/kotlin/types/AnnotationsTypeAttributeKt getAnnotations (Lorg/jetbrains/kotlin/types/TypeAttributes;)Lorg/jetbrains/kotlin/descriptors/annotations/Annotations; 1940 0 25329 0 0
ciMethod org/jetbrains/kotlin/types/AnnotationsTypeAttribute <init> (Lorg/jetbrains/kotlin/descriptors/annotations/Annotations;)V 2 0 1105 0 -1
ciMethod org/jetbrains/kotlin/types/AnnotationsTypeAttribute getAnnotations ()Lorg/jetbrains/kotlin/descriptors/annotations/Annotations; 30 0 15 0 0
ciMethod org/jetbrains/kotlin/util/NullableArrayMapAccessor getValue (Lorg/jetbrains/kotlin/util/AbstractArrayMapOwner;Lkotlin/reflect/KProperty;)Ljava/lang/Object; 768 0 25653 0 0
ciMethod org/jetbrains/kotlin/util/NullableArrayMapAccessor getValue (Ljava/lang/Object;Lkotlin/reflect/KProperty;)Ljava/lang/Object; 768 0 25653 0 0
ciMethod org/jetbrains/kotlin/util/AbstractArrayMapOwner$AbstractArrayMapAccessor extractValue (Lorg/jetbrains/kotlin/util/AbstractArrayMapOwner;)Ljava/lang/Object; 768 0 25653 0 0
ciMethod org/jetbrains/kotlin/types/CustomTypeParameter isTypeParameter ()Z 0 0 1 0 -1
ciMethod org/jetbrains/kotlin/types/CustomTypeParameter substitutionResult (Lorg/jetbrains/kotlin/types/KotlinType;)Lorg/jetbrains/kotlin/types/KotlinType; 0 0 1 0 -1
ciMethod org/jetbrains/kotlin/types/TypeSubstitution get (Lorg/jetbrains/kotlin/types/KotlinType;)Lorg/jetbrains/kotlin/types/TypeProjection; 0 0 1 0 -1
ciMethod org/jetbrains/kotlin/types/TypeSubstitution prepareTopLevelType (Lorg/jetbrains/kotlin/types/KotlinType;Lorg/jetbrains/kotlin/types/Variance;)Lorg/jetbrains/kotlin/types/KotlinType; 4128 0 12305 0 -1
ciMethod org/jetbrains/kotlin/types/TypeSubstitution filterAnnotations (Lorg/jetbrains/kotlin/descriptors/annotations/Annotations;)Lorg/jetbrains/kotlin/descriptors/annotations/Annotations; 768 0 8345 0 0
ciMethod org/jetbrains/kotlin/types/IndexedParametersSubstitution get (Lorg/jetbrains/kotlin/types/KotlinType;)Lorg/jetbrains/kotlin/types/TypeProjection; 672 0 10859 0 0
ciMethod org/jetbrains/kotlin/descriptors/annotations/CompositeAnnotations <init> (Ljava/util/List;)V 1846 0 7834 0 0
ciMethod org/jetbrains/kotlin/descriptors/annotations/CompositeAnnotations <init> ([Lorg/jetbrains/kotlin/descriptors/annotations/Annotations;)V 512 0 5375 0 0
ciMethod org/jetbrains/kotlin/descriptors/annotations/CompositeAnnotations isEmpty ()Z 4114 4114 10267 0 704
ciMethodData org/jetbrains/kotlin/storage/LockBasedStorageManager$LockBasedLazyValue postCompute (Ljava/lang/Object;)V 1 0 orig 80 0 0 0 0 0 0 0 0 0 0 0 0 255 127 0 0 0 0 0 0 0 0 0 0 0 0 0 0 0 0 0 0 0 0 0 0 0 0 0 0 0 0 0 0 0 0 0 0 0 0 0 0 0 0 0 0 0 0 0 0 0 0 0 0 0 0 0 0 0 0 0 0 0 0 0 0 0 0 0 0 data 5 0x0 0x9 0x2 0x0 0x0 oops 0 methods 0
ciMethod org/jetbrains/kotlin/types/TypeProjectionImpl <init> (Lorg/jetbrains/kotlin/types/Variance;Lorg/jetbrains/kotlin/types/KotlinType;)V 4144 0 28508 0 632
ciMethod org/jetbrains/kotlin/types/TypeProjectionImpl <init> (Lorg/jetbrains/kotlin/types/KotlinType;)V 16 0 103 0 -1
ciMethod org/jetbrains/kotlin/types/TypeProjectionImpl getProjectionKind ()Lorg/jetbrains/kotlin/types/Variance; 4102 0 21004 0 112
ciMethod org/jetbrains/kotlin/types/TypeProjectionImpl getType ()Lorg/jetbrains/kotlin/types/KotlinType; 4100 0 25770 0 112
ciMethod org/jetbrains/kotlin/types/TypeProjectionImpl isStarProjection ()Z 320 0 160 0 0
ciMethod org/jetbrains/kotlin/types/TypeProjectionImpl $$$reportNull$$$0 (I)V 0 0 1 0 -1
ciMethod org/jetbrains/kotlin/types/TypeProjectionBase <init> ()V 428 0 26650 0 0
ciMethod org/jetbrains/kotlin/resolve/calls/inference/CapturedTypeConstructorKt isCaptured (Lorg/jetbrains/kotlin/types/KotlinType;)Z 0 0 12399 0 0
ciMethod org/jetbrains/kotlin/descriptors/impl/AbstractTypeParameterDescriptor$TypeParameterTypeConstructor getParameters ()Ljava/util/List; 176 0 58 0 0
ciMethod org/jetbrains/kotlin/descriptors/impl/AbstractTypeParameterDescriptor$TypeParameterTypeConstructor getDeclarationDescriptor ()Lorg/jetbrains/kotlin/descriptors/ClassifierDescriptor; 4114 0 8205 0 112
ciMethod org/jetbrains/kotlin/descriptors/impl/AbstractTypeParameterDescriptor$TypeParameterTypeConstructor isSameClassifier (Lorg/jetbrains/kotlin/descriptors/ClassifierDescriptor;)Z 0 0 1 0 0
ciMethod org/jetbrains/kotlin/descriptors/impl/AbstractTypeParameterDescriptor$TypeParameterTypeConstructor $$$reportNull$$$0 (I)V 0 0 1 0 -1
ciMethod org/jetbrains/kotlin/types/NullableSimpleType <init> (Lorg/jetbrains/kotlin/types/SimpleType;)V 814 0 2508 0 0
ciMethod org/jetbrains/kotlin/types/NullableSimpleType isMarkedNullable ()Z 256 0 128 0 0
ciMethod org/jetbrains/kotlin/types/DelegatingSimpleTypeImpl <init> (Lorg/jetbrains/kotlin/types/SimpleType;)V 1002 0 2760 0 0
ciMethod org/jetbrains/kotlin/types/DelegatingSimpleTypeImpl getDelegate ()Lorg/jetbrains/kotlin/types/SimpleType; 278 0 139 0 0
ciMethod org/jetbrains/kotlin/types/TypeWithEnhancement getOrigin ()Lorg/jetbrains/kotlin/types/UnwrappedType; 0 0 1 0 -1
ciMethod org/jetbrains/kotlin/types/TypeWithEnhancement getEnhancement ()Lorg/jetbrains/kotlin/types/KotlinType; 0 0 1 0 -1
ciMethod org/jetbrains/kotlin/types/FlexibleTypesKt isFlexible (Lorg/jetbrains/kotlin/types/KotlinType;)Z 2988 0 10841 0 0
ciMethod org/jetbrains/kotlin/types/FlexibleTypesKt asFlexibleType (Lorg/jetbrains/kotlin/types/KotlinType;)Lorg/jetbrains/kotlin/types/FlexibleType; 2 0 1500 0 0
ciMethod org/jetbrains/kotlin/types/TypeSubstitutionKt replace (Lorg/jetbrains/kotlin/types/KotlinType;Ljava/util/List;Lorg/jetbrains/kotlin/descriptors/annotations/Annotations;Ljava/util/List;)Lorg/jetbrains/kotlin/types/KotlinType; 768 0 7029 0 0
ciMethod org/jetbrains/kotlin/types/TypeSubstitutionKt replace$default (Lorg/jetbrains/kotlin/types/KotlinType;Ljava/util/List;Lorg/jetbrains/kotlin/descriptors/annotations/Annotations;Ljava/util/List;ILjava/lang/Object;)Lorg/jetbrains/kotlin/types/KotlinType; 768 0 7029 0 0
ciMethod org/jetbrains/kotlin/types/TypeSubstitutionKt replace (Lorg/jetbrains/kotlin/types/SimpleType;Ljava/util/List;Lorg/jetbrains/kotlin/types/TypeAttributes;)Lorg/jetbrains/kotlin/types/SimpleType; 4096 0 2358 0 0
ciMethod org/jetbrains/kotlin/types/TypeSubstitutionKt asSimpleType (Lorg/jetbrains/kotlin/types/KotlinType;)Lorg/jetbrains/kotlin/types/SimpleType; 320 0 364 0 -1
ciMethod org/jetbrains/kotlin/types/TypeSubstitutionKt replace (Lorg/jetbrains/kotlin/types/KotlinType;Ljava/util/List;Lorg/jetbrains/kotlin/descriptors/annotations/Annotations;)Lorg/jetbrains/kotlin/types/KotlinType; 512 0 7028 0 0
ciMethod org/jetbrains/kotlin/types/TypeWithEnhancementKt wrapEnhancement (Lorg/jetbrains/kotlin/types/UnwrappedType;Lorg/jetbrains/kotlin/types/KotlinType;)Lorg/jetbrains/kotlin/types/UnwrappedType; 1024 0 10313 0 0
ciMethodData org/jetbrains/kotlin/types/UnwrappedType unwrap ()Lorg/jetbrains/kotlin/types/UnwrappedType; 1 18 orig 80 0 0 0 0 0 0 0 0 0 0 0 0 255 127 0 0 0 0 0 0 0 0 0 0 0 0 0 0 0 0 0 0 0 0 0 0 0 0 0 0 0 0 0 0 0 0 0 0 0 0 0 0 0 0 0 0 0 0 0 0 0 0 0 0 0 0 0 0 0 0 0 0 0 0 0 0 0 0 0 0 data 5 0x0 0x0 0x9 0x1 0x0 oops 0 methods 0
ciMethodData org/jetbrains/kotlin/serialization/deserialization/descriptors/DeserializedClassDescriptor$DeserializedClassTypeConstructor getDeclarationDescriptor ()Lorg/jetbrains/kotlin/descriptors/ClassifierDescriptor; 2 9261 orig 80 0 0 0 0 0 0 0 0 0 0 0 0 255 127 0 0 0 0 0 0 0 0 0 0 0 0 0 0 0 0 0 0 0 0 0 0 0 0 0 0 0 0 0 0 0 0 0 0 0 0 0 0 0 0 0 0 0 0 0 0 0 0 0 0 0 0 0 0 0 0 0 0 0 0 0 0 0 0 0 0 data 23 0x10005 0x242d 0x0 0x0 0x0 0x0 0x0 0x40004 0x0 0x0 0x0 0x0 0x0 0x0 0x0 0x0 0x0 0x0 0x0 0x0 0x9 0x1 0x0 oops 0 methods 0
ciMethodData org/jetbrains/kotlin/serialization/deserialization/descriptors/DeserializedClassDescriptor$DeserializedClassTypeConstructor getParameters ()Ljava/util/List; 2 12348 orig 80 0 0 0 0 0 0 0 0 0 0 0 0 255 127 0 0 0 0 0 0 0 0 0 0 0 0 0 0 0 0 0 0 0 0 0 0 0 0 0 0 0 0 0 0 0 0 0 0 0 0 0 0 0 0 0 0 0 0 0 0 0 0 0 0 0 0 0 0 0 0 0 0 0 0 0 0 0 0 0 0 data 23 0x40005 0x0 0x0 0x1daf68561a8 0x303c 0x0 0x0 0x90004 0x0 0x0 0x1daf403e5e8 0x2820 0x1daf2121288 0x2eb 0x0 0x0 0x0 0x0 0x0 0x0 0x9 0x1 0x0 oops 3 3 org/jetbrains/kotlin/storage/LockBasedStorageManager$LockBasedNotNullLazyValue 10 kotlin/collections/EmptyList 12 java/util/ArrayList methods 0
ciMethod org/jetbrains/kotlin/util/OneElementArrayMap get (I)Ljava/lang/Object; 4096 0 7111 0 0
ciMethod org/jetbrains/kotlin/types/SimpleTypeWithAttributes getAttributes ()Lorg/jetbrains/kotlin/types/TypeAttributes; 262 0 131 0 0
ciMethodData org/jetbrains/kotlin/builtins/KotlinBuiltIns classFqNameEquals (Lorg/jetbrains/kotlin/descriptors/ClassifierDescriptor;Lorg/jetbrains/kotlin/name/FqNameUnsafe;)Z 2 6225 orig 80 0 0 0 0 0 0 0 0 0 0 0 0 255 127 0 0 0 0 0 0 0 0 0 0 0 0 0 0 0 0 0 0 0 0 0 0 0 0 0 0 0 0 0 0 0 0 0 0 0 0 0 0 0 0 0 0 0 0 0 0 0 0 0 0 0 0 0 0 0 0 0 0 0 0 0 0 0 0 0 0 data 63 0x10007 0x1851 0x30 0x0 0x60002 0x0 0xa0007 0x1851 0x30 0x0 0xf0002 0x0 0x130005 0x27a 0x0 0x1daf74ef1d0 0xac9 0x1daf4526d00 0xb0e 0x190005 0x1851 0x0 0x0 0x0 0x0 0x0 0x1c0005 0x1851 0x0 0x0 0x0 0x0 0x0 0x1f0007 0x1564 0xa0 0x2ed 0x240002 0x2ed 0x270005 0x2ed 0x0 0x0 0x0 0x0 0x0 0x2a0007 0x0 0x38 0x2ed 0x2e0003 0x2ed 0x18 0x0 0x0 0x0 0x0 0x0 0x0 0x9 0x2 0x0 0x0 oops 2 15 org/jetbrains/kotlin/serialization/deserialization/descriptors/DeserializedClassDescriptor 17 org/jetbrains/kotlin/resolve/lazy/descriptors/LazyClassDescriptor methods 0
ciMethodData org/jetbrains/kotlin/types/ClassifierBasedTypeConstructor hashCode ()I 2 5154 orig 80 0 0 0 0 0 0 0 0 0 0 0 0 255 127 0 0 0 0 0 0 0 0 0 0 0 0 0 0 0 0 0 0 0 0 0 0 0 0 0 0 0 0 0 0 0 0 0 0 0 0 0 0 0 0 0 0 0 0 0 0 0 0 0 0 0 0 0 0 0 0 0 0 0 0 0 0 0 0 0 0 data 47 0x60007 0x302 0x20 0x1120 0xc0005 0x23 0x0 0x1daf403e538 0x2d5 0x1daf6856258 0xa 0x120002 0x302 0x150007 0x0 0xb8 0x302 0x190004 0x0 0x0 0x1daf4526d00 0x2d5 0x1daf235f9c8 0x7 0x1c0002 0x302 0x1f0005 0x302 0x0 0x0 0x0 0x0 0x0 0x220003 0x302 0x28 0x260002 0x0 0x0 0x0 0x0 0x0 0x0 0x0 0x9 0x1 0x0 oops 4 7 org/jetbrains/kotlin/resolve/lazy/descriptors/LazyClassDescriptor$LazyClassTypeConstructor 9 org/jetbrains/kotlin/descriptors/impl/AbstractTypeParameterDescriptor$TypeParameterTypeConstructor 20 org/jetbrains/kotlin/resolve/lazy/descriptors/LazyClassDescriptor 22 org/jetbrains/kotlin/load/java/lazy/descriptors/LazyJavaTypeParameterDescriptor methods 0
ciMethodData org/jetbrains/kotlin/types/ClassifierBasedTypeConstructor hasMeaningfulFqName (Lorg/jetbrains/kotlin/descriptors/ClassifierDescriptor;)Z 1 774 orig 80 0 0 0 0 0 0 0 0 0 0 0 0 0 0 0 0 0 0 0 0 0 0 0 0 0 0 0 0 0 0 0 0 0 0 0 0 0 0 0 0 0 0 0 0 0 0 0 0 0 0 0 0 0 0 0 0 0 0 0 0 0 0 0 0 0 0 0 0 0 0 0 0 0 0 0 0 0 0 0 0 data 39 0x10004 0x0 0x0 0x1daf4526d00 0x2d5 0x1daf235f9c8 0x7 0x40002 0x306 0x70007 0x0 0xa0 0x306 0xb0004 0x0 0x0 0x1daf4526d00 0x2d5 0x1daf235f9c8 0x7 0xe0002 0x306 0x110007 0x0 0x38 0x306 0x150003 0x306 0x18 0x0 0x0 0x0 0x0 0x0 0x0 0x9 0x2 0x0 0xffffffffffffffff oops 4 3 org/jetbrains/kotlin/resolve/lazy/descriptors/LazyClassDescriptor 5 org/jetbrains/kotlin/load/java/lazy/descriptors/LazyJavaTypeParameterDescriptor 16 org/jetbrains/kotlin/resolve/lazy/descriptors/LazyClassDescriptor 18 org/jetbrains/kotlin/load/java/lazy/descriptors/LazyJavaTypeParameterDescriptor methods 0
ciMethodData org/jetbrains/kotlin/resolve/DescriptorUtils isLocal (Lorg/jetbrains/kotlin/descriptors/DeclarationDescriptor;)Z 1 379 orig 80 0 0 0 0 0 0 0 0 0 0 0 0 0 0 0 0 0 0 0 0 0 0 0 0 0 0 0 0 0 0 0 0 0 0 0 0 0 0 0 0 0 0 0 0 0 0 0 0 0 0 0 0 0 0 0 0 0 0 0 0 0 0 0 0 0 0 0 0 0 0 0 0 0 0 0 0 0 0 0 0 data 41 0x10007 0x17b 0x30 0x0 0x50002 0x0 0xb0007 0x17b 0xd0 0x506 0xf0002 0x506 0x120007 0x0 0x50 0x506 0x160002 0x506 0x190007 0x506 0x20 0x0 0x1f0005 0x209 0x0 0x1daf4526d00 0x1be 0x1daf6117720 0x13f 0x250003 0x506 0xffffffffffffff48 0x0 0x0 0x0 0x0 0x0 0x0 0x9 0x1 0xffffffffffffffff oops 2 25 org/jetbrains/kotlin/resolve/lazy/descriptors/LazyClassDescriptor 27 org/jetbrains/kotlin/resolve/lazy/descriptors/LazyPackageDescriptor methods 0
ciMethodData org/jetbrains/kotlin/descriptors/annotations/CompositeAnnotations <init> (Ljava/util/List;)V 2 6916 orig 80 0 0 0 0 0 0 0 0 0 0 0 0 255 127 0 0 0 0 0 0 0 0 0 0 0 0 0 0 0 0 0 0 0 0 0 0 0 0 0 0 0 0 0 0 0 0 0 0 0 0 0 0 0 0 0 0 0 0 0 0 0 0 0 0 0 0 0 0 0 0 0 0 0 0 0 0 0 0 0 0 data 14 0x30002 0x1b04 0x70002 0x1b04 0x0 0x0 0x0 0x0 0x0 0x0 0x9 0x2 0x6 0x0 oops 0 methods 0
ciMethodData org/jetbrains/kotlin/builtins/KotlinBuiltIns isTypeConstructorForGivenClass (Lorg/jetbrains/kotlin/types/TypeConstructor;Lorg/jetbrains/kotlin/name/FqNameUnsafe;)Z 2 19761 orig 80 2 0 0 0 1 0 0 0 0 0 0 0 255 127 0 0 0 2 0 0 0 0 0 0 0 0 0 0 0 0 0 0 0 0 0 0 0 0 0 1 0 0 0 0 0 0 0 0 0 0 0 0 0 0 0 0 0 0 0 0 0 0 0 0 0 0 0 0 0 0 0 0 0 0 0 0 0 0 0 0 data 49 0x10007 0x4d31 0x30 0x0 0x60002 0x0 0xa0007 0x4d31 0x30 0x0 0xf0002 0x0 0x130005 0x17b9 0x0 0x1daf235f918 0x131d 0x1daf235f868 0x225b 0x80000001001a0104 0xfffffffffffff588 0x0 0x1daf74ef120 0x131d 0x1daf74ef1d0 0x225b 0x80000006001d0007 0xa7b 0x68 0x42b9 0x220002 0x42b9 0x250007 0x3d38 0x38 0x581 0x290003 0x581 0x18 0x0 0x0 0x0 0x0 0x0 0x0 0x9 0x2 0x0 0x0 oops 4 15 org/jetbrains/kotlin/load/java/lazy/descriptors/LazyJavaClassDescriptor$LazyJavaClassTypeConstructor 17 org/jetbrains/kotlin/serialization/deserialization/descriptors/DeserializedClassDescriptor$DeserializedClassTypeConstructor 22 org/jetbrains/kotlin/load/java/lazy/descriptors/LazyJavaClassDescriptor 24 org/jetbrains/kotlin/serialization/deserialization/descriptors/DeserializedClassDescriptor methods 0
ciMethodData org/jetbrains/kotlin/types/KotlinType <init> (Lkotlin/jvm/internal/DefaultConstructorMarker;)V 2 8834 orig 80 0 0 0 0 0 0 0 0 0 0 0 0 255 127 0 0 0 0 0 0 0 0 0 0 0 0 0 0 0 0 0 0 0 0 0 0 0 0 0 0 0 0 0 0 0 0 0 0 0 0 0 0 0 0 0 0 0 0 0 0 0 0 0 0 0 0 0 0 0 0 0 0 0 0 0 0 0 0 0 0 data 8 0x10002 0x2282 0x0 0x0 0x9 0x2 0xffffffffffffffff 0x0 oops 0 methods 0
ciMethodData org/jetbrains/kotlin/types/KotlinType <init> ()V 2 8834 orig 80 0 0 0 0 0 0 0 0 0 0 0 0 0 0 0 0 0 0 0 0 0 0 0 0 0 0 0 0 0 0 0 0 0 0 0 0 0 0 0 0 0 0 0 0 0 0 0 0 0 0 0 0 0 0 0 0 0 0 0 0 0 0 0 0 0 0 0 0 0 0 0 0 0 0 0 0 0 0 0 0 data 7 0x10002 0x2282 0x0 0x0 0x9 0x1 0x0 oops 0 methods 0
ciMethodData org/jetbrains/kotlin/builtins/KotlinBuiltIns isConstructedFromGivenClass (Lorg/jetbrains/kotlin/types/KotlinType;Lorg/jetbrains/kotlin/name/FqNameUnsafe;)Z 2 19375 orig 80 0 0 0 0 0 0 0 0 0 0 0 0 255 127 0 0 0 0 0 0 0 0 0 0 0 0 0 0 0 0 0 0 0 0 0 0 0 0 0 0 0 0 0 0 0 0 0 0 0 0 0 0 0 0 0 0 0 0 0 0 0 0 0 0 0 0 0 0 0 0 0 0 0 0 0 0 0 0 0 0 data 31 0x10007 0x4baf 0x30 0x0 0x60002 0x0 0xa0007 0x4baf 0x30 0x0 0xf0002 0x0 0x130005 0x9a9 0x0 0x1daf2698cf0 0x3a91 0x1daf2698ae0 0x775 0x170002 0x4baf 0x0 0x0 0x0 0x0 0x0 0x0 0x9 0x2 0x0 0x0 oops 2 15 org/jetbrains/kotlin/types/SimpleTypeImpl 17 org/jetbrains/kotlin/types/NullableSimpleType methods 0
ciMethodData org/jetbrains/kotlin/types/KotlinTypeKt isError (Lorg/jetbrains/kotlin/types/KotlinType;)Z 2 16726 orig 80 1 0 0 0 0 0 0 0 0 0 0 0 255 127 0 0 0 0 0 0 0 0 0 0 0 0 0 0 0 0 0 0 0 0 0 0 0 0 0 1 0 0 0 0 0 0 0 0 0 0 0 0 0 0 0 0 0 0 0 0 0 0 0 0 0 0 0 0 0 0 0 0 0 0 0 0 0 0 0 0 data 68 0x30002 0x4156 0x70005 0xe9e 0x0 0x1daf2698cf0 0x27f4 0x1daf2698ae0 0xac4 0xe0004 0xffffffffffffbed2 0x0 0x1daf49caea0 0x28 0x1daf49cbc08 0x2 0x8000000600110007 0x29 0x140 0x412e 0x150004 0xffffffffffffc2de 0x0 0x1daf2698c40 0x5d 0x1daf2698b90 0x3af 0x180007 0x3d22 0x100 0x40c 0x1c0004 0x0 0x0 0x1daf2698c40 0x5d 0x1daf2698b90 0x3af 0x1f0005 0x0 0x0 0x1daf2698c40 0x5d 0x1daf2698b90 0x3af 0x220004 0xfffffffffffffbf4 0x0 0x1daf2698cf0 0x6 0x0 0x0 0x250007 0x40c 0x38 0x0 0x290003 0x29 0x18 0x0 0x0 0x0 0x0 0x0 0x0 0x9 0x1 0x0 oops 11 5 org/jetbrains/kotlin/types/SimpleTypeImpl 7 org/jetbrains/kotlin/types/NullableSimpleType 12 org/jetbrains/kotlin/types/error/ErrorType 14 org/jetbrains/kotlin/types/TypeUtils$SpecialType 23 org/jetbrains/kotlin/types/FlexibleTypeImpl 25 org/jetbrains/kotlin/types/FlexibleTypeWithEnhancement 34 org/jetbrains/kotlin/types/FlexibleTypeImpl 36 org/jetbrains/kotlin/types/FlexibleTypeWithEnhancement 41 org/jetbrains/kotlin/types/FlexibleTypeImpl 43 org/jetbrains/kotlin/types/FlexibleTypeWithEnhancement 48 org/jetbrains/kotlin/types/SimpleTypeImpl methods 0
ciMethodData org/jetbrains/kotlin/descriptors/annotations/CompositeAnnotations <init> ([Lorg/jetbrains/kotlin/descriptors/annotations/Annotations;)V 2 5119 orig 80 0 0 0 0 0 0 0 0 0 0 0 0 255 127 0 0 0 0 0 0 0 0 0 0 0 0 0 0 0 0 0 0 0 0 0 0 0 0 0 0 0 0 0 0 0 0 0 0 0 0 0 0 0 0 0 0 0 0 0 0 0 0 0 0 0 0 0 0 0 0 0 0 0 0 0 0 0 0 0 0 data 16 0x30002 0x13ff 0x80002 0x13ff 0xb0002 0x13ff 0x0 0x0 0x0 0x0 0x0 0x0 0x9 0x2 0x0 0x0 oops 0 methods 0
ciMethodData org/jetbrains/kotlin/descriptors/impl/AbstractTypeParameterDescriptor getTypeConstructor ()Lorg/jetbrains/kotlin/types/TypeConstructor; 2 6609 orig 80 0 0 0 0 0 0 0 0 0 0 0 0 0 0 0 0 0 0 0 0 0 0 0 0 0 0 0 0 0 0 0 0 0 0 0 0 0 0 0 0 0 0 0 0 0 0 0 0 0 0 0 0 0 0 0 0 0 0 0 0 0 0 0 0 0 0 0 0 0 0 0 0 0 0 0 0 0 0 0 0 data 29 0x40005 0x0 0x0 0x1daf68561a8 0x19d1 0x0 0x0 0x90004 0x0 0x0 0x1daf6856258 0x19d1 0x0 0x0 0xd0007 0x19d1 0x30 0x0 0x120002 0x0 0x0 0x0 0x0 0x0 0x0 0x0 0x9 0x1 0x0 oops 2 3 org/jetbrains/kotlin/storage/LockBasedStorageManager$LockBasedNotNullLazyValue 10 org/jetbrains/kotlin/descriptors/impl/AbstractTypeParameterDescriptor$TypeParameterTypeConstructor methods 0
ciMethodData kotlin/collections/ArrayAsCollection toArray ()[Ljava/lang/Object; 2 3086 orig 80 0 0 0 0 0 0 0 0 0 0 0 0 255 127 0 0 0 0 0 0 0 0 0 0 0 0 0 0 0 0 0 0 0 0 0 0 0 0 0 0 0 0 0 0 0 0 0 0 0 0 0 0 0 0 0 0 0 0 0 0 0 0 0 0 0 0 0 0 0 0 0 0 0 0 0 0 0 0 0 0 data 11 0x80002 0xc0e 0x0 0x0 0x0 0x0 0x0 0x0 0x9 0x1 0x0 oops 0 methods 0
ciMethodData kotlin/collections/CollectionsKt__CollectionsJVMKt copyToArrayOfAny ([Ljava/lang/Object;Z)[Ljava/lang/Object; 2 3086 orig 80 0 0 0 0 0 0 0 0 0 0 0 0 0 0 0 0 0 0 0 0 0 0 0 0 0 0 0 0 0 0 0 0 0 0 0 0 0 0 0 0 0 0 0 0 0 0 0 0 0 0 0 0 0 0 0 0 0 0 0 0 0 0 0 0 0 0 0 0 0 0 0 0 0 0 0 0 0 0 0 0 data 36 0x30002 0xc0e 0x70007 0xc0d 0xa0 0x1 0xb0005 0x1 0x0 0x0 0x0 0x0 0x0 0x100002 0x1 0x130007 0x1 0x38 0x0 0x170003 0x0 0x38 0x1f0002 0xc0e 0x250002 0xc0e 0x0 0x0 0x0 0x0 0x0 0x0 0x9 0x2 0x0 0x0 oops 0 methods 0
ciMethodData org/jetbrains/kotlin/load/java/lazy/descriptors/LazyJavaClassDescriptor$LazyJavaClassTypeConstructor getDeclarationDescriptor ()Lorg/jetbrains/kotlin/descriptors/ClassifierDescriptor; 2 14358 orig 80 0 0 0 0 0 0 0 0 0 0 0 0 255 127 0 0 0 0 0 0 0 0 0 0 0 0 0 0 0 0 0 0 0 0 0 0 0 0 0 0 0 0 0 0 0 0 0 0 0 0 0 0 0 0 0 0 0 0 0 0 0 0 0 0 0 0 0 0 0 0 0 0 0 0 0 0 0 0 0 0 data 23 0x10005 0x3816 0x0 0x0 0x0 0x0 0x0 0x40004 0x0 0x0 0x0 0x0 0x0 0x0 0x0 0x0 0x0 0x0 0x0 0x0 0x9 0x1 0x0 oops 0 methods 0
ciMethodData org/jetbrains/kotlin/load/java/lazy/descriptors/LazyJavaClassDescriptor$LazyJavaClassTypeConstructor getDeclarationDescriptor ()Lorg/jetbrains/kotlin/descriptors/ClassDescriptor; 2 14968 orig 80 0 0 0 0 0 0 0 0 0 0 0 0 0 0 0 0 0 0 0 0 0 0 0 0 0 0 0 0 0 0 0 0 0 0 0 0 0 0 0 0 0 0 0 0 0 0 0 0 0 0 0 0 0 0 0 0 0 0 0 0 0 0 0 0 0 0 0 0 0 0 0 0 0 0 0 0 0 0 0 0 data 16 0x40004 0x0 0x0 0x1daf74ef120 0x98 0x0 0x0 0x0 0x0 0x0 0x0 0x0 0x0 0x9 0x1 0x0 oops 1 3 org/jetbrains/kotlin/load/java/lazy/descriptors/LazyJavaClassDescriptor methods 0
ciMethod org/jetbrains/kotlin/types/FlexibleTypeImpl runAssertions ()V 512 0 12509 0 120
ciMethod org/jetbrains/kotlin/types/FlexibleTypeImpl getDelegate ()Lorg/jetbrains/kotlin/types/SimpleType; 512 0 12509 0 128
ciMethod org/jetbrains/kotlin/types/TypeCapabilitiesKt isCustomTypeParameter (Lorg/jetbrains/kotlin/types/KotlinType;)Z 4058 0 2276 0 0
ciMethod org/jetbrains/kotlin/types/TypeCapabilitiesKt getCustomTypeParameter (Lorg/jetbrains/kotlin/types/KotlinType;)Lorg/jetbrains/kotlin/types/CustomTypeParameter; 4102 0 4231 0 0
ciMethodData org/jetbrains/kotlin/types/UnwrappedType <init> (Lkotlin/jvm/internal/DefaultConstructorMarker;)V 2 7821 orig 80 0 0 0 0 0 0 0 0 0 0 0 0 255 127 0 0 0 0 0 0 0 0 0 0 0 0 0 0 0 0 0 0 0 0 0 0 0 0 0 0 0 0 0 0 0 0 0 0 0 0 0 0 0 0 0 0 0 0 0 0 0 0 0 0 0 0 0 0 0 0 0 0 0 0 0 0 0 0 0 0 data 8 0x10002 0x1e8d 0x0 0x0 0x9 0x2 0xffffffffffffffff 0x0 oops 0 methods 0
ciMethodData org/jetbrains/kotlin/types/UnwrappedType <init> ()V 2 7821 orig 80 0 0 0 0 0 0 0 0 0 0 0 0 0 0 0 0 0 0 0 0 0 0 0 0 0 0 0 0 0 0 0 0 0 0 0 0 0 0 0 0 0 0 0 0 0 0 0 0 0 0 0 0 0 0 0 0 0 0 0 0 0 0 0 0 0 0 0 0 0 0 0 0 0 0 0 0 0 0 0 0 data 7 0x20002 0x1e8d 0x0 0x0 0x9 0x1 0xffffffffffffffff oops 0 methods 0
ciMethodData org/jetbrains/kotlin/types/SimpleType <init> ()V 2 6351 orig 80 0 0 0 0 0 0 0 0 0 0 0 0 255 127 0 0 0 0 0 0 0 0 0 0 0 0 0 0 0 0 0 0 0 0 0 0 0 0 0 0 0 0 0 0 0 0 0 0 0 0 0 0 0 0 0 0 0 0 0 0 0 0 0 0 0 0 0 0 0 0 0 0 0 0 0 0 0 0 0 0 data 7 0x20002 0x18cf 0x0 0x0 0x9 0x1 0xffffffffffffffff oops 0 methods 0
ciMethodData org/jetbrains/kotlin/types/ClassifierBasedTypeConstructor equals (Ljava/lang/Object;)Z 2 12128 orig 80 0 0 0 0 0 0 0 0 0 0 0 0 255 127 0 0 0 0 0 0 0 0 0 0 0 0 0 0 0 0 0 0 0 0 0 0 0 0 0 0 0 0 0 0 0 0 0 0 0 0 0 0 0 0 0 0 0 0 0 0 0 0 0 0 0 0 0 0 0 0 0 0 0 0 0 0 0 0 0 0 data 126 0x20007 0x11ee 0x20 0x1d72 0x80104 0x0 0x0 0x1daf403e538 0x903 0x1daf235f918 0x7ab 0xb0007 0x11d4 0x20 0x1a 0x110005 0x126 0x0 0x1daf403e538 0x903 0x1daf235f918 0x7ab 0x150005 0x227 0x0 0x1daf403e538 0x28d 0x1daf235f868 0xd20 0x180007 0x1 0x20 0x11d3 0x1e0004 0x0 0x0 0x1daf235f868 0x1 0x0 0x0 0x210005 0x0 0x0 0x1daf235f868 0x1 0x0 0x0 0x260005 0x0 0x0 0x1daf403e5e8 0x1 0x0 0x0 0x2c0005 0x0 0x0 0x1daf235f868 0x1 0x0 0x0 0x2f0005 0x0 0x0 0x1daf403e5e8 0x1 0x0 0x0 0x340007 0x1 0x20 0x0 0x3a0005 0x0 0x0 0x1daf235f868 0x1 0x0 0x0 0x3f0004 0x0 0x0 0x1daf235f868 0x1 0x0 0x0 0x420005 0x0 0x0 0x1daf235f868 0x1 0x0 0x0 0x480007 0x1 0x20 0x0 0x510002 0x1 0x540007 0x0 0x50 0x1 0x590002 0x1 0x5c0007 0x1 0x20 0x0 0x630005 0x0 0x0 0x1daf235f868 0x1 0x0 0x0 0x0 0x0 0x0 0x0 0x0 0x0 0x9 0x2 0x0 0x0 oops 15 7 org/jetbrains/kotlin/resolve/lazy/descriptors/LazyClassDescriptor$LazyClassTypeConstructor 9 org/jetbrains/kotlin/load/java/lazy/descriptors/LazyJavaClassDescriptor$LazyJavaClassTypeConstructor 18 org/jetbrains/kotlin/resolve/lazy/descriptors/LazyClassDescriptor$LazyClassTypeConstructor 20 org/jetbrains/kotlin/load/java/lazy/descriptors/LazyJavaClassDescriptor$LazyJavaClassTypeConstructor 25 org/jetbrains/kotlin/resolve/lazy/descriptors/LazyClassDescriptor$LazyClassTypeConstructor 27 org/jetbrains/kotlin/serialization/deserialization/descriptors/DeserializedClassDescriptor$DeserializedClassTypeConstructor 36 org/jetbrains/kotlin/serialization/deserialization/descriptors/DeserializedClassDescriptor$DeserializedClassTypeConstructor 43 org/jetbrains/kotlin/serialization/deserialization/descriptors/DeserializedClassDescriptor$DeserializedClassTypeConstructor 50 kotlin/collections/EmptyList 57 org/jetbrains/kotlin/serialization/deserialization/descriptors/DeserializedClassDescriptor$DeserializedClassTypeConstructor 64 kotlin/collections/EmptyList 75 org/jetbrains/kotlin/serialization/deserialization/descriptors/DeserializedClassDescriptor$DeserializedClassTypeConstructor 82 org/jetbrains/kotlin/serialization/deserialization/descriptors/DeserializedClassDescriptor$DeserializedClassTypeConstructor 89 org/jetbrains/kotlin/serialization/deserialization/descriptors/DeserializedClassDescriptor$DeserializedClassTypeConstructor 112 org/jetbrains/kotlin/serialization/deserialization/descriptors/DeserializedClassDescriptor$DeserializedClassTypeConstructor methods 0
ciMethodData org/jetbrains/kotlin/types/TypeProjectionImpl getType ()Lorg/jetbrains/kotlin/types/KotlinType; 2 23720 orig 80 0 0 0 0 0 0 0 0 0 0 0 0 255 127 0 0 0 0 0 0 0 0 0 0 0 0 0 0 0 0 0 0 0 0 0 0 0 0 0 0 0 0 0 0 0 0 0 0 0 0 0 0 0 0 0 0 0 0 0 0 0 0 0 0 0 0 0 0 0 0 0 0 0 0 0 0 0 0 0 0 data 15 0x50007 0x5ca8 0x30 0x0 0x90002 0x0 0x0 0x0 0x0 0x0 0x0 0x0 0x9 0x1 0x0 oops 0 methods 0
ciMethodData org/jetbrains/kotlin/types/TypeProjectionImpl <init> (Lorg/jetbrains/kotlin/types/Variance;Lorg/jetbrains/kotlin/types/KotlinType;)V 2 26436 orig 80 0 0 0 0 0 0 0 0 0 0 0 0 0 0 0 0 0 0 0 0 0 0 0 0 0 0 0 0 0 0 0 0 0 0 0 0 0 0 0 0 0 0 0 0 0 0 0 0 0 0 0 0 0 0 0 0 0 0 0 0 0 0 0 0 0 0 0 0 0 0 0 0 0 0 0 0 0 0 0 0 data 25 0x10007 0x6744 0x30 0x0 0x50002 0x0 0x90007 0x6744 0x30 0x0 0xd0002 0x0 0x110002 0x6744 0x0 0x0 0x0 0x0 0x0 0x0 0x9 0x3 0x6 0x0 0x0 oops 0 methods 0
ciMethodData org/jetbrains/kotlin/types/TypeProjectionBase <init> ()V 2 26437 orig 80 0 0 0 0 0 0 0 0 0 0 0 0 0 0 0 0 0 0 0 0 0 0 0 0 0 0 0 0 0 0 0 0 0 0 0 0 0 0 0 0 0 0 0 0 0 0 0 0 0 0 0 0 0 0 0 0 0 0 0 0 0 0 0 0 0 0 0 0 0 0 0 0 0 0 0 0 0 0 0 0 data 7 0x10002 0x6745 0x0 0x0 0x9 0x1 0x0 oops 0 methods 0
ciMethodData org/jetbrains/kotlin/descriptors/impl/AbstractTypeParameterDescriptor getVariance ()Lorg/jetbrains/kotlin/types/Variance; 2 2836 orig 80 0 0 0 0 0 0 0 0 0 0 0 0 0 0 0 0 0 0 0 0 0 0 0 0 0 0 0 0 0 0 0 0 0 0 0 0 0 0 0 0 0 0 0 0 0 0 0 0 0 0 0 0 0 0 0 0 0 0 0 0 0 0 0 0 0 0 0 0 0 0 0 0 0 0 0 0 0 0 0 0 data 15 0x50007 0xb14 0x30 0x0 0xa0002 0x0 0x0 0x0 0x0 0x0 0x0 0x0 0x9 0x1 0x0 oops 0 methods 0
ciMethodData org/jetbrains/kotlin/builtins/KotlinBuiltIns isNothingOrNullableNothing (Lorg/jetbrains/kotlin/types/KotlinType;)Z 2 9847 orig 80 1 0 0 0 0 0 0 0 0 0 0 0 0 0 0 0 0 0 0 0 0 0 0 0 0 0 0 0 0 0 0 0 0 0 0 0 0 0 0 0 0 0 0 0 0 0 0 0 0 0 0 0 0 0 0 0 0 0 0 0 0 0 0 0 0 0 0 0 0 0 0 0 0 0 0 0 0 0 0 0 data 17 0x10007 0x2677 0x30 0x0 0x70002 0x0 0xe0002 0x2677 0x0 0x0 0x0 0x0 0x0 0x0 0x9 0x1 0x0 oops 0 methods 0
ciMethodData org/jetbrains/kotlin/types/TypeProjectionImpl getProjectionKind ()Lorg/jetbrains/kotlin/types/Variance; 2 18953 orig 80 0 0 0 0 0 0 0 0 0 0 0 0 255 127 0 0 0 0 0 0 0 0 0 0 0 0 0 0 0 0 0 0 0 0 0 0 0 0 0 0 0 0 0 0 0 0 0 0 0 0 0 0 0 0 0 0 0 0 0 0 0 0 0 0 0 0 0 0 0 0 0 0 0 0 0 0 0 0 0 0 data 15 0x50007 0x4a09 0x30 0x0 0x90002 0x0 0x0 0x0 0x0 0x0 0x0 0x0 0x9 0x1 0x0 oops 0 methods 0
ciMethodData org/jetbrains/kotlin/types/DelegatingSimpleTypeImpl <init> (Lorg/jetbrains/kotlin/types/SimpleType;)V 2 2267 orig 80 0 0 0 0 0 0 0 0 0 0 0 0 0 0 0 0 0 0 0 0 0 0 0 0 0 0 0 0 0 0 0 0 0 0 0 0 0 0 0 0 0 0 0 0 0 0 0 0 0 0 0 0 0 0 0 0 0 0 0 0 0 0 0 0 0 0 0 0 0 0 0 0 0 0 0 0 0 0 0 0 data 14 0x30002 0x8db 0x70002 0x8db 0x0 0x0 0x0 0x0 0x0 0x0 0x9 0x2 0xffffffffffffffff 0x0 oops 0 methods 0
ciMethodData org/jetbrains/kotlin/types/DelegatingSimpleType <init> ()V 2 2268 orig 80 0 0 0 0 0 0 0 0 0 0 0 0 0 0 0 0 0 0 0 0 0 0 0 0 0 0 0 0 0 0 0 0 0 0 0 0 0 0 0 0 0 0 0 0 0 0 0 0 0 0 0 0 0 0 0 0 0 0 0 0 0 0 0 0 0 0 0 0 0 0 0 0 0 0 0 0 0 0 0 0 data 7 0x10002 0x8dc 0x0 0x0 0x9 0x1 0xffffffffffffffff oops 0 methods 0
ciMethodData org/jetbrains/kotlin/types/SimpleTypeImpl getAttributes ()Lorg/jetbrains/kotlin/types/TypeAttributes; 2 13390 orig 80 0 0 0 0 0 0 0 0 0 0 0 0 255 127 0 0 0 0 0 0 0 0 0 0 0 0 0 0 0 0 0 0 0 0 0 0 0 0 0 0 0 0 0 0 0 0 0 0 0 0 0 0 0 0 0 0 0 0 0 0 0 0 0 0 0 0 0 0 0 0 0 0 0 0 0 0 0 0 0 0 data 16 0x30005 0x344e 0x0 0x0 0x0 0x0 0x0 0x0 0x0 0x0 0x0 0x0 0x0 0x9 0x1 0x0 oops 0 methods 0
ciMethodData org/jetbrains/kotlin/types/AnnotationsTypeAttributeKt getAnnotations (Lorg/jetbrains/kotlin/types/TypeAttributes;)Lorg/jetbrains/kotlin/descriptors/annotations/Annotations; 2 24378 orig 80 0 0 0 0 0 0 0 0 0 0 0 0 255 127 0 0 0 0 0 0 0 0 0 0 0 0 0 0 0 0 0 0 0 0 0 0 0 0 0 0 0 0 0 0 0 0 0 0 0 0 0 0 0 0 0 0 0 0 0 0 0 0 0 0 0 0 0 0 0 0 0 0 0 0 0 0 0 0 0 0 data 35 0x30002 0x5f3a 0x70002 0x5f3a 0xb0007 0x4823 0x78 0x1717 0xe0005 0x1717 0x0 0x0 0x0 0x0 0x0 0x120007 0x1717 0x58 0x0 0x190005 0x4823 0x0 0x0 0x0 0x0 0x0 0x0 0x0 0x0 0x0 0x0 0x0 0x9 0x1 0xffffffffffffffff oops 0 methods 0
ciMethodData org/jetbrains/kotlin/types/AnnotationsTypeAttributeKt getAnnotationsAttribute (Lorg/jetbrains/kotlin/types/TypeAttributes;)Lorg/jetbrains/kotlin/types/AnnotationsTypeAttribute; 2 25269 orig 80 0 0 0 0 0 0 0 0 0 0 0 0 0 0 0 0 0 0 0 0 0 0 0 0 0 0 0 0 0 0 0 0 0 0 0 0 0 0 0 0 0 0 0 0 0 0 0 0 0 0 0 0 0 0 0 0 0 0 0 0 0 0 0 0 0 0 0 0 0 0 0 0 0 0 0 0 0 0 0 0 data 25 0x30002 0x62b5 0xf0005 0x0 0x0 0x1daf6e78bd8 0x62b5 0x0 0x0 0x140104 0x0 0x0 0x1daf6e76498 0x1717 0x0 0x0 0x0 0x0 0x0 0x0 0x0 0x0 0x9 0x1 0xffffffffffffffff oops 2 5 org/jetbrains/kotlin/util/NullableArrayMapAccessor 12 org/jetbrains/kotlin/types/AnnotationsTypeAttribute methods 0
ciMethodData org/jetbrains/kotlin/util/NullableArrayMapAccessor getValue (Ljava/lang/Object;Lkotlin/reflect/KProperty;)Ljava/lang/Object; 2 25269 orig 80 0 0 0 0 0 0 0 0 0 0 0 0 0 0 0 0 0 0 0 0 0 0 0 0 0 0 0 0 0 0 0 0 0 0 0 0 0 0 0 0 0 0 0 0 0 0 0 0 0 0 0 0 0 0 0 0 0 0 0 0 0 0 0 0 0 0 0 0 0 0 0 0 0 0 0 0 0 0 0 0 data 25 0x20004 0x0 0x0 0x0 0x0 0x0 0x0 0x60005 0x62b5 0x0 0x0 0x0 0x0 0x0 0x0 0x0 0x0 0x0 0x0 0x0 0x9 0x3 0x0 0x0 0x0 oops 0 methods 0
ciMethodData org/jetbrains/kotlin/util/NullableArrayMapAccessor getValue (Lorg/jetbrains/kotlin/util/AbstractArrayMapOwner;Lkotlin/reflect/KProperty;)Ljava/lang/Object; 2 25269 orig 80 0 0 0 0 0 0 0 0 0 0 0 0 0 0 0 0 0 0 0 0 0 0 0 0 0 0 0 0 0 0 0 0 0 0 0 0 0 0 0 0 0 0 0 0 0 0 0 0 0 0 0 0 0 0 0 0 0 0 0 0 0 0 0 0 0 0 0 0 0 0 0 0 0 0 0 0 0 0 0 0 data 22 0x30002 0x62b5 0x90002 0x62b5 0xe0005 0x62b5 0x0 0x0 0x0 0x0 0x0 0x0 0x0 0x0 0x0 0x0 0x0 0x9 0x3 0x0 0x0 0x0 oops 0 methods 0
ciMethodData org/jetbrains/kotlin/util/AbstractArrayMapOwner$AbstractArrayMapAccessor extractValue (Lorg/jetbrains/kotlin/util/AbstractArrayMapOwner;)Ljava/lang/Object; 2 25269 orig 80 0 0 0 0 0 0 0 0 0 0 0 0 0 0 0 0 0 0 0 0 0 0 0 0 0 0 0 0 0 0 0 0 0 0 0 0 0 0 0 0 0 0 0 0 0 0 0 0 0 0 0 0 0 0 0 0 0 0 0 0 0 0 0 0 0 0 0 0 0 0 0 0 0 0 0 0 0 0 0 0 data 26 0x30002 0x62b5 0x70005 0x62b5 0x0 0x0 0x0 0x0 0x0 0xe0005 0x0 0x0 0x1daf6e7bb30 0x4b9e 0x1daf6e7bbe0 0x1717 0x0 0x0 0x0 0x0 0x0 0x0 0x9 0x2 0x0 0x0 oops 2 12 org/jetbrains/kotlin/util/EmptyArrayMap 14 org/jetbrains/kotlin/util/OneElementArrayMap methods 0
ciMethodData org/jetbrains/kotlin/util/EmptyArrayMap get (I)Ljava/lang/Object; 2 14528 orig 80 0 0 0 0 0 0 0 0 0 0 0 0 255 127 0 0 0 0 0 0 0 0 0 0 0 0 0 0 0 0 0 0 0 0 0 0 0 0 0 0 0 0 0 0 0 0 0 0 0 0 0 0 0 0 0 0 0 0 0 0 0 0 0 0 0 0 0 0 0 0 0 0 0 0 0 0 0 0 0 0 data 17 0x20005 0x38c0 0x0 0x0 0x0 0x0 0x0 0x0 0x0 0x0 0x0 0x0 0x0 0x9 0x2 0x0 0x0 oops 0 methods 0
ciMethodData org/jetbrains/kotlin/util/EmptyArrayMap get (I)Ljava/lang/Void; 2 14528 orig 80 0 0 0 0 0 0 0 0 0 0 0 0 0 0 0 0 0 0 0 0 0 0 0 0 0 0 0 0 0 0 0 0 0 0 0 0 0 0 0 0 0 0 0 0 0 0 0 0 0 0 0 0 0 0 0 0 0 0 0 0 0 0 0 0 0 0 0 0 0 0 0 0 0 0 0 0 0 0 0 0 data 5 0x0 0x9 0x2 0x0 0x0 oops 0 methods 0
ciMethodData org/jetbrains/kotlin/types/TypeUtils makeNullable (Lorg/jetbrains/kotlin/types/KotlinType;)Lorg/jetbrains/kotlin/types/KotlinType; 2 1335 orig 80 0 0 0 0 0 0 0 0 0 0 0 0 255 127 0 0 0 0 0 0 0 0 0 0 0 0 0 0 0 0 0 0 0 0 0 0 0 0 0 0 0 0 0 0 0 0 0 0 0 0 0 0 0 0 0 0 0 0 0 0 0 0 0 0 0 0 0 0 0 0 0 0 0 0 0 0 0 0 0 0 data 17 0x10007 0x537 0x30 0x0 0x50002 0x0 0xa0002 0x537 0x0 0x0 0x0 0x0 0x0 0x0 0x9 0x1 0x0 oops 0 methods 0
ciMethodData org/jetbrains/kotlin/types/TypeUtils makeNullableAsSpecified (Lorg/jetbrains/kotlin/types/KotlinType;Z)Lorg/jetbrains/kotlin/types/KotlinType; 2 2133 orig 80 0 0 0 0 0 0 0 0 0 0 0 0 0 0 0 0 0 0 0 0 0 0 0 0 0 0 0 0 0 0 0 0 0 0 0 0 0 0 0 0 0 0 0 0 0 0 0 0 0 0 0 0 0 0 0 0 0 0 0 0 0 0 0 0 0 0 0 0 0 0 0 0 0 0 0 0 0 0 0 0 data 36 0x10007 0x855 0x30 0x0 0x50002 0x0 0x90005 0x0 0x0 0x1daf2698cf0 0x851 0x1daf6ec4458 0x4 0xd0005 0x0 0x0 0x1daf2698cf0 0x851 0x1daf6ec4458 0x4 0x110007 0x855 0x30 0x0 0x150002 0x0 0x0 0x0 0x0 0x0 0x0 0x0 0x9 0x2 0xffffffffffffffff 0x0 oops 4 9 org/jetbrains/kotlin/types/SimpleTypeImpl 11 org/jetbrains/kotlin/types/AbbreviatedType 16 org/jetbrains/kotlin/types/SimpleTypeImpl 18 org/jetbrains/kotlin/types/AbbreviatedType methods 0
ciMethodData org/jetbrains/kotlin/types/KotlinType getAnnotations ()Lorg/jetbrains/kotlin/descriptors/annotations/Annotations; 2 22598 orig 80 0 0 0 0 0 0 0 0 0 0 0 0 255 127 0 0 0 0 0 0 0 0 0 0 0 0 0 0 0 0 0 0 0 0 0 0 0 0 0 0 0 0 0 0 0 0 0 0 0 0 0 0 0 0 0 0 0 0 0 0 0 0 0 0 0 0 0 0 0 0 0 0 0 0 0 0 0 0 0 0 data 18 0x10005 0x2c0f 0x0 0x1daf2698cf0 0x2c13 0x1daf6ec4458 0x24 0x40002 0x5846 0x0 0x0 0x0 0x0 0x0 0x0 0x9 0x1 0xffffffffffffffff oops 2 3 org/jetbrains/kotlin/types/SimpleTypeImpl 5 org/jetbrains/kotlin/types/AbbreviatedType methods 0
ciMethodData org/jetbrains/kotlin/types/SimpleTypeImpl makeNullableAsSpecified (Z)Lorg/jetbrains/kotlin/types/UnwrappedType; 2 2030 orig 80 0 0 0 0 0 0 0 0 0 0 0 0 255 127 0 0 0 0 0 0 0 0 0 0 0 0 0 0 0 0 0 0 0 0 0 0 0 0 0 0 0 0 0 0 0 0 0 0 0 0 0 0 0 0 0 0 0 0 0 0 0 0 0 0 0 0 0 0 0 0 0 0 0 0 0 0 0 0 0 0 data 24 0x20005 0x7ee 0x0 0x0 0x0 0x0 0x0 0x50004 0x0 0x0 0x0 0x0 0x0 0x0 0x0 0x0 0x0 0x0 0x0 0x0 0x9 0x2 0x0 0x0 oops 0 methods 0
ciMethodData org/jetbrains/kotlin/types/SimpleTypeImpl makeNullableAsSpecified (Z)Lorg/jetbrains/kotlin/types/SimpleType; 2 2252 orig 80 0 0 0 0 0 0 0 0 0 0 0 0 0 0 0 0 0 0 0 0 0 0 0 0 0 0 0 0 0 0 0 0 0 0 0 0 0 0 0 0 0 0 0 0 0 0 0 0 0 0 0 0 0 0 0 0 0 0 0 0 0 0 0 0 0 0 0 0 0 0 0 0 0 0 0 0 0 0 0 0 data 70 0x30005 0x8cc 0x0 0x0 0x0 0x0 0x0 0x60007 0x8b4 0x70 0x18 0xa0004 0x0 0x0 0x0 0x0 0x0 0x0 0xd0003 0x18 0x150 0x110007 0x0 0xb8 0x8b4 0x190004 0x0 0x0 0x1daf2698cf0 0x81 0x0 0x0 0x1c0002 0x8b4 0x1f0004 0x0 0x0 0x1daf2698ae0 0x81 0x0 0x0 0x220003 0x8b4 0x98 0x2a0004 0x0 0x0 0x0 0x0 0x0 0x0 0x2d0002 0x0 0x300004 0x0 0x0 0x0 0x0 0x0 0x0 0x0 0x0 0x0 0x0 0x0 0x0 0x9 0x2 0x0 0x0 oops 2 28 org/jetbrains/kotlin/types/SimpleTypeImpl 37 org/jetbrains/kotlin/types/NullableSimpleType methods 0
ciMethodData org/jetbrains/kotlin/load/java/lazy/descriptors/LazyJavaClassDescriptor$LazyJavaClassTypeConstructor getParameters ()Ljava/util/List; 2 10033 orig 80 0 0 0 0 0 0 0 0 0 0 0 0 255 127 0 0 0 0 0 0 0 0 0 0 0 0 0 0 0 0 0 0 0 0 0 0 0 0 0 0 0 0 0 0 0 0 0 0 0 0 0 0 0 0 0 0 0 0 0 0 0 0 0 0 0 0 0 0 0 0 0 0 0 0 0 0 0 0 0 0 data 23 0x40005 0x0 0x0 0x1daf68561a8 0x2731 0x0 0x0 0x90004 0x0 0x0 0x1daf2121288 0x2731 0x0 0x0 0x0 0x0 0x0 0x0 0x0 0x0 0x9 0x1 0x0 oops 2 3 org/jetbrains/kotlin/storage/LockBasedStorageManager$LockBasedNotNullLazyValue 10 java/util/ArrayList methods 0
ciMethodData org/jetbrains/kotlin/types/FlexibleTypesKt isFlexible (Lorg/jetbrains/kotlin/types/KotlinType;)Z 2 9488 orig 80 0 0 0 0 0 0 0 0 0 0 0 0 255 127 0 0 0 0 0 0 0 0 0 0 0 0 0 0 0 0 0 0 0 0 0 0 0 0 0 0 0 0 0 0 0 0 0 0 0 0 0 0 0 0 0 0 0 0 0 0 0 0 0 0 0 0 0 0 0 0 0 0 0 0 0 0 0 0 0 0 data 25 0x30002 0x2510 0x70005 0xa2d 0x0 0x1daf2698ae0 0x632 0x1daf2698cf0 0x14b1 0xa0004 0xffffffffffffe083 0x0 0x1daf2698ae0 0x1 0x1daf2698cf0 0x1 0x0 0x0 0x0 0x0 0x0 0x0 0x9 0x1 0x0 oops 4 5 org/jetbrains/kotlin/types/NullableSimpleType 7 org/jetbrains/kotlin/types/SimpleTypeImpl 12 org/jetbrains/kotlin/types/NullableSimpleType 14 org/jetbrains/kotlin/types/SimpleTypeImpl methods 0
ciMethodData org/jetbrains/kotlin/types/DelegatingSimpleType getAttributes ()Lorg/jetbrains/kotlin/types/TypeAttributes; 1 0 orig 80 0 0 0 0 0 0 0 0 0 0 0 0 255 127 0 0 0 0 0 0 0 0 0 0 0 0 0 0 0 0 0 0 0 0 0 0 0 0 0 0 0 0 0 0 0 0 0 0 0 0 0 0 0 0 0 0 0 0 0 0 0 0 0 0 0 0 0 0 0 0 0 0 0 0 0 0 0 0 0 0 data 23 0x10005 0x0 0x0 0x0 0x0 0x0 0x0 0x40005 0x0 0x0 0x0 0x0 0x0 0x0 0x0 0x0 0x0 0x0 0x0 0x0 0x9 0x1 0x0 oops 0 methods 0
ciMethodData org/jetbrains/kotlin/types/SpecialTypesKt getAbbreviatedType (Lorg/jetbrains/kotlin/types/KotlinType;)Lorg/jetbrains/kotlin/types/AbbreviatedType; 2 7513 orig 80 0 0 0 0 0 0 0 0 0 0 0 0 255 127 0 0 0 0 0 0 0 0 0 0 0 0 0 0 0 0 0 0 0 0 0 0 0 0 0 0 0 0 0 0 0 0 0 0 0 0 0 0 0 0 0 0 0 0 0 0 0 0 0 0 0 0 0 0 0 0 0 0 0 0 0 0 0 0 0 0 data 39 0x30002 0x1d59 0x70005 0x459 0x0 0x1daf2698ae0 0x779 0x1daf2698cf0 0x1187 0xc0004 0xffffffffffffe2a7 0x0 0x0 0x0 0x0 0x0 0xf0007 0x1d59 0x70 0x0 0x130004 0x0 0x0 0x0 0x0 0x0 0x0 0x160003 0x0 0x18 0x0 0x0 0x0 0x0 0x0 0x0 0x9 0x1 0x0 oops 2 5 org/jetbrains/kotlin/types/NullableSimpleType 7 org/jetbrains/kotlin/types/SimpleTypeImpl methods 0
ciMethodData org/jetbrains/kotlin/types/NullableSimpleType <init> (Lorg/jetbrains/kotlin/types/SimpleType;)V 2 2101 orig 80 0 0 0 0 0 0 0 0 0 0 0 0 255 127 0 0 0 0 0 0 0 0 0 0 0 0 0 0 0 0 0 0 0 0 0 0 0 0 0 0 0 0 0 0 0 0 0 0 0 0 0 0 0 0 0 0 0 0 0 0 0 0 0 0 0 0 0 0 0 0 0 0 0 0 0 0 0 0 0 0 data 14 0x30002 0x835 0x80002 0x835 0x0 0x0 0x0 0x0 0x0 0x0 0x9 0x2 0x0 0x0 oops 0 methods 0
ciMethodData org/jetbrains/kotlin/types/DelegatingSimpleType isMarkedNullable ()Z 2 6736 orig 80 0 0 0 0 0 0 0 0 0 0 0 0 255 127 0 0 0 0 0 0 0 0 0 0 0 0 0 0 0 0 0 0 0 0 0 0 0 0 0 0 0 0 0 0 0 0 0 0 0 0 0 0 0 0 0 0 0 0 0 0 0 0 0 0 0 0 0 0 0 0 0 0 0 0 0 0 0 0 0 0 data 23 0x10005 0x0 0x0 0x1daf6ec4458 0xa2 0x1daf2698f00 0x19ae 0x40005 0x0 0x0 0x1daf2698cf0 0x161a 0x1daf2698ae0 0x436 0x0 0x0 0x0 0x0 0x0 0x0 0x9 0x1 0x0 oops 4 3 org/jetbrains/kotlin/types/AbbreviatedType 5 org/jetbrains/kotlin/types/SimpleTypeWithAttributes 10 org/jetbrains/kotlin/types/SimpleTypeImpl 12 org/jetbrains/kotlin/types/NullableSimpleType methods 0
ciMethodData org/jetbrains/kotlin/types/DynamicTypesKt isDynamic (Lorg/jetbrains/kotlin/types/KotlinType;)Z 2 12294 orig 80 0 0 0 0 0 0 0 0 0 0 0 0 255 127 0 0 0 0 0 0 0 0 0 0 0 0 0 0 0 0 0 0 0 0 0 0 0 0 0 0 0 0 0 0 0 0 0 0 0 0 0 0 0 0 0 0 0 0 0 0 0 0 0 0 0 0 0 0 0 0 0 0 0 0 0 0 0 0 0 0 data 25 0x30002 0x3006 0x70005 0xf6a 0x0 0x1daf2698cf0 0x18dc 0x1daf2698ae0 0x7c0 0xa0004 0xffffffffffffcffa 0x0 0x0 0x0 0x0 0x0 0x0 0x0 0x0 0x0 0x0 0x0 0x9 0x1 0x0 oops 2 5 org/jetbrains/kotlin/types/SimpleTypeImpl 7 org/jetbrains/kotlin/types/NullableSimpleType methods 0
ciMethodData org/jetbrains/kotlin/types/TypeSubstitutor getSubstitution ()Lorg/jetbrains/kotlin/types/TypeSubstitution; 2 15893 orig 80 0 0 0 0 0 0 0 0 0 0 0 0 255 127 0 0 0 0 0 0 0 0 0 0 0 0 0 0 0 0 0 0 0 0 0 0 0 0 0 0 0 0 0 0 0 0 0 0 0 0 0 0 0 0 0 0 0 0 0 0 0 0 0 0 0 0 0 0 0 0 0 0 0 0 0 0 0 0 0 0 data 15 0x50007 0x3e15 0x30 0x0 0xa0002 0x0 0x0 0x0 0x0 0x0 0x0 0x0 0x9 0x1 0x0 oops 0 methods 0
ciMethodData org/jetbrains/kotlin/types/FlexibleTypesKt asFlexibleType (Lorg/jetbrains/kotlin/types/KotlinType;)Lorg/jetbrains/kotlin/types/FlexibleType; 2 1500 orig 80 0 0 0 0 0 0 0 0 0 0 0 0 0 0 0 0 0 0 0 0 0 0 0 0 0 0 0 0 0 0 0 0 0 0 0 0 0 0 0 0 0 0 0 0 0 0 0 0 0 0 0 0 0 0 0 0 0 0 0 0 0 0 0 0 0 0 0 0 0 0 0 0 0 0 0 0 0 0 0 0 data 27 0x30002 0x5dc 0x70005 0x0 0x0 0x1daf2698c40 0x5dc 0x0 0x0 0xd0002 0x5dc 0x100004 0x0 0x0 0x1daf2698c40 0x5dc 0x0 0x0 0x0 0x0 0x0 0x0 0x0 0x0 0x9 0x1 0x0 oops 2 5 org/jetbrains/kotlin/types/FlexibleTypeImpl 14 org/jetbrains/kotlin/types/FlexibleTypeImpl methods 0
ciMethodData org/jetbrains/kotlin/types/IndexedParametersSubstitution get (Lorg/jetbrains/kotlin/types/KotlinType;)Lorg/jetbrains/kotlin/types/TypeProjection; 2 10603 orig 80 1 0 0 0 0 0 0 0 0 0 0 0 255 127 0 0 0 0 0 0 5 0 0 0 0 0 0 0 0 0 0 0 0 0 0 0 0 0 0 0 0 0 0 0 0 0 0 0 0 0 0 0 0 0 0 0 0 0 0 0 0 0 0 0 0 0 0 0 0 0 0 0 0 0 0 0 0 0 0 0 data 82 0x30002 0x296b 0x70005 0x1036 0x0 0x1daf2698c40 0x5a3 0x1daf2698cf0 0x1392 0xa0005 0xa6f 0x0 0x1daf235f868 0x12d1 0x1daf235f918 0xc2b 0x130004 0xffffffffffffe104 0x0 0x1daf235f9c8 0xa6e 0x1daf235fa78 0x1 0x160007 0x1efc 0x70 0xa6f 0x80000004001b0004 0x0 0x0 0x1daf235f9c8 0xa6e 0x1daf235fa78 0x6 0x1e0003 0xa74 0x18 0x230007 0xa74 0x20 0x1efc 0x2b0005 0x0 0x0 0x1daf235f9c8 0xa6e 0x1daf235fa78 0x6 0x370007 0x0 0xc0 0xa74 0x400005 0x0 0x0 0x1daf235f9c8 0xa6e 0x1daf235fa78 0x6 0x460005 0x0 0x0 0x1daf235f9c8 0xa6e 0x1daf235fa78 0x6 0x4b0002 0xa74 0x4e0007 0x0 0x20 0xa74 0x0 0x0 0x0 0x0 0x0 0x0 0x9 0x2 0x0 0x0 oops 14 5 org/jetbrains/kotlin/types/FlexibleTypeImpl 7 org/jetbrains/kotlin/types/SimpleTypeImpl 12 org/jetbrains/kotlin/serialization/deserialization/descriptors/DeserializedClassDescriptor$DeserializedClassTypeConstructor 14 org/jetbrains/kotlin/load/java/lazy/descriptors/LazyJavaClassDescriptor$LazyJavaClassTypeConstructor 19 org/jetbrains/kotlin/load/java/lazy/descriptors/LazyJavaTypeParameterDescriptor 21 org/jetbrains/kotlin/serialization/deserialization/descriptors/DeserializedTypeParameterDescriptor 30 org/jetbrains/kotlin/load/java/lazy/descriptors/LazyJavaTypeParameterDescriptor 32 org/jetbrains/kotlin/serialization/deserialization/descriptors/DeserializedTypeParameterDescriptor 44 org/jetbrains/kotlin/load/java/lazy/descriptors/LazyJavaTypeParameterDescriptor 46 org/jetbrains/kotlin/serialization/deserialization/descriptors/DeserializedTypeParameterDescriptor 55 org/jetbrains/kotlin/load/java/lazy/descriptors/LazyJavaTypeParameterDescriptor 57 org/jetbrains/kotlin/serialization/deserialization/descriptors/DeserializedTypeParameterDescriptor 62 org/jetbrains/kotlin/load/java/lazy/descriptors/LazyJavaTypeParameterDescriptor 64 org/jetbrains/kotlin/serialization/deserialization/descriptors/DeserializedTypeParameterDescriptor methods 0
ciMethodData org/jetbrains/kotlin/builtins/KotlinBuiltIns isNothing (Lorg/jetbrains/kotlin/types/KotlinType;)Z 2 9475 orig 80 0 0 0 0 0 0 0 0 0 0 0 0 255 127 0 0 0 0 0 0 0 0 0 0 0 0 0 0 0 0 0 0 0 0 0 0 0 0 0 0 0 0 0 0 0 0 0 0 0 0 0 0 0 0 0 0 0 0 0 0 0 0 0 0 0 0 0 0 0 0 0 0 0 0 0 0 0 0 0 0 data 30 0x10007 0x2503 0x30 0x0 0x70002 0x0 0xb0002 0x2503 0xe0007 0x2503 0x68 0x0 0x120002 0x0 0x150007 0x0 0x38 0x0 0x190003 0x0 0x18 0x0 0x0 0x0 0x0 0x0 0x0 0x9 0x1 0x0 oops 0 methods 0
ciMethodData org/jetbrains/kotlin/types/SpecialTypesKt getAbbreviation (Lorg/jetbrains/kotlin/types/KotlinType;)Lorg/jetbrains/kotlin/types/SimpleType; 2 6770 orig 80 0 0 0 0 0 0 0 0 0 0 0 0 0 0 0 0 0 0 0 0 0 0 0 0 0 0 0 0 0 0 0 0 0 0 0 0 0 0 0 0 0 0 0 0 0 0 0 0 0 0 0 0 0 0 0 0 0 0 0 0 0 0 0 0 0 0 0 0 0 0 0 0 0 0 0 0 0 0 0 0 data 27 0x30002 0x1a72 0x70002 0x1a72 0xb0007 0x1a72 0x70 0x0 0xe0005 0x0 0x0 0x0 0x0 0x0 0x0 0x110003 0x0 0x18 0x0 0x0 0x0 0x0 0x0 0x0 0x9 0x1 0x0 oops 0 methods 0
ciMethodData org/jetbrains/kotlin/types/TypeSubstitutor substituteCompoundType (Lorg/jetbrains/kotlin/types/TypeProjection;I)Lorg/jetbrains/kotlin/types/TypeProjection; 2 6770 orig 80 0 0 0 0 0 0 0 0 0 0 0 0 255 127 0 0 0 0 0 0 0 0 0 0 0 0 0 0 0 0 0 0 0 0 0 0 0 0 0 0 0 0 0 0 0 0 0 0 0 0 0 0 0 0 0 0 0 0 0 0 0 0 0 0 0 0 0 0 0 0 0 0 0 0 0 0 0 0 0 0 data 149 0x10005 0x0 0x0 0x1daf2698a30 0x1a72 0x0 0x0 0x80005 0x0 0x0 0x1daf2698a30 0x1a72 0x0 0x0 0x100005 0x459 0x0 0x1daf2698ae0 0x779 0x1daf2698cf0 0xea0 0x130005 0x0 0x0 0x1daf235f868 0x1004 0x1daf235f918 0xa6e 0x180004 0xffffffffffffe58e 0x0 0x0 0x0 0x0 0x0 0x1b0007 0x1a72 0x20 0x0 0x240002 0x1a72 0x2b0007 0x1a72 0x90 0x0 0x2f0005 0x0 0x0 0x0 0x0 0x0 0x0 0x3b0005 0x0 0x0 0x0 0x0 0x0 0x0 0x420005 0x459 0x0 0x1daf2698ae0 0x779 0x1daf2698cf0 0xea0 0x450005 0x0 0x0 0x1daf235f868 0x1004 0x1daf235f918 0xa6e 0x4b0005 0x459 0x0 0x1daf2698ae0 0x779 0x1daf2698cf0 0xea0 0x4f0002 0x1a72 0x5c0005 0x459 0x0 0x1daf2698ae0 0x779 0x1daf2698cf0 0xea2 0x5f0005 0x1 0x0 0x1daf2698da0 0x1a6a 0x1daf2698e50 0x9 0x620002 0x1a74 0x690004 0x0 0x0 0x1daf2698ae0 0x779 0x1daf2698cf0 0xea2 0x6c0007 0x0 0xf8 0x1a74 0x710104 0x0 0x0 0x0 0x0 0x0 0x0 0x740007 0x1a74 0xa0 0x0 0x790004 0x0 0x0 0x0 0x0 0x0 0x0 0x7e0004 0x0 0x0 0x0 0x0 0x0 0x0 0x810002 0x0 0x8e0002 0x1a74 0x0 0x0 0x0 0x0 0x0 0x0 0x9 0x3 0x0 0x0 0x0 oops 18 3 org/jetbrains/kotlin/types/TypeProjectionImpl 10 org/jetbrains/kotlin/types/TypeProjectionImpl 17 org/jetbrains/kotlin/types/NullableSimpleType 19 org/jetbrains/kotlin/types/SimpleTypeImpl 24 org/jetbrains/kotlin/serialization/deserialization/descriptors/DeserializedClassDescriptor$DeserializedClassTypeConstructor 26 org/jetbrains/kotlin/load/java/lazy/descriptors/LazyJavaClassDescriptor$LazyJavaClassTypeConstructor 62 org/jetbrains/kotlin/types/NullableSimpleType 64 org/jetbrains/kotlin/types/SimpleTypeImpl 69 org/jetbrains/kotlin/serialization/deserialization/descriptors/DeserializedClassDescriptor$DeserializedClassTypeConstructor 71 org/jetbrains/kotlin/load/java/lazy/descriptors/LazyJavaClassDescriptor$LazyJavaClassTypeConstructor 76 org/jetbrains/kotlin/types/NullableSimpleType 78 org/jetbrains/kotlin/types/SimpleTypeImpl 85 org/jetbrains/kotlin/types/NullableSimpleType 87 org/jetbrains/kotlin/types/SimpleTypeImpl 92 org/jetbrains/kotlin/types/IndexedParametersSubstitution 94 org/jetbrains/kotlin/types/StarProjectionImplKt$buildStarProjectionTypeByTypeParameters$1 101 org/jetbrains/kotlin/types/NullableSimpleType 103 org/jetbrains/kotlin/types/SimpleTypeImpl methods 0
ciMethodData org/jetbrains/kotlin/types/TypeSubstitutor substitute (Lorg/jetbrains/kotlin/types/KotlinType;Lorg/jetbrains/kotlin/types/Variance;)Lorg/jetbrains/kotlin/types/KotlinType; 2 10347 orig 80 1 0 0 0 0 0 0 0 0 0 0 0 0 0 0 0 0 0 0 0 0 0 0 0 0 0 0 0 0 0 0 0 0 0 0 0 0 0 0 0 0 0 0 0 0 0 0 0 0 0 0 0 0 0 0 0 0 0 0 0 0 0 0 0 0 0 0 0 0 0 0 0 0 0 0 0 0 0 0 0 data 60 0x10007 0x286b 0x30 0x0 0x60002 0x0 0xa0007 0x286b 0x30 0x0 0xf0002 0x0 0x190005 0x0 0x0 0x1daf26972f0 0x286b 0x0 0x0 0x1e0005 0x1e23 0x0 0x1daf2698e50 0xb 0x1daf34e7578 0xa3d 0x210002 0x286b 0x240005 0x0 0x0 0x1daf26972f0 0x286b 0x0 0x0 0x290007 0x286c 0x38 0x0 0x2d0003 0x0 0x50 0x310005 0x0 0x0 0x1daf2698a30 0x286c 0x0 0x0 0x0 0x0 0x0 0x0 0x0 0x0 0x9 0x3 0x0 0x0 0x0 oops 5 15 org/jetbrains/kotlin/types/TypeSubstitutor 22 org/jetbrains/kotlin/types/StarProjectionImplKt$buildStarProjectionTypeByTypeParameters$1 24 org/jetbrains/kotlin/types/TypeConstructorSubstitution$Companion$createByConstructorsMap$1 31 org/jetbrains/kotlin/types/TypeSubstitutor 45 org/jetbrains/kotlin/types/TypeProjectionImpl methods 0
ciMethodData org/jetbrains/kotlin/types/TypeSubstitutor substituteTypeArguments (Ljava/util/List;Ljava/util/List;I)Ljava/util/List; 2 6771 orig 80 0 0 0 0 0 0 0 0 0 0 0 0 0 0 0 0 0 0 0 0 0 0 0 2 0 0 0 0 0 0 0 0 0 0 0 0 0 0 0 0 0 0 0 0 0 0 0 0 0 0 0 0 0 0 0 0 0 0 0 0 0 0 0 0 0 0 0 0 0 0 0 0 0 0 0 0 0 0 0 0 data 149 0x700050005 0x4 0x0 0x1daf403e5e8 0x1003 0x1daf2121288 0xa6e 0xa0002 0x1a75 0x180005 0x8 0x0 0x1daf403e5e8 0x1003 0x1daf2121288 0xfa5 0x1d0007 0x1a75 0x3a8 0x53b 0x230005 0x0 0x0 0x1daf2121288 0x537 0x1daf4837aa8 0x4 0x280004 0x0 0x0 0x1daf235f9c8 0x537 0x1daf235fa78 0x4 0x300005 0x0 0x0 0x1daf4837aa8 0x53b 0x0 0x0 0x350004 0x0 0x0 0x1daf2698a30 0x53b 0x0 0x0 0x420002 0x53b 0x4c0005 0x0 0x0 0x1daf235f9c8 0x537 0x1daf235fa78 0x4 0x530005 0x0 0x0 0x1daf2698a30 0x53b 0x0 0x0 0x580002 0x53b 0x5b0005 0x2 0x0 0x0 0x0 0x0 0x0 0x5f0008 0x8 0x0 0x170 0x0 0x160 0x0 0x160 0x53b 0x50 0x7a0005 0x0 0x0 0x1daf235f9c8 0x537 0x1daf235fa78 0x4 0x820007 0x537 0xe8 0x4 0x870005 0x0 0x0 0x1daf2698a30 0x4 0x0 0x0 0x8c0007 0x0 0x90 0x4 0x980005 0x0 0x0 0x1daf2698a30 0x4 0x0 0x0 0x9d0002 0x4 0xa20003 0x4 0x28 0xa70002 0x0 0xb00007 0x0 0x20 0x53b 0xba0005 0x0 0x0 0x1daf2121288 0x53b 0x0 0x0 0xc30003 0x53b 0xfffffffffffffc38 0xc80007 0x53b 0x20 0x153a 0x0 0x0 0x0 0x0 0x0 0x0 0x9 0x4 0x0 0x0 0x0 0x0 oops 18 3 kotlin/collections/EmptyList 5 java/util/ArrayList 12 kotlin/collections/EmptyList 14 java/util/ArrayList 23 java/util/ArrayList 25 java/util/Collections$SingletonList 30 org/jetbrains/kotlin/load/java/lazy/descriptors/LazyJavaTypeParameterDescriptor 32 org/jetbrains/kotlin/serialization/deserialization/descriptors/DeserializedTypeParameterDescriptor 37 java/util/Collections$SingletonList 44 org/jetbrains/kotlin/types/TypeProjectionImpl 53 org/jetbrains/kotlin/load/java/lazy/descriptors/LazyJavaTypeParameterDescriptor 55 org/jetbrains/kotlin/serialization/deserialization/descriptors/DeserializedTypeParameterDescriptor 60 org/jetbrains/kotlin/types/TypeProjectionImpl 86 org/jetbrains/kotlin/load/java/lazy/descriptors/LazyJavaTypeParameterDescriptor 88 org/jetbrains/kotlin/serialization/deserialization/descriptors/DeserializedTypeParameterDescriptor 97 org/jetbrains/kotlin/types/TypeProjectionImpl 108 org/jetbrains/kotlin/types/TypeProjectionImpl 126 java/util/ArrayList methods 0
ciMethodData org/jetbrains/kotlin/types/TypeSubstitutionKt replace (Lorg/jetbrains/kotlin/types/KotlinType;Ljava/util/List;Lorg/jetbrains/kotlin/descriptors/annotations/Annotations;)Lorg/jetbrains/kotlin/types/KotlinType; 2 6773 orig 80 0 0 0 0 0 0 0 0 0 0 0 0 0 0 0 0 0 0 0 0 0 0 0 0 0 0 0 0 0 0 0 0 0 0 0 0 0 0 0 0 0 0 0 0 0 0 0 0 0 0 0 0 0 0 0 0 0 0 0 0 0 0 0 0 0 0 0 0 0 0 0 0 0 0 0 0 0 0 0 0 data 19 0x30002 0x1a75 0x90002 0x1a75 0xf0002 0x1a75 0x180002 0x1a75 0x0 0x0 0x0 0x0 0x0 0x0 0x9 0x3 0x0 0x0 0x0 oops 0 methods 0
ciMethodData org/jetbrains/kotlin/types/TypeWithEnhancementKt wrapEnhancement (Lorg/jetbrains/kotlin/types/UnwrappedType;Lorg/jetbrains/kotlin/types/KotlinType;)Lorg/jetbrains/kotlin/types/UnwrappedType; 2 9803 orig 80 0 0 0 0 0 0 0 0 0 0 0 0 0 0 0 0 0 0 0 0 0 0 0 0 0 0 0 0 0 0 0 0 0 0 0 0 0 0 0 0 0 0 0 0 0 0 0 0 0 0 0 0 0 0 0 0 0 0 0 0 0 0 0 0 0 0 0 0 0 0 0 0 0 0 0 0 0 0 0 0 data 111 0x30002 0x264c 0x70004 0xffffffffffffe025 0x0 0x1daf2698ae0 0x43 0x1daf2698cf0 0x41 0xa0007 0x1fdb 0xa0 0x671 0xe0004 0x0 0x0 0x1daf2698b90 0x671 0x0 0x0 0x110005 0x0 0x0 0x1daf2698b90 0x671 0x0 0x0 0x170002 0x671 0x1c0007 0x1216 0x50 0xdc5 0x210002 0xdc5 0x240007 0xdc5 0x20 0x0 0x2c0004 0xfffffffffffff23b 0x0 0x0 0x0 0x0 0x0 0x2f0007 0xdc5 0xb8 0x0 0x370004 0x0 0x0 0x0 0x0 0x0 0x0 0x3b0002 0x0 0x3e0004 0x0 0x0 0x0 0x0 0x0 0x0 0x410003 0x0 0x118 0x450004 0x0 0x0 0x1daf2698c40 0xdc5 0x0 0x0 0x480007 0x0 0xb8 0xdc5 0x500004 0x0 0x0 0x1daf2698c40 0xdc5 0x0 0x0 0x540002 0xdc5 0x570004 0x0 0x0 0x1daf2698b90 0xdc5 0x0 0x0 0x5a0003 0xdc5 0x28 0x610002 0x0 0x0 0x0 0x0 0x0 0x0 0x0 0x9 0x2 0xffffffffffffffff 0xffffffffffffffff oops 7 5 org/jetbrains/kotlin/types/NullableSimpleType 7 org/jetbrains/kotlin/types/SimpleTypeImpl 16 org/jetbrains/kotlin/types/FlexibleTypeWithEnhancement 23 org/jetbrains/kotlin/types/FlexibleTypeWithEnhancement 72 org/jetbrains/kotlin/types/FlexibleTypeImpl 83 org/jetbrains/kotlin/types/FlexibleTypeImpl 92 org/jetbrains/kotlin/types/FlexibleTypeWithEnhancement methods 0
ciMethodData org/jetbrains/kotlin/types/TypeSubstitutor unsafeSubstitute (Lorg/jetbrains/kotlin/types/TypeProjection;Lorg/jetbrains/kotlin/descriptors/TypeParameterDescriptor;I)Lorg/jetbrains/kotlin/types/TypeProjection; 2 11906 orig 80 1 0 0 0 0 0 0 0 0 0 0 0 255 127 0 0 0 0 0 0 0 0 0 2 0 0 0 0 0 0 0 0 0 0 0 0 0 0 0 0 0 0 0 0 0 0 0 0 0 0 0 0 0 0 0 0 0 0 0 0 0 0 0 0 0 0 0 0 0 0 0 0 0 0 0 0 0 0 0 0 data 601 0x10007 0x2e82 0x30 0x0 0x60002 0x0 0xf0002 0x2e82 0x130005 0x0 0x0 0x1daf2698a30 0x2e82 0x0 0x0 0x180007 0x2e82 0x50 0x0 0x1d0007 0x0 0x30 0x0 0x220002 0x0 0x270005 0x0 0x0 0x1daf2698a30 0x2e82 0x0 0x0 0x300004 0xffffffffffffd5d7 0x0 0x1daf2698ae0 0xe7 0x1daf2698b90 0x459 0x330007 0x2a29 0x318 0x459 0x380004 0x0 0x0 0x1daf2698b90 0x459 0x0 0x0 0x3b0005 0x0 0x0 0x1daf2698b90 0x459 0x0 0x0 0x440004 0x0 0x0 0x1daf2698b90 0x459 0x0 0x0 0x470005 0x0 0x0 0x1daf2698b90 0x459 0x0 0x0 0x540005 0x0 0x0 0x1daf2698a30 0x459 0x0 0x0 0x5b0002 0x459 0x620002 0x459 0x690005 0x0 0x0 0x1daf2698a30 0x459 0x0 0x0 0x6e0007 0x459 0x50 0x0 0x740007 0x0 0x30 0x0 0x790002 0x0 0x810005 0x0 0x0 0x1daf2698a30 0x459 0x0 0x0 0x860005 0x0 0x0 0x1daf26972f0 0x459 0x0 0x0 0x8d0005 0x0 0x0 0x1daf2698a30 0x459 0x0 0x0 0x920005 0x0 0x0 0x1daf2698c40 0x459 0x0 0x0 0x970002 0x459 0xa20005 0x0 0x0 0x1daf2698a30 0x459 0x0 0x0 0xa90002 0x459 0xaf0002 0x2a29 0xb20007 0x0 0xb0 0x2a29 0xb70005 0x1d5d 0x0 0x1daf2698ae0 0x702 0x1daf2698c40 0x5ca 0xba0004 0xffffffffffffd5d7 0x0 0x1daf2698ae0 0xe7 0x1daf2698cf0 0x53 0xbd0007 0x2a29 0x50 0x0 0xc20007 0x0 0x30 0x0 0xc70002 0x0 0x700d10005 0x2 0x0 0x1daf2698da0 0x2a22 0x1daf2698e50 0x7 0xd80007 0x1fba 0x48 0xa75 0xe10002 0xa75 0xe40003 0xa75 0x18 0xeb0005 0x0 0x0 0x1daf2698a30 0x2a2f 0x0 0x0 0xf40007 0xa75 0x568 0x1fba 0xf90002 0x1fba 0xfc0007 0x19f0 0x538 0x5ca 0x1010002 0x5ca 0x1040007 0x0 0x508 0x5ca 0x1090002 0x5ca 0x1170005 0x5ca 0x0 0x0 0x0 0x0 0x0 0x11a0002 0x5ca 0x1210002 0x5ca 0x12f0005 0x5ca 0x0 0x0 0x0 0x0 0x0 0x1320002 0x5ca 0x1390002 0x5ca 0x1400005 0x0 0x0 0x1daf2698a30 0x5ca 0x0 0x0 0x14a0007 0x5ca 0x1f0 0x0 0x1510005 0x0 0x0 0x0 0x0 0x0 0x0 0x1560007 0x0 0x40 0x0 0x15e0007 0x0 0x178 0x0 0x1650007 0x0 0x158 0x0 0x1700002 0x0 0x1760005 0x0 0x0 0x0 0x0 0x0 0x0 0x17b0005 0x0 0x0 0x0 0x0 0x0 0x0 0x1810005 0x0 0x0 0x0 0x0 0x0 0x0 0x1860005 0x0 0x0 0x0 0x0 0x0 0x0 0x1890005 0x0 0x0 0x0 0x0 0x0 0x0 0x18c0002 0x0 0x1920005 0x0 0x0 0x1daf2698a30 0x5ca 0x0 0x0 0x1990005 0x5ca 0x0 0x0 0x0 0x0 0x0 0x19c0007 0x0 0xe0 0x5ca 0x1a10005 0x0 0x0 0x1daf2698a30 0x5ca 0x0 0x0 0x1a80005 0x5ca 0x0 0x0 0x0 0x0 0x0 0x1ab0007 0x0 0x50 0x5ca 0x1b00007 0x5ca 0x30 0x0 0x1b50002 0x0 0x1bb0005 0x0 0x0 0x0 0x0 0x0 0x0 0x1c00002 0x0 0x1c50005 0x0 0x0 0x0 0x0 0x0 0x0 0x1ca0002 0x0 0x1cd0002 0x0 0x1da0002 0x0 0x1e00002 0x2465 0x1e30007 0x0 0x50 0x2465 0x1e80002 0x2465 0x1eb0007 0x2465 0x50 0x0 0x1f00007 0x0 0x30 0x0 0x1f50002 0x0 0x1fb0007 0x19f0 0x600 0xa75 0x2020005 0x0 0x0 0x1daf2698a30 0xa75 0x0 0x0 0x2070002 0xa75 0x20e0002 0xa75 0x2150007 0x0 0x160 0xa75 0x21d0005 0x7 0x0 0x0 0x0 0x0 0x0 0x2210008 0x6 0xa75 0x108 0x0 0x40 0x0 0x50 0x2430002 0x0 0x2500005 0x0 0x0 0x0 0x0 0x0 0x0 0x2530005 0x0 0x0 0x0 0x0 0x0 0x0 0x2580005 0x0 0x0 0x0 0x0 0x0 0x0 0x25b0002 0x0 0x2610002 0xa75 0x2680005 0x0 0x0 0x1daf2698a30 0xa75 0x0 0x0 0x26d0007 0xa75 0x50 0x0 0x2730007 0x0 0x30 0x0 0x2780002 0x0 0x27e0007 0xa75 0xa8 0x0 0x2850005 0x0 0x0 0x0 0x0 0x0 0x0 0x28a0005 0x0 0x0 0x0 0x0 0x0 0x0 0x2910003 0x0 0x98 0x2960005 0x0 0x0 0x1daf2698a30 0xa75 0x0 0x0 0x29d0005 0x0 0x0 0x1daf2698cf0 0x53e 0x1daf2698f00 0x537 0x2a00002 0xa75 0x2a70005 0x0 0x0 0x1daf2698cf0 0x53e 0x1daf2698f00 0x537 0x2aa0005 0x0 0x0 0x1daf2698fb0 0x53e 0x1daf2699060 0x537 0x2af0007 0x53e 0x168 0x537 0x2b80005 0x0 0x0 0x1daf2698f00 0x537 0x0 0x0 0x2bb0005 0x0 0x0 0x1daf2698da0 0x537 0x0 0x0 0x2be0002 0x537 0x2d10005 0x0 0x0 0x1daf2698ae0 0x537 0x0 0x0 0x2d40004 0x0 0x0 0x1daf2698fb0 0x537 0x0 0x0 0x2d90004 0x0 0x0 0x1daf2699060 0x537 0x0 0x0 0x2da0002 0x537 0x2dd0002 0x537 0x2e70007 0x0 0x80 0xa75 0x2ee0005 0x0 0x0 0x1daf2698a30 0xa75 0x0 0x0 0x2f30002 0xa75 0x2f60003 0xa75 0x18 0x3050002 0xa75 0x30c0002 0x19f0 0x3100007 0x19f2 0x30 0x0 0x3150002 0x0 0x0 0x0 0x0 0x0 0x0 0x0 0x0 0x0 0x0 0x0 0x0 0x0 0x0 0x9 0x4 0x0 0x0 0x0 0x0 oops 40 11 org/jetbrains/kotlin/types/TypeProjectionImpl 28 org/jetbrains/kotlin/types/TypeProjectionImpl 35 org/jetbrains/kotlin/types/NullableSimpleType 37 org/jetbrains/kotlin/types/FlexibleTypeWithEnhancement 46 org/jetbrains/kotlin/types/FlexibleTypeWithEnhancement 53 org/jetbrains/kotlin/types/FlexibleTypeWithEnhancement 60 org/jetbrains/kotlin/types/FlexibleTypeWithEnhancement 67 org/jetbrains/kotlin/types/FlexibleTypeWithEnhancement 74 org/jetbrains/kotlin/types/TypeProjectionImpl 85 org/jetbrains/kotlin/types/TypeProjectionImpl 102 org/jetbrains/kotlin/types/TypeProjectionImpl 109 org/jetbrains/kotlin/types/TypeSubstitutor 116 org/jetbrains/kotlin/types/TypeProjectionImpl 123 org/jetbrains/kotlin/types/FlexibleTypeImpl 132 org/jetbrains/kotlin/types/TypeProjectionImpl 147 org/jetbrains/kotlin/types/NullableSimpleType 149 org/jetbrains/kotlin/types/FlexibleTypeImpl 154 org/jetbrains/kotlin/types/NullableSimpleType 156 org/jetbrains/kotlin/types/SimpleTypeImpl 171 org/jetbrains/kotlin/types/IndexedParametersSubstitution 173 org/jetbrains/kotlin/types/StarProjectionImplKt$buildStarProjectionTypeByTypeParameters$1 187 org/jetbrains/kotlin/types/TypeProjectionImpl 234 org/jetbrains/kotlin/types/TypeProjectionImpl 303 org/jetbrains/kotlin/types/TypeProjectionImpl 321 org/jetbrains/kotlin/types/TypeProjectionImpl 389 org/jetbrains/kotlin/types/TypeProjectionImpl 446 org/jetbrains/kotlin/types/TypeProjectionImpl 484 org/jetbrains/kotlin/types/TypeProjectionImpl 491 org/jetbrains/kotlin/types/SimpleTypeImpl 493 org/jetbrains/kotlin/types/SimpleTypeWithAttributes 500 org/jetbrains/kotlin/types/SimpleTypeImpl 502 org/jetbrains/kotlin/types/SimpleTypeWithAttributes 507 org/jetbrains/kotlin/descriptors/annotations/Annotations$Companion$EMPTY$1 509 org/jetbrains/kotlin/descriptors/annotations/CompositeAnnotations 518 org/jetbrains/kotlin/types/SimpleTypeWithAttributes 525 org/jetbrains/kotlin/types/IndexedParametersSubstitution 534 org/jetbrains/kotlin/types/NullableSimpleType 541 org/jetbrains/kotlin/descriptors/annotations/Annotations$Companion$EMPTY$1 548 org/jetbrains/kotlin/descriptors/annotations/CompositeAnnotations 563 org/jetbrains/kotlin/types/TypeProjectionImpl methods 0
ciMethodData org/jetbrains/kotlin/types/TypeSubstitutor assertRecursionDepth (ILorg/jetbrains/kotlin/types/TypeProjection;Lorg/jetbrains/kotlin/types/TypeSubstitution;)V 2 11905 orig 80 0 0 0 0 0 0 0 0 0 0 0 0 0 0 0 0 0 0 0 0 0 0 0 0 0 0 0 0 0 0 0 0 0 0 0 0 0 0 0 0 0 0 0 0 0 0 0 0 0 0 0 0 0 0 0 0 0 0 0 0 0 0 0 0 0 0 0 0 0 0 0 0 0 0 0 0 0 0 0 0 data 58 0x30007 0x2e81 0x178 0x0 0xe0002 0x0 0x140005 0x0 0x0 0x0 0x0 0x0 0x0 0x180002 0x0 0x1b0005 0x0 0x0 0x0 0x0 0x0 0x0 0x210005 0x0 0x0 0x0 0x0 0x0 0x0 0x250002 0x0 0x280005 0x0 0x0 0x0 0x0 0x0 0x0 0x2b0005 0x0 0x0 0x0 0x0 0x0 0x0 0x2e0002 0x0 0x0 0x0 0x0 0x0 0x0 0x0 0x9 0x3 0x0 0x0 0x0 oops 0 methods 0
ciMethodData org/jetbrains/kotlin/types/TypeSubstitutor projectedTypeForConflictedTypeWithUnsafeVariance (Lorg/jetbrains/kotlin/types/KotlinType;Lorg/jetbrains/kotlin/types/TypeProjection;Lorg/jetbrains/kotlin/descriptors/TypeParameterDescriptor;Lorg/jetbrains/kotlin/types/TypeProjection;)Lorg/jetbrains/kotlin/types/TypeProjection; 2 2177 orig 80 0 0 0 0 0 0 0 0 0 0 0 0 0 0 0 0 0 0 0 0 0 0 0 0 0 0 0 0 0 0 0 0 0 0 0 0 0 0 0 0 0 0 0 0 0 0 0 0 0 0 0 0 0 0 0 0 0 0 0 0 0 0 0 0 0 0 0 0 0 0 0 0 0 0 0 0 0 0 0 0 data 166 0x10007 0x881 0x30 0x0 0x60002 0x0 0xa0007 0x881 0x30 0x0 0xf0002 0x0 0x130007 0x881 0x30 0x0 0x180002 0x0 0x1c0005 0x2 0x0 0x1daf2698cf0 0x444 0x1daf2698f00 0x43b 0x220005 0x0 0x0 0x1daf2698fb0 0x446 0x1daf2699060 0x43b 0x270007 0x0 0x50 0x881 0x2c0007 0x881 0x30 0x0 0x310002 0x0 0x360005 0x0 0x0 0x0 0x0 0x0 0x0 0x3b0005 0x0 0x0 0x0 0x0 0x0 0x0 0x420004 0x0 0x0 0x0 0x0 0x0 0x0 0x450007 0x0 0x50 0x0 0x4a0007 0x0 0x30 0x0 0x4f0002 0x0 0x550004 0x0 0x0 0x0 0x0 0x0 0x0 0x5c0005 0x0 0x0 0x0 0x0 0x0 0x0 0x630005 0x0 0x0 0x0 0x0 0x0 0x0 0x6b0005 0x0 0x0 0x0 0x0 0x0 0x0 0x720002 0x0 0x7c0007 0x0 0x68 0x0 0x850005 0x0 0x0 0x0 0x0 0x0 0x0 0x8a0002 0x0 0x8f0007 0x0 0x50 0x0 0x940007 0x0 0x30 0x0 0x990002 0x0 0x9e0005 0x0 0x0 0x0 0x0 0x0 0x0 0xa50002 0x0 0xaf0007 0x0 0x68 0x0 0xb80005 0x0 0x0 0x0 0x0 0x0 0x0 0xbd0002 0x0 0xc30007 0x0 0x30 0x0 0xc80002 0x0 0x0 0x0 0x0 0x0 0x0 0x0 0x9 0x4 0x0 0x0 0x0 0x0 oops 4 21 org/jetbrains/kotlin/types/SimpleTypeImpl 23 org/jetbrains/kotlin/types/SimpleTypeWithAttributes 28 org/jetbrains/kotlin/descriptors/annotations/Annotations$Companion$EMPTY$1 30 org/jetbrains/kotlin/descriptors/annotations/CompositeAnnotations methods 0
ciMethodData org/jetbrains/kotlin/types/TypeCapabilitiesKt isCustomTypeParameter (Lorg/jetbrains/kotlin/types/KotlinType;)Z 1 257 orig 80 0 0 0 0 0 0 0 0 0 0 0 0 0 0 0 0 0 0 0 0 0 0 0 0 0 0 0 0 0 0 0 0 0 0 0 0 0 0 0 0 0 0 0 0 0 0 0 0 0 0 0 0 0 0 0 0 0 0 0 0 0 0 0 0 0 0 0 0 0 0 0 0 0 0 0 0 0 0 0 0 data 53 0x30002 0x101 0x70005 0x0 0x0 0x1daf2698c40 0x101 0x0 0x0 0xc0004 0x0 0x0 0x1daf2698c40 0x101 0x0 0x0 0xf0007 0x0 0x70 0x101 0x130004 0x0 0x0 0x1daf2698c40 0x101 0x0 0x0 0x160003 0x101 0x18 0x1b0007 0x0 0x70 0x101 0x1e0005 0x0 0x0 0x1daf2698c40 0x101 0x0 0x0 0x230003 0x101 0x18 0x0 0x0 0x0 0x0 0x0 0x0 0x9 0x1 0xffffffffffffffff oops 4 5 org/jetbrains/kotlin/types/FlexibleTypeImpl 12 org/jetbrains/kotlin/types/FlexibleTypeImpl 23 org/jetbrains/kotlin/types/FlexibleTypeImpl 37 org/jetbrains/kotlin/types/FlexibleTypeImpl methods 0
ciMethodData org/jetbrains/kotlin/types/TypeSubstitutor conflictType (Lorg/jetbrains/kotlin/types/Variance;Lorg/jetbrains/kotlin/types/Variance;)Lorg/jetbrains/kotlin/types/TypeSubstitutor$VarianceConflictType; 2 4301 orig 80 0 0 0 0 0 0 0 0 0 0 0 0 0 0 0 0 0 0 0 0 0 0 0 0 0 0 0 0 0 0 0 0 0 0 0 0 0 0 0 0 0 0 0 0 0 0 0 0 0 0 0 0 0 0 0 0 0 0 0 0 0 0 0 0 0 0 0 0 0 0 0 0 0 0 0 0 0 0 0 0 data 26 0x40007 0xdfa 0x40 0x2d3 0xb0007 0x2d3 0x20 0x0 0x160007 0xe03 0x40 0x2ca 0x1d0007 0x2ca 0x20 0x0 0x0 0x0 0x0 0x0 0x0 0x0 0x9 0x2 0x0 0x0 oops 0 methods 0
ciMethodData org/jetbrains/kotlin/types/TypeSubstitution filterAnnotations (Lorg/jetbrains/kotlin/descriptors/annotations/Annotations;)Lorg/jetbrains/kotlin/descriptors/annotations/Annotations; 2 7979 orig 80 0 0 0 0 0 0 0 0 0 0 0 0 255 127 0 0 0 0 0 0 0 0 0 0 0 0 0 0 0 0 0 0 0 0 0 0 0 0 0 0 0 0 0 0 0 0 0 0 0 0 0 0 0 0 0 0 0 0 0 0 0 0 0 0 0 0 0 0 0 0 0 0 0 0 0 0 0 0 0 0 data 12 0x30002 0x1f2b 0x0 0x0 0x0 0x0 0x0 0x0 0x9 0x2 0x0 0x0 oops 0 methods 0
ciMethodData org/jetbrains/kotlin/resolve/calls/inference/CapturedTypeConstructorKt isCaptured (Lorg/jetbrains/kotlin/types/KotlinType;)Z 2 12399 orig 80 0 0 0 0 0 0 0 0 0 0 0 0 0 0 0 0 0 0 0 0 0 0 0 0 0 0 0 0 0 0 0 0 0 0 0 0 0 0 0 0 0 0 0 0 0 0 0 0 0 0 0 0 0 0 0 0 0 0 0 0 0 0 0 0 0 0 0 0 0 0 0 0 0 0 0 0 0 0 0 0 data 25 0x30002 0x306f 0x70005 0xa20 0x0 0x1daf2698cf0 0x17d0 0x1daf2698f00 0xe7f 0xa0004 0xffffffffffffcf91 0x0 0x1daf235f868 0x72 0x1daf235f918 0x54 0x0 0x0 0x0 0x0 0x0 0x0 0x9 0x1 0x0 oops 4 5 org/jetbrains/kotlin/types/SimpleTypeImpl 7 org/jetbrains/kotlin/types/SimpleTypeWithAttributes 12 org/jetbrains/kotlin/serialization/deserialization/descriptors/DeserializedClassDescriptor$DeserializedClassTypeConstructor 14 org/jetbrains/kotlin/load/java/lazy/descriptors/LazyJavaClassDescriptor$LazyJavaClassTypeConstructor methods 0
ciMethodData org/jetbrains/kotlin/types/TypeCapabilitiesKt getCustomTypeParameter (Lorg/jetbrains/kotlin/types/KotlinType;)Lorg/jetbrains/kotlin/types/CustomTypeParameter; 2 2183 orig 80 0 0 0 0 0 0 0 0 0 0 0 0 0 0 0 0 0 0 0 0 0 0 0 0 0 0 0 0 0 0 0 0 0 0 0 0 0 0 0 0 0 0 0 0 0 0 0 0 0 0 0 0 0 0 0 0 0 0 0 0 0 0 0 0 0 0 0 0 0 0 0 0 0 0 0 0 0 0 0 0 data 60 0x30002 0x887 0x70005 0x2 0x0 0x1daf2698cf0 0x447 0x1daf2698f00 0x43e 0xc0004 0xfffffffffffff77b 0x0 0x1daf2698cf0 0x85 0x1daf2698f00 0x84 0xf0007 0x885 0x70 0x2 0x130004 0x0 0x0 0x1daf2698c40 0x2 0x0 0x0 0x160003 0x2 0x18 0x1b0007 0x885 0xa8 0x2 0x220005 0x0 0x0 0x1daf2698c40 0x2 0x0 0x0 0x270007 0x0 0x38 0x2 0x2b0003 0x2 0x18 0x2f0003 0x2 0x18 0x0 0x0 0x0 0x0 0x0 0x0 0x9 0x1 0xffffffffffffffff oops 6 5 org/jetbrains/kotlin/types/SimpleTypeImpl 7 org/jetbrains/kotlin/types/SimpleTypeWithAttributes 12 org/jetbrains/kotlin/types/SimpleTypeImpl 14 org/jetbrains/kotlin/types/SimpleTypeWithAttributes 23 org/jetbrains/kotlin/types/FlexibleTypeImpl 37 org/jetbrains/kotlin/types/FlexibleTypeImpl methods 0
ciMethodData org/jetbrains/kotlin/types/TypeUtils makeNullableIfNeeded (Lorg/jetbrains/kotlin/types/KotlinType;Z)Lorg/jetbrains/kotlin/types/KotlinType; 2 2684 orig 80 0 0 0 0 0 0 0 0 0 0 0 0 0 0 0 0 0 0 0 0 0 0 0 0 0 0 0 0 0 0 0 0 0 0 0 0 0 0 0 0 0 0 0 0 0 0 0 0 0 0 0 0 0 0 0 0 0 0 0 0 0 0 0 0 0 0 0 0 0 0 0 0 0 0 0 0 0 0 0 0 data 28 0x10007 0xa7c 0x30 0x0 0x60002 0x0 0xa0007 0x545 0x30 0x537 0xe0002 0x537 0x140007 0x545 0x30 0x0 0x190002 0x0 0x0 0x0 0x0 0x0 0x0 0x0 0x9 0x2 0x0 0x0 oops 0 methods 0
ciMethodData org/jetbrains/kotlin/types/TypeSubstitutor filterOutUnsafeVariance (Lorg/jetbrains/kotlin/descriptors/annotations/Annotations;)Lorg/jetbrains/kotlin/descriptors/annotations/Annotations; 1 385 orig 80 0 0 0 0 0 0 0 0 0 0 0 0 0 0 0 0 0 0 0 0 0 0 0 0 0 0 0 0 0 0 0 0 0 0 0 0 0 0 0 0 0 0 0 0 0 0 0 0 0 0 0 0 0 0 0 0 0 0 0 0 0 0 0 0 0 0 0 0 0 0 0 0 0 0 0 0 0 0 0 0 data 36 0x10007 0x181 0x30 0x0 0x60002 0x0 0xd0005 0x0 0x0 0x1daf2699060 0x181 0x0 0x0 0x120007 0x0 0x50 0x181 0x170007 0x181 0x30 0x0 0x1c0002 0x0 0x290002 0x0 0x2c0002 0x0 0x0 0x0 0x0 0x0 0x0 0x0 0x9 0x1 0xffffffffffffffff oops 1 9 org/jetbrains/kotlin/descriptors/annotations/CompositeAnnotations methods 0
ciMethodData org/jetbrains/kotlin/types/typeUtil/TypeUtilsKt replaceAnnotations (Lorg/jetbrains/kotlin/types/KotlinType;Lorg/jetbrains/kotlin/descriptors/annotations/Annotations;)Lorg/jetbrains/kotlin/types/KotlinType; 1 385 orig 80 0 0 0 0 0 0 0 0 0 0 0 0 0 0 0 0 0 0 0 0 0 0 0 0 0 0 0 0 0 0 0 0 0 0 0 0 0 0 0 0 0 0 0 0 0 0 0 0 0 0 0 0 0 0 0 0 0 0 0 0 0 0 0 0 0 0 0 0 0 0 0 0 0 0 0 0 0 0 0 0 data 73 0x30002 0x181 0xa0002 0x181 0xe0005 0x0 0x0 0x1daf2698ae0 0x181 0x0 0x0 0x110005 0x0 0x0 0x1daf2698fb0 0x181 0x0 0x0 0x160007 0x0 0x78 0x181 0x1a0005 0x0 0x0 0x1daf2699060 0x181 0x0 0x0 0x1f0007 0x181 0x20 0x0 0x250005 0x0 0x0 0x1daf2698ae0 0x181 0x0 0x0 0x290005 0x0 0x0 0x1daf2698ae0 0x181 0x0 0x0 0x2d0002 0x181 0x300005 0x0 0x0 0x1daf2698ae0 0x181 0x0 0x0 0x330004 0x0 0x0 0x1daf2698f00 0x181 0x0 0x0 0x0 0x0 0x0 0x0 0x0 0x0 0x9 0x2 0xffffffffffffffff 0xffffffffffffffff oops 7 7 org/jetbrains/kotlin/types/NullableSimpleType 14 org/jetbrains/kotlin/descriptors/annotations/Annotations$Companion$EMPTY$1 25 org/jetbrains/kotlin/descriptors/annotations/CompositeAnnotations 36 org/jetbrains/kotlin/types/NullableSimpleType 43 org/jetbrains/kotlin/types/NullableSimpleType 52 org/jetbrains/kotlin/types/NullableSimpleType 59 org/jetbrains/kotlin/types/SimpleTypeWithAttributes methods 0
ciMethodData org/jetbrains/kotlin/types/TypeSubstitutor combine (Lorg/jetbrains/kotlin/types/Variance;Lorg/jetbrains/kotlin/types/Variance;)Lorg/jetbrains/kotlin/types/Variance; 2 2183 orig 80 0 0 0 0 0 0 0 0 0 0 0 0 0 0 0 0 0 0 0 0 0 0 0 0 0 0 0 0 0 0 0 0 0 0 0 0 0 0 0 0 0 0 0 0 0 0 0 0 0 0 0 0 0 0 0 0 0 0 0 0 0 0 0 0 0 0 0 0 0 0 0 0 0 0 0 0 0 0 0 0 data 98 0x10007 0x887 0x30 0x0 0x60002 0x0 0xa0007 0x887 0x30 0x0 0xf0002 0x0 0x160007 0x443 0x50 0x444 0x1b0007 0x444 0x30 0x0 0x200002 0x0 0x280007 0x0 0x50 0x443 0x2d0007 0x443 0x30 0x0 0x320002 0x0 0x380007 0x0 0x50 0x0 0x3d0007 0x0 0x30 0x0 0x420002 0x0 0x4e0002 0x0 0x540005 0x0 0x0 0x0 0x0 0x0 0x0 0x580005 0x0 0x0 0x0 0x0 0x0 0x0 0x5e0005 0x0 0x0 0x0 0x0 0x0 0x0 0x620005 0x0 0x0 0x0 0x0 0x0 0x0 0x680005 0x0 0x0 0x0 0x0 0x0 0x0 0x6b0005 0x0 0x0 0x0 0x0 0x0 0x0 0x6e0002 0x0 0x0 0x0 0x0 0x0 0x0 0x0 0x9 0x2 0xffffffffffffffff 0xffffffffffffffff oops 0 methods 0
ciMethodData org/jetbrains/kotlin/types/TypeSubstitutionKt replace$default (Lorg/jetbrains/kotlin/types/KotlinType;Ljava/util/List;Lorg/jetbrains/kotlin/descriptors/annotations/Annotations;Ljava/util/List;ILjava/lang/Object;)Lorg/jetbrains/kotlin/types/KotlinType; 2 6645 orig 80 0 0 0 0 0 0 0 0 0 0 0 0 0 0 0 0 0 0 0 0 0 0 0 0 0 0 0 0 0 0 0 0 0 0 0 0 0 0 0 0 0 0 0 0 0 0 0 0 0 0 0 0 0 0 0 0 0 0 0 0 0 0 0 0 0 0 0 0 0 0 0 0 0 0 0 0 0 0 0 0 data 42 0x40007 0x19f5 0x58 0x0 0x80005 0x0 0x0 0x0 0x0 0x0 0x0 0x100007 0x19f5 0x58 0x0 0x140005 0x0 0x0 0x0 0x0 0x0 0x0 0x1c0007 0x0 0x20 0x19f5 0x250002 0x19f5 0x0 0x0 0x0 0x0 0x0 0x0 0x9 0x6 0x0 0x0 0x0 0x0 0x0 0x0 oops 0 methods 0
ciMethodData org/jetbrains/kotlin/types/TypeSubstitutionKt replace (Lorg/jetbrains/kotlin/types/KotlinType;Ljava/util/List;Lorg/jetbrains/kotlin/descriptors/annotations/Annotations;Ljava/util/List;)Lorg/jetbrains/kotlin/types/KotlinType; 2 6645 orig 80 0 0 0 0 0 0 0 0 0 0 0 0 0 0 0 0 0 0 0 0 0 0 0 0 0 0 0 0 0 0 0 0 0 0 0 0 0 0 0 0 0 0 0 0 0 0 0 0 0 0 0 0 0 0 0 0 0 0 0 0 0 0 0 0 0 0 0 0 0 0 0 0 0 0 0 0 0 0 0 0 data 188 0x30002 0x19f5 0x90002 0x19f5 0xf0002 0x19f5 0x150002 0x19f5 0x190005 0x0 0x0 0x1daf403e5e8 0x1061 0x1daf2121288 0x994 0x1e0007 0x14ba 0x78 0x53b 0x230005 0x0 0x0 0x1daf2698cf0 0x53b 0x0 0x0 0x260007 0x53b 0x78 0x0 0x2b0005 0x459 0x0 0x1daf2698cf0 0x95d 0x1daf2698ae0 0x704 0x2e0007 0x0 0x20 0x14ba 0x340005 0x0 0x0 0x1daf2698cf0 0x53b 0x0 0x0 0x380004 0xfffffffffffffac5 0x0 0x0 0x0 0x0 0x0 0x3b0007 0x53b 0xc8 0x0 0x3f0005 0x0 0x0 0x0 0x0 0x0 0x0 0x440007 0x0 0x70 0x0 0x4a0005 0x0 0x0 0x0 0x0 0x0 0x0 0x4d0003 0x0 0x18 0x510002 0x53b 0x570005 0x0 0x0 0x1daf2698cf0 0x53b 0x0 0x0 0x5e0004 0xfffffffffffffac5 0x0 0x0 0x0 0x0 0x0 0x610007 0x53b 0x180 0x0 0x660004 0x0 0x0 0x0 0x0 0x0 0x0 0x690005 0x0 0x0 0x0 0x0 0x0 0x0 0x6f0002 0x0 0x740004 0x0 0x0 0x0 0x0 0x0 0x0 0x770005 0x0 0x0 0x0 0x0 0x0 0x0 0x7d0002 0x0 0x800002 0x0 0x830004 0x0 0x0 0x0 0x0 0x0 0x0 0x860003 0x0 0x118 0x8b0004 0x0 0x0 0x1daf2698cf0 0x53b 0x0 0x0 0x8e0007 0x0 0xb8 0x53b 0x930004 0x0 0x0 0x1daf2698cf0 0x53b 0x0 0x0 0x990002 0x53b 0x9c0004 0x0 0x0 0x0 0x0 0x0 0x0 0x9f0003 0x53b 0x28 0xa60002 0x0 0x0 0x0 0x0 0x0 0x0 0x0 0x9 0x4 0x0 0x0 0x0 0x0 oops 9 11 kotlin/collections/EmptyList 13 java/util/ArrayList 22 org/jetbrains/kotlin/types/SimpleTypeImpl 33 org/jetbrains/kotlin/types/SimpleTypeImpl 35 org/jetbrains/kotlin/types/NullableSimpleType 44 org/jetbrains/kotlin/types/SimpleTypeImpl 85 org/jetbrains/kotlin/types/SimpleTypeImpl 147 org/jetbrains/kotlin/types/SimpleTypeImpl 158 org/jetbrains/kotlin/types/SimpleTypeImpl methods 0
ciMethodData org/jetbrains/kotlin/types/TypeAttributesKt replaceAnnotations (Lorg/jetbrains/kotlin/types/TypeAttributes;Lorg/jetbrains/kotlin/descriptors/annotations/Annotations;)Lorg/jetbrains/kotlin/types/TypeAttributes; 2 2166 orig 80 0 0 0 0 0 0 0 0 0 0 0 0 0 0 0 0 0 0 0 0 0 0 0 0 0 0 0 0 0 0 0 0 0 0 0 0 0 0 0 0 0 0 0 0 0 0 0 0 0 0 0 0 0 0 0 0 0 0 0 0 0 0 0 0 0 0 0 0 0 0 0 0 0 0 0 0 0 0 0 0 data 89 0x30002 0x876 0x90002 0x876 0xd0002 0x876 0x110007 0x438 0x20 0x43e 0x170002 0x438 0x1b0007 0x438 0xb0 0x0 0x240004 0x0 0x0 0x0 0x0 0x0 0x0 0x270005 0x0 0x0 0x0 0x0 0x0 0x0 0x2c0007 0x0 0x20 0x0 0x330005 0x0 0x0 0x1daf2699060 0x438 0x0 0x0 0x380005 0x0 0x0 0x1daf751ee60 0x438 0x0 0x0 0x3d0007 0x0 0x78 0x438 0x410005 0x0 0x0 0x1daf2699060 0x438 0x0 0x0 0x460007 0x438 0x20 0x0 0x510002 0x438 0x540004 0x0 0x0 0x1daf6e76498 0xc0 0x0 0x0 0x570005 0x438 0x0 0x0 0x0 0x0 0x0 0x0 0x0 0x0 0x0 0x0 0x0 0x9 0x2 0xffffffffffffffff 0xffffffffffffffff oops 4 37 org/jetbrains/kotlin/descriptors/annotations/CompositeAnnotations 44 kotlin/sequences/FlatteningSequence$iterator$1 55 org/jetbrains/kotlin/descriptors/annotations/CompositeAnnotations 68 org/jetbrains/kotlin/types/AnnotationsTypeAttribute methods 0
ciMethodData org/jetbrains/kotlin/types/TypeSubstitutionKt replace (Lorg/jetbrains/kotlin/types/SimpleType;Ljava/util/List;Lorg/jetbrains/kotlin/types/TypeAttributes;)Lorg/jetbrains/kotlin/types/SimpleType; 1 313 orig 80 0 0 0 0 0 0 0 0 0 0 0 0 0 0 0 0 0 0 0 0 0 0 0 0 0 0 0 0 0 0 0 0 0 0 0 0 0 0 0 0 0 0 0 0 0 0 0 0 0 0 0 0 0 0 0 0 0 0 0 0 0 0 0 0 0 0 0 0 0 0 0 0 0 0 0 0 0 0 0 0 data 105 0x30002 0x139 0x90002 0x139 0xf0002 0x139 0x130005 0x1 0x0 0x1daf2121288 0x112 0x1daf403e5e8 0x26 0x180007 0xf9 0x78 0x40 0x1d0005 0x0 0x0 0x1daf2698cf0 0x40 0x0 0x0 0x200007 0x0 0x20 0x40 0x260005 0x0 0x0 0x1daf2121288 0xf8 0x1daf4837aa8 0x1 0x2b0007 0xf9 0x58 0x0 0x300005 0x0 0x0 0x0 0x0 0x0 0x0 0x350004 0xffffffffffffff07 0x0 0x1daf2698cf0 0x7b 0x1daf6ec4458 0x1 0x380007 0xf9 0xc8 0x0 0x3c0004 0x0 0x0 0x0 0x0 0x0 0x0 0x400005 0x0 0x0 0x0 0x0 0x0 0x0 0x430004 0x0 0x0 0x0 0x0 0x0 0x0 0x490005 0x0 0x0 0x1daf2698cf0 0xdf 0x1daf6ec4458 0x1a 0x4e0005 0x0 0x0 0x1daf2698cf0 0xdf 0x1daf6ec4458 0x1a 0x550002 0xf9 0x0 0x0 0x0 0x0 0x0 0x0 0x9 0x3 0xffffffffffffffff 0xffffffffffffffff 0x0 oops 11 9 java/util/ArrayList 11 kotlin/collections/EmptyList 20 org/jetbrains/kotlin/types/SimpleTypeImpl 31 java/util/ArrayList 33 java/util/Collections$SingletonList 49 org/jetbrains/kotlin/types/SimpleTypeImpl 51 org/jetbrains/kotlin/types/AbbreviatedType 81 org/jetbrains/kotlin/types/SimpleTypeImpl 83 org/jetbrains/kotlin/types/AbbreviatedType 88 org/jetbrains/kotlin/types/SimpleTypeImpl 90 org/jetbrains/kotlin/types/AbbreviatedType methods 0
ciMethodData org/jetbrains/kotlin/types/FlexibleTypeImpl getDelegate ()Lorg/jetbrains/kotlin/types/SimpleType; 2 12253 orig 80 0 0 0 0 0 0 0 0 0 0 0 0 255 127 0 0 0 0 0 0 0 0 0 0 0 0 0 0 0 0 0 0 0 0 0 0 0 0 0 0 0 0 0 0 0 0 0 0 0 0 0 0 0 0 0 0 0 0 0 0 0 0 0 0 0 0 0 0 0 0 0 0 0 0 0 0 0 0 0 0 data 18 0x10002 0x2fdd 0x50005 0x2fdd 0x0 0x0 0x0 0x0 0x0 0x0 0x0 0x0 0x0 0x0 0x0 0x9 0x1 0x0 oops 0 methods 0
ciMethodData org/jetbrains/kotlin/types/FlexibleTypeImpl runAssertions ()V 2 12253 orig 80 0 0 0 0 0 0 0 0 0 0 0 0 0 0 0 0 0 0 0 0 0 0 0 0 0 0 0 0 0 0 0 0 0 0 0 0 0 0 0 0 0 0 0 0 0 0 0 0 0 0 0 0 0 0 0 0 0 0 0 0 0 0 0 0 0 0 0 0 0 0 0 0 0 0 0 0 0 0 0 0 data 329 0x30007 0x2fdd 0x40 0x0 0xa0007 0x0 0x20 0x0 0x140005 0x0 0x0 0x0 0x0 0x0 0x0 0x170004 0x0 0x0 0x0 0x0 0x0 0x0 0x1a0002 0x0 0x1d0007 0x0 0x38 0x0 0x210003 0x0 0x18 0x290007 0x0 0x140 0x0 0x2d0007 0x0 0x120 0x0 0x360002 0x0 0x3b0005 0x0 0x0 0x0 0x0 0x0 0x0 0x3f0005 0x0 0x0 0x0 0x0 0x0 0x0 0x420005 0x0 0x0 0x0 0x0 0x0 0x0 0x450005 0x0 0x0 0x0 0x0 0x0 0x0 0x4e0002 0x0 0x530005 0x0 0x0 0x0 0x0 0x0 0x0 0x560004 0x0 0x0 0x0 0x0 0x0 0x0 0x590002 0x0 0x5c0007 0x0 0x38 0x0 0x600003 0x0 0x18 0x680007 0x0 0x140 0x0 0x6c0007 0x0 0x120 0x0 0x750002 0x0 0x7a0005 0x0 0x0 0x0 0x0 0x0 0x0 0x7e0005 0x0 0x0 0x0 0x0 0x0 0x0 0x810005 0x0 0x0 0x0 0x0 0x0 0x0 0x840005 0x0 0x0 0x0 0x0 0x0 0x0 0x8d0002 0x0 0x920005 0x0 0x0 0x0 0x0 0x0 0x0 0x960005 0x0 0x0 0x0 0x0 0x0 0x0 0x990002 0x0 0x9c0007 0x0 0x38 0x0 0xa00003 0x0 0x18 0xa80007 0x0 0x1e8 0x0 0xac0007 0x0 0x1c8 0x0 0xb50002 0x0 0xba0005 0x0 0x0 0x0 0x0 0x0 0x0 0xbe0005 0x0 0x0 0x0 0x0 0x0 0x0 0xc10005 0x0 0x0 0x0 0x0 0x0 0x0 0xc60005 0x0 0x0 0x0 0x0 0x0 0x0 0xca0005 0x0 0x0 0x0 0x0 0x0 0x0 0xcd0005 0x0 0x0 0x0 0x0 0x0 0x0 0xd00005 0x0 0x0 0x0 0x0 0x0 0x0 0xd90002 0x0 0xe10005 0x0 0x0 0x0 0x0 0x0 0x0 0xe40004 0x0 0x0 0x0 0x0 0x0 0x0 0xe80005 0x0 0x0 0x0 0x0 0x0 0x0 0xeb0004 0x0 0x0 0x0 0x0 0x0 0x0 0xee0005 0x0 0x0 0x0 0x0 0x0 0x0 0xf70007 0x0 0x1e8 0x0 0xfb0007 0x0 0x1c8 0x0 0x1040002 0x0 0x1090005 0x0 0x0 0x0 0x0 0x0 0x0 0x10d0005 0x0 0x0 0x0 0x0 0x0 0x0 0x1100005 0x0 0x0 0x0 0x0 0x0 0x0 0x1150005 0x0 0x0 0x0 0x0 0x0 0x0 0x1190005 0x0 0x0 0x0 0x0 0x0 0x0 0x11c0005 0x0 0x0 0x0 0x0 0x0 0x0 0x11f0005 0x0 0x0 0x0 0x0 0x0 0x0 0x1280002 0x0 0x0 0x0 0x0 0x0 0x0 0x0 0x0 0x0 0x0 0x0 0x0 0x0 0x9 0x1 0x0 oops 0 methods 0
ciMethod org/jetbrains/kotlin/types/FlexibleTypeWithEnhancement <init> (Lorg/jetbrains/kotlin/types/FlexibleType;Lorg/jetbrains/kotlin/types/KotlinType;)V 4098 0 3525 0 -1
ciMethod org/jetbrains/kotlin/types/FlexibleTypeWithEnhancement getOrigin ()Lorg/jetbrains/kotlin/types/FlexibleType; 256 0 128 0 0
ciMethod org/jetbrains/kotlin/types/FlexibleTypeWithEnhancement getEnhancement ()Lorg/jetbrains/kotlin/types/KotlinType; 256 0 128 0 0
ciMethod org/jetbrains/kotlin/types/FlexibleTypeWithEnhancement getDelegate ()Lorg/jetbrains/kotlin/types/SimpleType; 4122 0 12318 0 176
ciMethod org/jetbrains/kotlin/types/FlexibleTypeWithEnhancement getOrigin ()Lorg/jetbrains/kotlin/types/UnwrappedType; 4100 0 2762 0 0
ciMethodData org/jetbrains/kotlin/descriptors/impl/AbstractTypeParameterDescriptor$TypeParameterTypeConstructor getDeclarationDescriptor ()Lorg/jetbrains/kotlin/descriptors/ClassifierDescriptor; 2 6148 orig 80 0 0 0 0 0 0 0 0 0 0 0 0 255 127 0 0 0 0 0 0 0 0 0 0 0 0 0 0 0 0 0 0 0 0 0 0 0 0 0 0 0 0 0 0 0 0 0 0 0 0 0 0 0 0 0 0 0 0 0 0 0 0 0 0 0 0 0 0 0 0 0 0 0 0 0 0 0 0 0 0 data 15 0x50007 0x1804 0x30 0x0 0x90002 0x0 0x0 0x0 0x0 0x0 0x0 0x0 0x9 0x1 0x0 oops 0 methods 0
ciMethodData org/jetbrains/kotlin/types/TypeSubstitutor substitute (Lorg/jetbrains/kotlin/types/TypeProjection;)Lorg/jetbrains/kotlin/types/TypeProjection; 2 10328 orig 80 1 0 0 0 0 0 0 0 0 0 0 0 255 127 0 0 0 0 0 0 0 0 0 0 0 0 0 0 0 0 0 0 0 0 0 0 0 0 0 0 0 0 0 0 0 0 0 0 0 0 0 0 0 0 0 0 0 0 0 0 0 0 0 0 0 0 0 0 0 0 0 0 0 0 0 0 0 0 0 0 data 54 0x10007 0x2858 0x30 0x0 0x60002 0x0 0xb0005 0x0 0x0 0x1daf26972f0 0x2858 0x0 0x0 0x130005 0x5 0x0 0x1daf2698da0 0x1e37 0x1daf34e7578 0xa1e 0x160007 0x0 0x78 0x285a 0x1d0005 0x5 0x0 0x1daf2698da0 0x1e37 0x1daf34e7578 0xa1e 0x200007 0x1e2c 0x20 0xa2e 0x2a0005 0x0 0x0 0x1daf2698da0 0x1e2c 0x0 0x0 0x2d0002 0x1e2c 0x0 0x0 0x0 0x0 0x0 0x0 0x9 0x2 0xffffffffffffffff 0xffffffffffffffff oops 6 9 org/jetbrains/kotlin/types/TypeSubstitutor 16 org/jetbrains/kotlin/types/IndexedParametersSubstitution 18 org/jetbrains/kotlin/types/TypeConstructorSubstitution$Companion$createByConstructorsMap$1 27 org/jetbrains/kotlin/types/IndexedParametersSubstitution 29 org/jetbrains/kotlin/types/TypeConstructorSubstitution$Companion$createByConstructorsMap$1 38 org/jetbrains/kotlin/types/IndexedParametersSubstitution methods 0
ciMethodData org/jetbrains/kotlin/types/FlexibleTypeWithEnhancement getDelegate ()Lorg/jetbrains/kotlin/types/SimpleType; 2 10257 orig 80 0 0 0 0 0 0 0 0 0 0 0 0 255 127 0 0 0 0 0 0 0 0 0 0 0 0 0 0 0 0 0 0 0 0 0 0 0 0 0 0 0 0 0 0 0 0 0 0 0 0 0 0 0 0 0 0 0 0 0 0 0 0 0 0 0 0 0 0 0 0 0 0 0 0 0 0 0 0 0 0 data 23 0x10005 0x2811 0x0 0x0 0x0 0x0 0x0 0x40005 0x0 0x0 0x1daf2698c40 0x2811 0x0 0x0 0x0 0x0 0x0 0x0 0x0 0x0 0x9 0x1 0x0 oops 1 10 org/jetbrains/kotlin/types/FlexibleTypeImpl methods 0
ciMethodData org/jetbrains/kotlin/util/OneElementArrayMap get (I)Ljava/lang/Object; 2 5063 orig 80 0 0 0 0 0 0 0 0 0 0 0 0 255 127 0 0 0 0 0 0 0 0 0 0 0 0 0 0 0 0 0 0 0 0 0 0 0 0 0 0 0 0 0 0 0 0 0 0 0 0 0 0 0 0 0 0 0 0 0 0 0 0 0 0 0 0 0 0 0 0 0 0 0 0 0 0 0 0 0 0 data 15 0x50007 0x0 0x38 0x13c7 0xc0003 0x13c7 0x18 0x0 0x0 0x0 0x0 0x9 0x2 0x0 0x0 oops 0 methods 0
ciMethodData org/jetbrains/kotlin/descriptors/annotations/CompositeAnnotations isEmpty ()Z 2 8210 orig 80 0 0 0 0 0 0 0 0 0 0 0 0 255 127 0 0 0 0 0 0 0 0 0 0 0 0 0 0 0 0 0 0 0 0 0 0 0 0 0 0 0 0 0 0 0 0 0 0 0 0 0 0 0 0 0 0 0 0 0 0 0 0 0 0 0 0 0 0 0 0 0 0 0 0 0 0 0 0 0 0 data 94 0x40004 0x0 0x0 0x1daf2121288 0x2012 0x0 0x0 0xb0004 0x0 0x0 0x1daf2121288 0x2012 0x0 0x0 0xe0007 0x0 0xc8 0x2012 0x120004 0x0 0x0 0x1daf2121288 0x2012 0x0 0x0 0x150005 0x0 0x0 0x1daf2121288 0x2012 0x0 0x0 0x1a0007 0x2012 0x38 0x0 0x1e0003 0x0 0x188 0x220005 0x0 0x0 0x1daf2121288 0x2012 0x0 0x0 0x290005 0x0 0x0 0x1daf4ac25e8 0x4024 0x0 0x0 0x2e0007 0x0 0x100 0x4024 0x320005 0x0 0x0 0x1daf4ac25e8 0x4024 0x0 0x0 0x3b0004 0x0 0x0 0x1daf2698fb0 0x2012 0x1daf4ac2698 0x133e 0x450005 0xcd4 0x0 0x1daf2698fb0 0x2012 0x1daf4ac2698 0x133e 0x4a0007 0x2012 0xffffffffffffff00 0x2012 0x4e0003 0x2012 0x18 0x0 0x0 0x0 0x0 0x0 0x0 0x9 0x1 0x0 oops 11 3 java/util/ArrayList 10 java/util/ArrayList 21 java/util/ArrayList 28 java/util/ArrayList 42 java/util/ArrayList 49 java/util/ArrayList$Itr 60 java/util/ArrayList$Itr 67 org/jetbrains/kotlin/descriptors/annotations/Annotations$Companion$EMPTY$1 69 org/jetbrains/kotlin/load/java/typeEnhancement/EnhancedTypeAnnotations 74 org/jetbrains/kotlin/descriptors/annotations/Annotations$Companion$EMPTY$1 76 org/jetbrains/kotlin/load/java/typeEnhancement/EnhancedTypeAnnotations methods 0
ciMethodData org/jetbrains/kotlin/types/FlexibleTypeWithEnhancement getOrigin ()Lorg/jetbrains/kotlin/types/UnwrappedType; 1 712 orig 80 0 0 0 0 0 0 0 0 0 0 0 0 255 127 0 0 0 0 0 0 0 0 0 0 0 0 0 0 0 0 0 0 0 0 0 0 0 0 0 0 0 0 0 0 0 0 0 0 0 0 0 0 0 0 0 0 0 0 0 0 0 0 0 0 0 0 0 0 0 0 0 0 0 0 0 0 0 0 0 0 data 23 0x10005 0x2c8 0x0 0x0 0x0 0x0 0x0 0x40004 0x0 0x0 0x0 0x0 0x0 0x0 0x0 0x0 0x0 0x0 0x0 0x0 0x9 0x1 0x0 oops 0 methods 0
ciMethod org/jetbrains/kotlin/types/checker/NewCapturedTypeConstructor getProjection ()Lorg/jetbrains/kotlin/types/TypeProjection; 0 0 1 0 -1
compile org/jetbrains/kotlin/types/TypeSubstitutor unsafeSubstitute (Lorg/jetbrains/kotlin/types/TypeProjection;Lorg/jetbrains/kotlin/descriptors/TypeParameterDescriptor;I)Lorg/jetbrains/kotlin/types/TypeProjection; -1 4 inline 282 0 -1 0 org/jetbrains/kotlin/types/TypeSubstitutor unsafeSubstitute (Lorg/jetbrains/kotlin/types/TypeProjection;Lorg/jetbrains/kotlin/descriptors/TypeParameterDescriptor;I)Lorg/jetbrains/kotlin/types/TypeProjection; 1 15 0 org/jetbrains/kotlin/types/TypeSubstitutor assertRecursionDepth (ILorg/jetbrains/kotlin/types/TypeProjection;Lorg/jetbrains/kotlin/types/TypeSubstitution;)V 1 19 0 org/jetbrains/kotlin/types/TypeProjectionImpl isStarProjection ()Z 1 39 0 org/jetbrains/kotlin/types/TypeProjectionImpl getType ()Lorg/jetbrains/kotlin/types/KotlinType; 1 59 0 org/jetbrains/kotlin/types/FlexibleTypeWithEnhancement getOrigin ()Lorg/jetbrains/kotlin/types/UnwrappedType; 2 1 0 org/jetbrains/kotlin/types/FlexibleTypeWithEnhancement getOrigin ()Lorg/jetbrains/kotlin/types/FlexibleType; 1 71 0 org/jetbrains/kotlin/types/FlexibleTypeWithEnhancement getEnhancement ()Lorg/jetbrains/kotlin/types/KotlinType; 1 84 0 org/jetbrains/kotlin/types/TypeProjectionImpl getProjectionKind ()Lorg/jetbrains/kotlin/types/Variance; 1 91 0 org/jetbrains/kotlin/types/TypeProjectionImpl <init> (Lorg/jetbrains/kotlin/types/Variance;Lorg/jetbrains/kotlin/types/KotlinType;)V 2 17 0 org/jetbrains/kotlin/types/TypeProjectionBase <init> ()V 3 1 0 java/lang/Object <init> ()V 1 105 0 org/jetbrains/kotlin/types/TypeProjectionImpl isStarProjection ()Z 1 129 0 org/jetbrains/kotlin/types/TypeProjectionImpl getProjectionKind ()Lorg/jetbrains/kotlin/types/Variance; 1 141 0 org/jetbrains/kotlin/types/TypeProjectionImpl getType ()Lorg/jetbrains/kotlin/types/KotlinType; 1 146 0 org/jetbrains/kotlin/types/UnwrappedType unwrap ()Lorg/jetbrains/kotlin/types/UnwrappedType; 1 162 0 org/jetbrains/kotlin/types/TypeProjectionImpl getProjectionKind ()Lorg/jetbrains/kotlin/types/Variance; 1 169 0 org/jetbrains/kotlin/types/TypeProjectionImpl <init> (Lorg/jetbrains/kotlin/types/Variance;Lorg/jetbrains/kotlin/types/KotlinType;)V 2 17 0 org/jetbrains/kotlin/types/TypeProjectionBase <init> ()V 3 1 0 java/lang/Object <init> ()V 1 175 0 org/jetbrains/kotlin/types/DynamicTypesKt isDynamic (Lorg/jetbrains/kotlin/types/KotlinType;)Z 2 3 0 kotlin/jvm/internal/Intrinsics checkNotNullParameter (Ljava/lang/Object;Ljava/lang/String;)V 1 209 0 org/jetbrains/kotlin/types/IndexedParametersSubstitution get (Lorg/jetbrains/kotlin/types/KotlinType;)Lorg/jetbrains/kotlin/types/TypeProjection; 2 3 0 kotlin/jvm/internal/Intrinsics checkNotNullParameter (Ljava/lang/Object;Ljava/lang/String;)V 2 43 0 org/jetbrains/kotlin/descriptors/impl/AbstractTypeParameterDescriptor getIndex ()I 2 64 0 org/jetbrains/kotlin/descriptors/impl/AbstractTypeParameterDescriptor getTypeConstructor ()Lorg/jetbrains/kotlin/types/TypeConstructor; 3 4 0 org/jetbrains/kotlin/storage/LockBasedStorageManager$LockBasedNotNullLazyValue invoke ()Ljava/lang/Object; 4 1 0 org/jetbrains/kotlin/storage/LockBasedStorageManager$LockBasedLazyValue invoke ()Ljava/lang/Object; 5 13 0 org/jetbrains/kotlin/utils/WrappedValues unescapeThrowable (Ljava/lang/Object;)Ljava/lang/Object; 5 24 0 org/jetbrains/kotlin/storage/DefaultSimpleLock lock ()V 5 164 0 org/jetbrains/kotlin/storage/LockBasedStorageManager$LockBasedLazyValue postCompute (Ljava/lang/Object;)V 5 181 0 org/jetbrains/kotlin/storage/DefaultSimpleLock unlock ()V 2 70 0 org/jetbrains/kotlin/descriptors/impl/AbstractTypeParameterDescriptor getTypeConstructor ()Lorg/jetbrains/kotlin/types/TypeConstructor; 3 4 0 org/jetbrains/kotlin/storage/LockBasedStorageManager$LockBasedNotNullLazyValue invoke ()Ljava/lang/Object; 4 1 0 org/jetbrains/kotlin/storage/LockBasedStorageManager$LockBasedLazyValue invoke ()Ljava/lang/Object; 5 13 0 org/jetbrains/kotlin/utils/WrappedValues unescapeThrowable (Ljava/lang/Object;)Ljava/lang/Object; 5 24 0 org/jetbrains/kotlin/storage/DefaultSimpleLock lock ()V 5 164 0 org/jetbrains/kotlin/storage/LockBasedStorageManager$LockBasedLazyValue postCompute (Ljava/lang/Object;)V 5 181 0 org/jetbrains/kotlin/storage/DefaultSimpleLock unlock ()V 2 75 0 kotlin/jvm/internal/Intrinsics areEqual (Ljava/lang/Object;Ljava/lang/Object;)Z 3 18 0 org/jetbrains/kotlin/types/ClassifierBasedTypeConstructor equals (Ljava/lang/Object;)Z 4 17 0 org/jetbrains/kotlin/types/ClassifierBasedTypeConstructor hashCode ()I 5 12 0 org/jetbrains/kotlin/descriptors/impl/AbstractTypeParameterDescriptor$TypeParameterTypeConstructor getDeclarationDescriptor ()Lorg/jetbrains/kotlin/descriptors/ClassifierDescriptor; 5 18 0 org/jetbrains/kotlin/types/ClassifierBasedTypeConstructor hasMeaningfulFqName (Lorg/jetbrains/kotlin/descriptors/ClassifierDescriptor;)Z 4 21 0 org/jetbrains/kotlin/types/ClassifierBasedTypeConstructor hashCode ()I 5 12 0 org/jetbrains/kotlin/descriptors/impl/AbstractTypeParameterDescriptor$TypeParameterTypeConstructor getDeclarationDescriptor ()Lorg/jetbrains/kotlin/descriptors/ClassifierDescriptor; 5 18 0 org/jetbrains/kotlin/types/ClassifierBasedTypeConstructor hasMeaningfulFqName (Lorg/jetbrains/kotlin/descriptors/ClassifierDescriptor;)Z 4 38 0 kotlin/collections/EmptyList size ()I 5 1 0 kotlin/collections/EmptyList getSize ()I 4 47 0 kotlin/collections/EmptyList size ()I 5 1 0 kotlin/collections/EmptyList getSize ()I 1 235 0 org/jetbrains/kotlin/types/TypeProjectionImpl getProjectionKind ()Lorg/jetbrains/kotlin/types/Variance; 1 249 0 org/jetbrains/kotlin/types/FlexibleTypesKt isFlexible (Lorg/jetbrains/kotlin/types/KotlinType;)Z 2 3 0 kotlin/jvm/internal/Intrinsics checkNotNullParameter (Ljava/lang/Object;Ljava/lang/String;)V 1 265 0 org/jetbrains/kotlin/types/FlexibleTypesKt asFlexibleType (Lorg/jetbrains/kotlin/types/KotlinType;)Lorg/jetbrains/kotlin/types/FlexibleType; 2 3 0 kotlin/jvm/internal/Intrinsics checkNotNullParameter (Ljava/lang/Object;Ljava/lang/String;)V 2 7 0 org/jetbrains/kotlin/types/UnwrappedType unwrap ()Lorg/jetbrains/kotlin/types/UnwrappedType; 2 13 0 kotlin/jvm/internal/Intrinsics checkNotNull (Ljava/lang/Object;Ljava/lang/String;)V 1 279 0 org/jetbrains/kotlin/types/FlexibleType getLowerBound ()Lorg/jetbrains/kotlin/types/SimpleType; 1 282 0 org/jetbrains/kotlin/types/TypeProjectionImpl <init> (Lorg/jetbrains/kotlin/types/Variance;Lorg/jetbrains/kotlin/types/KotlinType;)V 2 17 0 org/jetbrains/kotlin/types/TypeProjectionBase <init> ()V 3 1 0 java/lang/Object <init> ()V 1 303 0 org/jetbrains/kotlin/types/FlexibleType getUpperBound ()Lorg/jetbrains/kotlin/types/SimpleType; 1 306 0 org/jetbrains/kotlin/types/TypeProjectionImpl <init> (Lorg/jetbrains/kotlin/types/Variance;Lorg/jetbrains/kotlin/types/KotlinType;)V 2 17 0 org/jetbrains/kotlin/types/TypeProjectionBase <init> ()V 3 1 0 java/lang/Object <init> ()V 1 320 0 org/jetbrains/kotlin/types/TypeProjectionImpl getProjectionKind ()Lorg/jetbrains/kotlin/types/Variance; 1 402 0 org/jetbrains/kotlin/types/TypeProjectionImpl getType ()Lorg/jetbrains/kotlin/types/KotlinType; 1 409 0 org/jetbrains/kotlin/types/FlexibleType getLowerBound ()Lorg/jetbrains/kotlin/types/SimpleType; 1 417 0 org/jetbrains/kotlin/types/TypeProjectionImpl getType ()Lorg/jetbrains/kotlin/types/KotlinType; 1 424 0 org/jetbrains/kotlin/types/FlexibleType getUpperBound ()Lorg/jetbrains/kotlin/types/SimpleType; 1 480 0 org/jetbrains/kotlin/builtins/KotlinBuiltIns isNothing (Lorg/jetbrains/kotlin/types/KotlinType;)Z 2 11 0 org/jetbrains/kotlin/builtins/KotlinBuiltIns isNothingOrNullableNothing (Lorg/jetbrains/kotlin/types/KotlinType;)Z 3 14 0 org/jetbrains/kotlin/builtins/KotlinBuiltIns isConstructedFromGivenClass (Lorg/jetbrains/kotlin/types/KotlinType;Lorg/jetbrains/kotlin/name/FqNameUnsafe;)Z 4 23 0 org/jetbrains/kotlin/builtins/KotlinBuiltIns isTypeConstructorForGivenClass (Lorg/jetbrains/kotlin/types/TypeConstructor;Lorg/jetbrains/kotlin/name/FqNameUnsafe;)Z 5 34 0 org/jetbrains/kotlin/builtins/KotlinBuiltIns classFqNameEquals (Lorg/jetbrains/kotlin/descriptors/ClassifierDescriptor;Lorg/jetbrains/kotlin/name/FqNameUnsafe;)Z 6 25 0 org/jetbrains/kotlin/name/FqNameUnsafe shortName ()Lorg/jetbrains/kotlin/name/Name; 7 22 0 org/jetbrains/kotlin/name/FqNameUnsafe isRoot ()Z 8 4 0 java/lang/String isEmpty ()Z 6 28 0 org/jetbrains/kotlin/name/Name equals (Ljava/lang/Object;)Z 7 42 0 java/lang/String equals (Ljava/lang/Object;)Z 1 488 0 org/jetbrains/kotlin/types/KotlinTypeKt isError (Lorg/jetbrains/kotlin/types/KotlinType;)Z 2 3 0 kotlin/jvm/internal/Intrinsics checkNotNullParameter (Ljava/lang/Object;Ljava/lang/String;)V 2 31 0 org/jetbrains/kotlin/types/FlexibleTypeWithEnhancement getDelegate ()Lorg/jetbrains/kotlin/types/SimpleType; 3 1 0 org/jetbrains/kotlin/types/FlexibleTypeWithEnhancement getOrigin ()Lorg/jetbrains/kotlin/types/FlexibleType; 3 4 0 org/jetbrains/kotlin/types/FlexibleTypeImpl getDelegate ()Lorg/jetbrains/kotlin/types/SimpleType; 4 1 0 org/jetbrains/kotlin/types/FlexibleTypeImpl runAssertions ()V 4 5 0 org/jetbrains/kotlin/types/FlexibleType getLowerBound ()Lorg/jetbrains/kotlin/types/SimpleType; 2 31 0 org/jetbrains/kotlin/types/FlexibleTypeImpl getDelegate ()Lorg/jetbrains/kotlin/types/SimpleType; 3 1 0 org/jetbrains/kotlin/types/FlexibleTypeImpl runAssertions ()V 3 5 0 org/jetbrains/kotlin/types/FlexibleType getLowerBound ()Lorg/jetbrains/kotlin/types/SimpleType; 1 514 0 org/jetbrains/kotlin/types/TypeProjectionImpl getProjectionKind ()Lorg/jetbrains/kotlin/types/Variance; 1 526 0 org/jetbrains/kotlin/resolve/calls/inference/CapturedTypeConstructorKt isCaptured (Lorg/jetbrains/kotlin/types/KotlinType;)Z 2 3 0 kotlin/jvm/internal/Intrinsics checkNotNullParameter (Ljava/lang/Object;Ljava/lang/String;)V 1 541 0 java/lang/Enum ordinal ()I 1 616 0 org/jetbrains/kotlin/types/TypeProjectionImpl isStarProjection ()Z 1 662 0 org/jetbrains/kotlin/types/TypeProjectionImpl getType ()Lorg/jetbrains/kotlin/types/KotlinType; 1 669 0 org/jetbrains/kotlin/types/SimpleTypeImpl isMarkedNullable ()Z 1 669 0 org/jetbrains/kotlin/types/DelegatingSimpleType isMarkedNullable ()Z 2 1 0 org/jetbrains/kotlin/types/DelegatingSimpleTypeImpl getDelegate ()Lorg/jetbrains/kotlin/types/SimpleType; 2 4 0 org/jetbrains/kotlin/types/SimpleTypeImpl isMarkedNullable ()Z 2 4 0 org/jetbrains/kotlin/types/NullableSimpleType isMarkedNullable ()Z 1 672 0 org/jetbrains/kotlin/types/TypeUtils makeNullableIfNeeded (Lorg/jetbrains/kotlin/types/KotlinType;Z)Lorg/jetbrains/kotlin/types/KotlinType; 2 14 0 org/jetbrains/kotlin/types/TypeUtils makeNullable (Lorg/jetbrains/kotlin/types/KotlinType;)Lorg/jetbrains/kotlin/types/KotlinType; 3 10 0 org/jetbrains/kotlin/types/TypeUtils makeNullableAsSpecified (Lorg/jetbrains/kotlin/types/KotlinType;Z)Lorg/jetbrains/kotlin/types/KotlinType; 4 9 0 org/jetbrains/kotlin/types/UnwrappedType unwrap ()Lorg/jetbrains/kotlin/types/UnwrappedType; 4 13 0 org/jetbrains/kotlin/types/SimpleTypeImpl makeNullableAsSpecified (Z)Lorg/jetbrains/kotlin/types/UnwrappedType; 5 2 0 org/jetbrains/kotlin/types/SimpleTypeImpl makeNullableAsSpecified (Z)Lorg/jetbrains/kotlin/types/SimpleType; 6 3 0 org/jetbrains/kotlin/types/SimpleTypeImpl isMarkedNullable ()Z 6 28 0 org/jetbrains/kotlin/types/NullableSimpleType <init> (Lorg/jetbrains/kotlin/types/SimpleType;)V 7 3 0 kotlin/jvm/internal/Intrinsics checkNotNullParameter (Ljava/lang/Object;Ljava/lang/String;)V 7 8 0 org/jetbrains/kotlin/types/DelegatingSimpleTypeImpl <init> (Lorg/jetbrains/kotlin/types/SimpleType;)V 8 3 0 kotlin/jvm/internal/Intrinsics checkNotNullParameter (Ljava/lang/Object;Ljava/lang/String;)V 8 7 0 org/jetbrains/kotlin/types/DelegatingSimpleType <init> ()V 9 1 0 org/jetbrains/kotlin/types/SimpleType <init> ()V 10 2 0 org/jetbrains/kotlin/types/UnwrappedType <init> (Lkotlin/jvm/internal/DefaultConstructorMarker;)V 11 1 0 org/jetbrains/kotlin/types/UnwrappedType <init> ()V 12 2 0 org/jetbrains/kotlin/types/KotlinType <init> (Lkotlin/jvm/internal/DefaultConstructorMarker;)V 13 1 0 org/jetbrains/kotlin/types/KotlinType <init> ()V 14 1 0 java/lang/Object <init> ()V 4 13 0 org/jetbrains/kotlin/types/AbbreviatedType makeNullableAsSpecified (Z)Lorg/jetbrains/kotlin/types/UnwrappedType; 1 679 0 org/jetbrains/kotlin/types/KotlinType getAnnotations ()Lorg/jetbrains/kotlin/descriptors/annotations/Annotations; 2 4 0 org/jetbrains/kotlin/types/AnnotationsTypeAttributeKt getAnnotations (Lorg/jetbrains/kotlin/types/TypeAttributes;)Lorg/jetbrains/kotlin/descriptors/annotations/Annotations; 3 3 0 kotlin/jvm/internal/Intrinsics checkNotNullParameter (Ljava/lang/Object;Ljava/lang/String;)V 3 7 0 org/jetbrains/kotlin/types/AnnotationsTypeAttributeKt getAnnotationsAttribute (Lorg/jetbrains/kotlin/types/TypeAttributes;)Lorg/jetbrains/kotlin/types/AnnotationsTypeAttribute; 4 3 0 kotlin/jvm/internal/Intrinsics checkNotNullParameter (Ljava/lang/Object;Ljava/lang/String;)V 4 15 0 org/jetbrains/kotlin/util/NullableArrayMapAccessor getValue (Ljava/lang/Object;Lkotlin/reflect/KProperty;)Ljava/lang/Object; 5 6 0 org/jetbrains/kotlin/util/NullableArrayMapAccessor getValue (Lorg/jetbrains/kotlin/util/AbstractArrayMapOwner;Lkotlin/reflect/KProperty;)Ljava/lang/Object; 6 3 0 kotlin/jvm/internal/Intrinsics checkNotNullParameter (Ljava/lang/Object;Ljava/lang/String;)V 6 9 0 kotlin/jvm/internal/Intrinsics checkNotNullParameter (Ljava/lang/Object;Ljava/lang/String;)V 6 14 0 org/jetbrains/kotlin/util/AbstractArrayMapOwner$AbstractArrayMapAccessor extractValue (Lorg/jetbrains/kotlin/util/AbstractArrayMapOwner;)Ljava/lang/Object; 7 3 0 kotlin/jvm/internal/Intrinsics checkNotNullParameter (Ljava/lang/Object;Ljava/lang/String;)V 7 7 0 org/jetbrains/kotlin/util/AttributeArrayOwner getArrayMap ()Lorg/jetbrains/kotlin/util/ArrayMap; 7 14 0 org/jetbrains/kotlin/util/EmptyArrayMap get (I)Ljava/lang/Object; 8 2 0 org/jetbrains/kotlin/util/EmptyArrayMap get (I)Ljava/lang/Void; 7 14 0 org/jetbrains/kotlin/util/OneElementArrayMap get (I)Ljava/lang/Object; 3 14 0 org/jetbrains/kotlin/types/AnnotationsTypeAttribute getAnnotations ()Lorg/jetbrains/kotlin/descriptors/annotations/Annotations; 3 25 0 org/jetbrains/kotlin/descriptors/annotations/Annotations$Companion getEMPTY ()Lorg/jetbrains/kotlin/descriptors/annotations/Annotations; 1 682 0 org/jetbrains/kotlin/descriptors/annotations/Annotations$Companion$EMPTY$1 isEmpty ()Z 1 696 0 org/jetbrains/kotlin/types/KotlinType getAnnotations ()Lorg/jetbrains/kotlin/descriptors/annotations/Annotations; 2 1 0 org/jetbrains/kotlin/types/SimpleTypeWithAttributes getAttributes ()Lorg/jetbrains/kotlin/types/TypeAttributes; 2 4 0 org/jetbrains/kotlin/types/AnnotationsTypeAttributeKt getAnnotations (Lorg/jetbrains/kotlin/types/TypeAttributes;)Lorg/jetbrains/kotlin/descriptors/annotations/Annotations; 3 3 0 kotlin/jvm/internal/Intrinsics checkNotNullParameter (Ljava/lang/Object;Ljava/lang/String;)V 3 7 0 org/jetbrains/kotlin/types/AnnotationsTypeAttributeKt getAnnotationsAttribute (Lorg/jetbrains/kotlin/types/TypeAttributes;)Lorg/jetbrains/kotlin/types/AnnotationsTypeAttribute; 4 3 0 kotlin/jvm/internal/Intrinsics checkNotNullParameter (Ljava/lang/Object;Ljava/lang/String;)V 4 15 0 org/jetbrains/kotlin/util/NullableArrayMapAccessor getValue (Ljava/lang/Object;Lkotlin/reflect/KProperty;)Ljava/lang/Object; 5 6 0 org/jetbrains/kotlin/util/NullableArrayMapAccessor getValue (Lorg/jetbrains/kotlin/util/AbstractArrayMapOwner;Lkotlin/reflect/KProperty;)Ljava/lang/Object; 6 3 0 kotlin/jvm/internal/Intrinsics checkNotNullParameter (Ljava/lang/Object;Ljava/lang/String;)V 6 9 0 kotlin/jvm/internal/Intrinsics checkNotNullParameter (Ljava/lang/Object;Ljava/lang/String;)V 6 14 0 org/jetbrains/kotlin/util/AbstractArrayMapOwner$AbstractArrayMapAccessor extractValue (Lorg/jetbrains/kotlin/util/AbstractArrayMapOwner;)Ljava/lang/Object; 7 3 0 kotlin/jvm/internal/Intrinsics checkNotNullParameter (Ljava/lang/Object;Ljava/lang/String;)V 7 7 0 org/jetbrains/kotlin/util/AttributeArrayOwner getArrayMap ()Lorg/jetbrains/kotlin/util/ArrayMap; 7 14 0 org/jetbrains/kotlin/util/EmptyArrayMap get (I)Ljava/lang/Object; 8 2 0 org/jetbrains/kotlin/util/EmptyArrayMap get (I)Ljava/lang/Void; 7 14 0 org/jetbrains/kotlin/util/OneElementArrayMap get (I)Ljava/lang/Object; 3 14 0 org/jetbrains/kotlin/types/AnnotationsTypeAttribute getAnnotations ()Lorg/jetbrains/kotlin/descriptors/annotations/Annotations; 3 25 0 org/jetbrains/kotlin/descriptors/annotations/Annotations$Companion getEMPTY ()Lorg/jetbrains/kotlin/descriptors/annotations/Annotations; 1 699 0 org/jetbrains/kotlin/types/TypeSubstitution filterAnnotations (Lorg/jetbrains/kotlin/descriptors/annotations/Annotations;)Lorg/jetbrains/kotlin/descriptors/annotations/Annotations; 2 3 0 kotlin/jvm/internal/Intrinsics checkNotNullParameter (Ljava/lang/Object;Ljava/lang/String;)V 1 721 0 org/jetbrains/kotlin/types/KotlinType getAnnotations ()Lorg/jetbrains/kotlin/descriptors/annotations/Annotations; 2 1 0 org/jetbrains/kotlin/types/DelegatingSimpleType getAttributes ()Lorg/jetbrains/kotlin/types/TypeAttributes; 3 1 0 org/jetbrains/kotlin/types/DelegatingSimpleTypeImpl getDelegate ()Lorg/jetbrains/kotlin/types/SimpleType; 2 4 0 org/jetbrains/kotlin/types/AnnotationsTypeAttributeKt getAnnotations (Lorg/jetbrains/kotlin/types/TypeAttributes;)Lorg/jetbrains/kotlin/descriptors/annotations/Annotations; 3 3 0 kotlin/jvm/internal/Intrinsics checkNotNullParameter (Ljava/lang/Object;Ljava/lang/String;)V 3 7 0 org/jetbrains/kotlin/types/AnnotationsTypeAttributeKt getAnnotationsAttribute (Lorg/jetbrains/kotlin/types/TypeAttributes;)Lorg/jetbrains/kotlin/types/AnnotationsTypeAttribute; 4 3 0 kotlin/jvm/internal/Intrinsics checkNotNullParameter (Ljava/lang/Object;Ljava/lang/String;)V 4 15 0 org/jetbrains/kotlin/util/NullableArrayMapAccessor getValue (Ljava/lang/Object;Lkotlin/reflect/KProperty;)Ljava/lang/Object; 5 6 0 org/jetbrains/kotlin/util/NullableArrayMapAccessor getValue (Lorg/jetbrains/kotlin/util/AbstractArrayMapOwner;Lkotlin/reflect/KProperty;)Ljava/lang/Object; 6 3 0 kotlin/jvm/internal/Intrinsics checkNotNullParameter (Ljava/lang/Object;Ljava/lang/String;)V 6 9 0 kotlin/jvm/internal/Intrinsics checkNotNullParameter (Ljava/lang/Object;Ljava/lang/String;)V 6 14 0 org/jetbrains/kotlin/util/AbstractArrayMapOwner$AbstractArrayMapAccessor extractValue (Lorg/jetbrains/kotlin/util/AbstractArrayMapOwner;)Ljava/lang/Object; 7 3 0 kotlin/jvm/internal/Intrinsics checkNotNullParameter (Ljava/lang/Object;Ljava/lang/String;)V 7 7 0 org/jetbrains/kotlin/util/AttributeArrayOwner getArrayMap ()Lorg/jetbrains/kotlin/util/ArrayMap; 7 14 0 org/jetbrains/kotlin/util/EmptyArrayMap get (I)Ljava/lang/Object; 8 2 0 org/jetbrains/kotlin/util/EmptyArrayMap get (I)Ljava/lang/Void; 7 14 0 org/jetbrains/kotlin/util/OneElementArrayMap get (I)Ljava/lang/Object; 3 14 0 org/jetbrains/kotlin/types/AnnotationsTypeAttribute getAnnotations ()Lorg/jetbrains/kotlin/descriptors/annotations/Annotations; 3 25 0 org/jetbrains/kotlin/descriptors/annotations/Annotations$Companion getEMPTY ()Lorg/jetbrains/kotlin/descriptors/annotations/Annotations; 1 730 0 org/jetbrains/kotlin/descriptors/annotations/CompositeAnnotations <init> ([Lorg/jetbrains/kotlin/descriptors/annotations/Annotations;)V 2 3 0 kotlin/jvm/internal/Intrinsics checkNotNullParameter (Ljava/lang/Object;Ljava/lang/String;)V 2 8 0 kotlin/collections/ArraysKt___ArraysKt toList ([Ljava/lang/Object;)Ljava/util/List; 3 3 0 kotlin/jvm/internal/Intrinsics checkNotNullParameter (Ljava/lang/Object;Ljava/lang/String;)V 3 48 0 kotlin/collections/ArraysKt___ArraysKt toMutableList ([Ljava/lang/Object;)Ljava/util/List; 4 3 0 kotlin/jvm/internal/Intrinsics checkNotNullParameter (Ljava/lang/Object;Ljava/lang/String;)V 4 11 0 kotlin/collections/CollectionsKt__CollectionsKt asCollection ([Ljava/lang/Object;)Ljava/util/Collection; 5 3 0 kotlin/jvm/internal/Intrinsics checkNotNullParameter (Ljava/lang/Object;Ljava/lang/String;)V 5 12 0 kotlin/collections/ArrayAsCollection <init> ([Ljava/lang/Object;Z)V 6 3 0 kotlin/jvm/internal/Intrinsics checkNotNullParameter (Ljava/lang/Object;Ljava/lang/String;)V 6 7 0 java/lang/Object <init> ()V 4 14 0 java/util/ArrayList <init> (Ljava/util/Collection;)V 5 1 0 java/util/AbstractList <init> ()V 6 1 0 java/util/AbstractCollection <init> ()V 7 1 0 java/lang/Object <init> ()V 5 5 0 kotlin/collections/ArrayAsCollection toArray ()[Ljava/lang/Object; 6 8 0 kotlin/collections/CollectionsKt__CollectionsJVMKt copyToArrayOfAny ([Ljava/lang/Object;Z)[Ljava/lang/Object; 7 3 0 kotlin/jvm/internal/Intrinsics checkNotNullParameter (Ljava/lang/Object;Ljava/lang/String;)V 7 37 0 kotlin/jvm/internal/Intrinsics checkNotNullExpressionValue (Ljava/lang/Object;Ljava/lang/String;)V 2 11 0 org/jetbrains/kotlin/descriptors/annotations/CompositeAnnotations <init> (Ljava/util/List;)V 3 3 0 kotlin/jvm/internal/Intrinsics checkNotNullParameter (Ljava/lang/Object;Ljava/lang/String;)V 3 7 0 java/lang/Object <init> ()V 1 750 0 org/jetbrains/kotlin/types/TypeProjectionImpl getProjectionKind ()Lorg/jetbrains/kotlin/types/Variance; 1 773 0 org/jetbrains/kotlin/types/TypeProjectionImpl <init> (Lorg/jetbrains/kotlin/types/Variance;Lorg/jetbrains/kotlin/types/KotlinType;)V 2 17 0 org/jetbrains/kotlin/types/TypeProjectionBase <init> ()V 3 1 0 java/lang/Object <init> ()V 1 780 0 org/jetbrains/kotlin/types/TypeSubstitutor substituteCompoundType (Lorg/jetbrains/kotlin/types/TypeProjection;I)Lorg/jetbrains/kotlin/types/TypeProjection; 2 1 0 org/jetbrains/kotlin/types/TypeProjectionImpl getType ()Lorg/jetbrains/kotlin/types/KotlinType; 2 8 0 org/jetbrains/kotlin/types/TypeProjectionImpl getProjectionKind ()Lorg/jetbrains/kotlin/types/Variance; 2 19 0 org/jetbrains/kotlin/serialization/deserialization/descriptors/DeserializedClassDescriptor$DeserializedClassTypeConstructor getDeclarationDescriptor ()Lorg/jetbrains/kotlin/descriptors/ClassifierDescriptor; 3 1 0 org/jetbrains/kotlin/serialization/deserialization/descriptors/DeserializedClassDescriptor$DeserializedClassTypeConstructor getDeclarationDescriptor ()Lorg/jetbrains/kotlin/serialization/deserialization/descriptors/DeserializedClassDescriptor; 2 19 0 org/jetbrains/kotlin/load/java/lazy/descriptors/LazyJavaClassDescriptor$LazyJavaClassTypeConstructor getDeclarationDescriptor ()Lorg/jetbrains/kotlin/descriptors/ClassifierDescriptor; 3 1 0 org/jetbrains/kotlin/load/java/lazy/descriptors/LazyJavaClassDescriptor$LazyJavaClassTypeConstructor getDeclarationDescriptor ()Lorg/jetbrains/kotlin/descriptors/ClassDescriptor; 2 36 0 org/jetbrains/kotlin/types/SpecialTypesKt getAbbreviation (Lorg/jetbrains/kotlin/types/KotlinType;)Lorg/jetbrains/kotlin/types/SimpleType; 3 3 0 kotlin/jvm/internal/Intrinsics checkNotNullParameter (Ljava/lang/Object;Ljava/lang/String;)V 3 7 0 org/jetbrains/kotlin/types/SpecialTypesKt getAbbreviatedType (Lorg/jetbrains/kotlin/types/KotlinType;)Lorg/jetbrains/kotlin/types/AbbreviatedType; 4 3 0 kotlin/jvm/internal/Intrinsics checkNotNullParameter (Ljava/lang/Object;Ljava/lang/String;)V 2 69 0 org/jetbrains/kotlin/serialization/deserialization/descriptors/DeserializedClassDescriptor$DeserializedClassTypeConstructor getParameters ()Ljava/util/List; 3 4 0 org/jetbrains/kotlin/storage/LockBasedStorageManager$LockBasedNotNullLazyValue invoke ()Ljava/lang/Object; 4 1 0 org/jetbrains/kotlin/storage/LockBasedStorageManager$LockBasedLazyValue invoke ()Ljava/lang/Object; 5 13 0 org/jetbrains/kotlin/utils/WrappedValues unescapeThrowable (Ljava/lang/Object;)Ljava/lang/Object; 5 24 0 org/jetbrains/kotlin/storage/DefaultSimpleLock lock ()V 5 164 0 org/jetbrains/kotlin/storage/LockBasedStorageManager$LockBasedLazyValue postCompute (Ljava/lang/Object;)V 5 181 0 org/jetbrains/kotlin/storage/DefaultSimpleLock unlock ()V 2 69 0 org/jetbrains/kotlin/load/java/lazy/descriptors/LazyJavaClassDescriptor$LazyJavaClassTypeConstructor getParameters ()Ljava/util/List; 3 4 0 org/jetbrains/kotlin/storage/LockBasedStorageManager$LockBasedNotNullLazyValue invoke ()Ljava/lang/Object; 4 1 0 org/jetbrains/kotlin/storage/LockBasedStorageManager$LockBasedLazyValue invoke ()Ljava/lang/Object; 5 13 0 org/jetbrains/kotlin/utils/WrappedValues unescapeThrowable (Ljava/lang/Object;)Ljava/lang/Object; 5 24 0 org/jetbrains/kotlin/storage/DefaultSimpleLock lock ()V 5 164 0 org/jetbrains/kotlin/storage/LockBasedStorageManager$LockBasedLazyValue postCompute (Ljava/lang/Object;)V 5 181 0 org/jetbrains/kotlin/storage/DefaultSimpleLock unlock ()V 2 79 0 org/jetbrains/kotlin/types/TypeSubstitutor substituteTypeArguments (Ljava/util/List;Ljava/util/List;I)Ljava/util/List; 3 10 0 java/util/ArrayList <init> (I)V 4 1 0 java/util/AbstractList <init> ()V 5 1 0 java/util/AbstractCollection <init> ()V 6 1 0 java/lang/Object <init> ()V 3 35 0 java/util/ArrayList get (I)Ljava/lang/Object; 4 5 0 java/util/Objects checkIndex (II)I 4 11 0 java/util/ArrayList elementData (I)Ljava/lang/Object; 3 76 0 org/jetbrains/kotlin/descriptors/impl/AbstractTypeParameterDescriptor getVariance ()Lorg/jetbrains/kotlin/types/Variance; 3 83 0 org/jetbrains/kotlin/types/TypeProjectionImpl getProjectionKind ()Lorg/jetbrains/kotlin/types/Variance; 3 91 0 java/lang/Enum ordinal ()I 3 122 0 org/jetbrains/kotlin/descriptors/impl/AbstractTypeParameterDescriptor getVariance ()Lorg/jetbrains/kotlin/types/Variance; 3 135 0 org/jetbrains/kotlin/types/TypeProjectionImpl isStarProjection ()Z 3 157 0 org/jetbrains/kotlin/types/TypeProjectionImpl <init> (Lorg/jetbrains/kotlin/types/Variance;Lorg/jetbrains/kotlin/types/KotlinType;)V 4 17 0 org/jetbrains/kotlin/types/TypeProjectionBase <init> ()V 5 1 0 java/lang/Object <init> ()V 3 186 0 java/util/ArrayList add (Ljava/lang/Object;)Z 4 20 0 java/util/ArrayList add (Ljava/lang/Object;[Ljava/lang/Object;I)V 5 7 0 java/util/ArrayList grow ()[Ljava/lang/Object; 6 7 0 java/util/ArrayList grow (I)[Ljava/lang/Object; 7 27 0 jdk/internal/util/ArraysSupport newLength (III)I 2 92 0 org/jetbrains/kotlin/types/KotlinType getAnnotations ()Lorg/jetbrains/kotlin/descriptors/annotations/Annotations; 3 4 0 org/jetbrains/kotlin/types/AnnotationsTypeAttributeKt getAnnotations (Lorg/jetbrains/kotlin/types/TypeAttributes;)Lorg/jetbrains/kotlin/descriptors/annotations/Annotations; 4 3 0 kotlin/jvm/internal/Intrinsics checkNotNullParameter (Ljava/lang/Object;Ljava/lang/String;)V 4 7 0 org/jetbrains/kotlin/types/AnnotationsTypeAttributeKt getAnnotationsAttribute (Lorg/jetbrains/kotlin/types/TypeAttributes;)Lorg/jetbrains/kotlin/types/AnnotationsTypeAttribute; 5 3 0 kotlin/jvm/internal/Intrinsics checkNotNullParameter (Ljava/lang/Object;Ljava/lang/String;)V 5 15 0 org/jetbrains/kotlin/util/NullableArrayMapAccessor getValue (Ljava/lang/Object;Lkotlin/reflect/KProperty;)Ljava/lang/Object; 6 6 0 org/jetbrains/kotlin/util/NullableArrayMapAccessor getValue (Lorg/jetbrains/kotlin/util/AbstractArrayMapOwner;Lkotlin/reflect/KProperty;)Ljava/lang/Object; 7 3 0 kotlin/jvm/internal/Intrinsics checkNotNullParameter (Ljava/lang/Object;Ljava/lang/String;)V 7 9 0 kotlin/jvm/internal/Intrinsics checkNotNullParameter (Ljava/lang/Object;Ljava/lang/String;)V 7 14 0 org/jetbrains/kotlin/util/AbstractArrayMapOwner$AbstractArrayMapAccessor extractValue (Lorg/jetbrains/kotlin/util/AbstractArrayMapOwner;)Ljava/lang/Object; 8 3 0 kotlin/jvm/internal/Intrinsics checkNotNullParameter (Ljava/lang/Object;Ljava/lang/String;)V 8 7 0 org/jetbrains/kotlin/util/AttributeArrayOwner getArrayMap ()Lorg/jetbrains/kotlin/util/ArrayMap; 8 14 0 org/jetbrains/kotlin/util/EmptyArrayMap get (I)Ljava/lang/Object; 9 2 0 org/jetbrains/kotlin/util/EmptyArrayMap get (I)Ljava/lang/Void; 8 14 0 org/jetbrains/kotlin/util/OneElementArrayMap get (I)Ljava/lang/Object; 4 14 0 org/jetbrains/kotlin/types/AnnotationsTypeAttribute getAnnotations ()Lorg/jetbrains/kotlin/descriptors/annotations/Annotations; 4 25 0 org/jetbrains/kotlin/descriptors/annotations/Annotations$Companion getEMPTY ()Lorg/jetbrains/kotlin/descriptors/annotations/Annotations; 2 95 0 org/jetbrains/kotlin/types/TypeSubstitution filterAnnotations (Lorg/jetbrains/kotlin/descriptors/annotations/Annotations;)Lorg/jetbrains/kotlin/descriptors/annotations/Annotations; 3 3 0 kotlin/jvm/internal/Intrinsics checkNotNullParameter (Ljava/lang/Object;Ljava/lang/String;)V 2 98 0 org/jetbrains/kotlin/types/TypeSubstitutionKt replace (Lorg/jetbrains/kotlin/types/KotlinType;Ljava/util/List;Lorg/jetbrains/kotlin/descriptors/annotations/Annotations;)Lorg/jetbrains/kotlin/types/KotlinType; 3 3 0 kotlin/jvm/internal/Intrinsics checkNotNullParameter (Ljava/lang/Object;Ljava/lang/String;)V 3 9 0 kotlin/jvm/internal/Intrinsics checkNotNullParameter (Ljava/lang/Object;Ljava/lang/String;)V 3 15 0 kotlin/jvm/internal/Intrinsics checkNotNullParameter (Ljava/lang/Object;Ljava/lang/String;)V 3 24 0 org/jetbrains/kotlin/types/TypeSubstitutionKt replace$default (Lorg/jetbrains/kotlin/types/KotlinType;Ljava/util/List;Lorg/jetbrains/kotlin/descriptors/annotations/Annotations;Ljava/util/List;ILjava/lang/Object;)Lorg/jetbrains/kotlin/types/KotlinType; 4 37 0 org/jetbrains/kotlin/types/TypeSubstitutionKt replace (Lorg/jetbrains/kotlin/types/KotlinType;Ljava/util/List;Lorg/jetbrains/kotlin/descriptors/annotations/Annotations;Ljava/util/List;)Lorg/jetbrains/kotlin/types/KotlinType; 5 3 0 kotlin/jvm/internal/Intrinsics checkNotNullParameter (Ljava/lang/Object;Ljava/lang/String;)V 5 9 0 kotlin/jvm/internal/Intrinsics checkNotNullParameter (Ljava/lang/Object;Ljava/lang/String;)V 5 15 0 kotlin/jvm/internal/Intrinsics checkNotNullParameter (Ljava/lang/Object;Ljava/lang/String;)V 5 21 0 kotlin/jvm/internal/Intrinsics checkNotNullParameter (Ljava/lang/Object;Ljava/lang/String;)V 5 25 0 kotlin/collections/EmptyList isEmpty ()Z 5 25 0 java/util/ArrayList isEmpty ()Z 5 35 0 org/jetbrains/kotlin/types/SimpleTypeImpl getArguments ()Ljava/util/List; 5 87 0 org/jetbrains/kotlin/types/UnwrappedType unwrap ()Lorg/jetbrains/kotlin/types/UnwrappedType;
